{
  "total_unique_pairs": 1527511,
  "total_db_rows": 3055022,
  "estimated_db_mb": 81.57788848876953,
  "lift_sample_size": 1527511,
  "lift_stats": {
    "min": 1.1855101585388184,
    "max": 4.504842758178711,
    "mean": 1.4603668451309204,
    "median": 1.4287145137786865,
    "std": 0.14688575267791748,
    "p25": 1.3618412017822266,
    "p75": 1.5213191509246826,
    "p95": 1.722599744796753
  },
  "groups": {
    "conveyable/chemical": {
      "eligible_skus": 6359,
      "pairs_stored": 127180,
      "db_rows": 254360,
      "lift_mean": 1.4625647068023682,
      "lift_std": 0.15239322185516357,
      "lift_min": 1.1969332695007324,
      "lift_max": 4.504842758178711,
      "lift_median": 1.4294216632843018
    },
    "conveyable/clothing": {
      "eligible_skus": 6485,
      "pairs_stored": 129700,
      "db_rows": 259400,
      "lift_mean": 1.460737943649292,
      "lift_std": 0.15240342915058136,
      "lift_min": 1.2027748823165894,
      "lift_max": 4.473240375518799,
      "lift_median": 1.4278700351715088
    },
    "conveyable/electronic": {
      "eligible_skus": 6306,
      "pairs_stored": 126120,
      "db_rows": 252240,
      "lift_mean": 1.462550163269043,
      "lift_std": 0.1525358259677887,
      "lift_min": 1.197049617767334,
      "lift_max": 4.441201686859131,
      "lift_median": 1.429929256439209
    },
    "conveyable/food": {
      "eligible_skus": 6346,
      "pairs_stored": 126920,
      "db_rows": 253840,
      "lift_mean": 1.4619841575622559,
      "lift_std": 0.15268255770206451,
      "lift_min": 1.2010135650634766,
      "lift_max": 4.293454170227051,
      "lift_median": 1.4291795492172241
    },
    "conveyable/furniture": {
      "eligible_skus": 6321,
      "pairs_stored": 126420,
      "db_rows": 252840,
      "lift_mean": 1.4631866216659546,
      "lift_std": 0.15284386277198792,
      "lift_min": 1.1973679065704346,
      "lift_max": 4.534818172454834,
      "lift_median": 1.4300472736358643
    },
    "conveyable/seasonal": {
      "eligible_skus": 6526,
      "pairs_stored": 130520,
      "db_rows": 261040,
      "lift_mean": 1.4600986242294312,
      "lift_std": 0.15203146636486053,
      "lift_min": 1.2130945920944214,
      "lift_max": 4.400724411010742,
      "lift_median": 1.4270859956741333
    },
    "non-conveyable/chemical": {
      "eligible_skus": 6546,
      "pairs_stored": 130920,
      "db_rows": 261840,
      "lift_mean": 1.4596242904663086,
      "lift_std": 0.15209059417247772,
      "lift_min": 1.2036423683166504,
      "lift_max": 4.227091312408447,
      "lift_median": 1.4263763427734375
    },
    "non-conveyable/clothing": {
      "eligible_skus": 6263,
      "pairs_stored": 125260,
      "db_rows": 250520,
      "lift_mean": 1.4637154340744019,
      "lift_std": 0.1532839834690094,
      "lift_min": 1.1855101585388184,
      "lift_max": 4.472137928009033,
      "lift_median": 1.4304792881011963
    },
    "non-conveyable/electronic": {
      "eligible_skus": 6353,
      "pairs_stored": 127060,
      "db_rows": 254120,
      "lift_mean": 1.4624122381210327,
      "lift_std": 0.152618408203125,
      "lift_min": 1.2072691917419434,
      "lift_max": 4.343094825744629,
      "lift_median": 1.4299523830413818
    },
    "non-conveyable/food": {
      "eligible_skus": 6454,
      "pairs_stored": 129080,
      "db_rows": 258160,
      "lift_mean": 1.460902452468872,
      "lift_std": 0.15192002058029175,
      "lift_min": 1.2009047269821167,
      "lift_max": 4.547802448272705,
      "lift_median": 1.4280650615692139
    },
    "non-conveyable/furniture": {
      "eligible_skus": 6191,
      "pairs_stored": 123820,
      "db_rows": 247640,
      "lift_mean": 1.4639018774032593,
      "lift_std": 0.15373440086841583,
      "lift_min": 1.209301233291626,
      "lift_max": 4.3800835609436035,
      "lift_median": 1.4308583736419678
    },
    "non-conveyable/seasonal": {
      "eligible_skus": 6350,
      "pairs_stored": 127000,
      "db_rows": 254000,
      "lift_mean": 1.4609638452529907,
      "lift_std": 0.1519981026649475,
      "lift_min": 1.1992034912109375,
      "lift_max": 4.421930313110352,
      "lift_median": 1.4281091690063477
    }
  },
  "source_inventory_db": "C:\\Users\\myfir\\Code and Repos\\Inventory_Location_Optimizer\\Warehouse\\generated\\batches\\batch_20260531_045301\\default\\inventory\\inventory.db"
}