{
  "total_skus": 76500,
  "groups": {
    "conveyable/chemical": {
      "count": 6397,
      "fraction": 0.08362091503267974
    },
    "conveyable/clothing": {
      "count": 6481,
      "fraction": 0.08471895424836601
    },
    "conveyable/electronic": {
      "count": 6225,
      "fraction": 0.08137254901960785
    },
    "conveyable/food": {
      "count": 6317,
      "fraction": 0.08257516339869281
    },
    "conveyable/furniture": {
      "count": 6349,
      "fraction": 0.08299346405228758
    },
    "conveyable/seasonal": {
      "count": 6411,
      "fraction": 0.08380392156862745
    },
    "non-conveyable/chemical": {
      "count": 6394,
      "fraction": 0.08358169934640523
    },
    "non-conveyable/clothing": {
      "count": 6489,
      "fraction": 0.0848235294117647
    },
    "non-conveyable/electronic": {
      "count": 6444,
      "fraction": 0.08423529411764706
    },
    "non-conveyable/food": {
      "count": 6281,
      "fraction": 0.0821045751633987
    },
    "non-conveyable/furniture": {
      "count": 6454,
      "fraction": 0.08436601307189542
    },
    "non-conveyable/seasonal": {
      "count": 6258,
      "fraction": 0.08180392156862745
    }
  },
  "handling_counts": {
    "non-conveyable": 38320,
    "conveyable": 38180
  },
  "category_counts": {
    "clothing": 12970,
    "furniture": 12803,
    "chemical": 12791,
    "electronic": 12669,
    "seasonal": 12669,
    "food": 12598
  },
  "singleton_count": 38098,
  "singleton_fraction": 0.4980130718954248,
  "dimensions": {
    "length": {
      "min": 7.0,
      "max": 42.0,
      "mean": 19.992588235294118,
      "median": 16.0,
      "std": 4.923016549105111,
      "p25": 16.0,
      "p75": 24.0,
      "p95": 29.0
    },
    "width": {
      "min": 6.0,
      "max": 39.0,
      "mean": 20.001281045751632,
      "median": 16.0,
      "std": 4.9268135879146815,
      "p25": 16.0,
      "p75": 24.0,
      "p95": 29.0
    },
    "height": {
      "min": 6.0,
      "max": 41.0,
      "mean": 19.995869281045753,
      "median": 16.0,
      "std": 4.925182657595555,
      "p25": 16.0,
      "p75": 24.0,
      "p95": 29.0
    },
    "volume": {
      "min": 1792.0,
      "max": 37555.0,
      "mean": 8963.746993464052,
      "median": 5376.0,
      "std": 5665.083758532631,
      "p25": 4096.0,
      "p75": 13500.0,
      "p95": 19251.0
    }
  },
  "weight": {
    "min": 6.0,
    "max": 65.0,
    "mean": 29.824013071895425,
    "median": 29.0,
    "std": 8.388619786391475,
    "p25": 23.0,
    "p75": 36.0,
    "p95": 45.0
  },
  "demand": {
    "frequency": {
      "min": 7.096141879214812e-06,
      "max": 0.9999848111116825,
      "mean": 0.5001290188081828,
      "median": 0.50087098379429,
      "std": 0.28855850463572874,
      "p25": 0.25043117481244553,
      "p75": 0.7489788694091226,
      "p95": 0.9515999631211619
    },
    "quantity_rate": {
      "min": 0.5000525609458906,
      "max": 19.99913842862198,
      "mean": 10.20750392744741,
      "median": 10.177193164025594,
      "std": 5.626182002518219,
      "p25": 5.335022400302675,
      "p75": 15.058864300331958,
      "p95": 19.036342462492733
    }
  }
}