{
  "total_skus": 76500,
  "groups": {
    "conveyable/chemical": {
      "count": 6489,
      "fraction": 0.0848235294117647
    },
    "conveyable/clothing": {
      "count": 6299,
      "fraction": 0.08233986928104575
    },
    "conveyable/electronic": {
      "count": 6294,
      "fraction": 0.08227450980392156
    },
    "conveyable/food": {
      "count": 6294,
      "fraction": 0.08227450980392156
    },
    "conveyable/furniture": {
      "count": 6362,
      "fraction": 0.08316339869281046
    },
    "conveyable/seasonal": {
      "count": 6458,
      "fraction": 0.08441830065359478
    },
    "non-conveyable/chemical": {
      "count": 6441,
      "fraction": 0.08419607843137254
    },
    "non-conveyable/clothing": {
      "count": 6376,
      "fraction": 0.08334640522875816
    },
    "non-conveyable/electronic": {
      "count": 6339,
      "fraction": 0.08286274509803922
    },
    "non-conveyable/food": {
      "count": 6451,
      "fraction": 0.08432679738562092
    },
    "non-conveyable/furniture": {
      "count": 6366,
      "fraction": 0.0832156862745098
    },
    "non-conveyable/seasonal": {
      "count": 6331,
      "fraction": 0.08275816993464052
    }
  },
  "handling_counts": {
    "non-conveyable": 38304,
    "conveyable": 38196
  },
  "category_counts": {
    "chemical": 12930,
    "seasonal": 12789,
    "food": 12745,
    "furniture": 12728,
    "clothing": 12675,
    "electronic": 12633
  },
  "singleton_count": 42972,
  "singleton_fraction": 0.5617254901960784,
  "dimensions": {
    "length": {
      "min": 3.0,
      "max": 48.0,
      "mean": 18.180222222222223,
      "median": 16.0,
      "std": 12.514603700141997,
      "p25": 9.0,
      "p75": 27.0,
      "p95": 43.0
    },
    "width": {
      "min": 3.0,
      "max": 48.0,
      "mean": 18.246875816993462,
      "median": 16.0,
      "std": 12.544905420115267,
      "p25": 9.0,
      "p75": 28.0,
      "p95": 43.0
    },
    "height": {
      "min": 3.0,
      "max": 48.0,
      "mean": 18.200065359477126,
      "median": 16.0,
      "std": 12.504072722926459,
      "p25": 9.0,
      "p75": 27.0,
      "p95": 43.0
    },
    "volume": {
      "min": 72.0,
      "max": 103776.0,
      "mean": 7837.119843137255,
      "median": 2560.0,
      "std": 14272.21973698569,
      "p25": 1344.0,
      "p75": 6048.0,
      "p95": 47520.0
    }
  },
  "weight": {
    "min": 1.0,
    "max": 64.0,
    "mean": 16.118980392156864,
    "median": 14.0,
    "std": 8.731945172820224,
    "p25": 10.0,
    "p75": 20.0,
    "p95": 35.0
  },
  "demand": {
    "frequency": {
      "min": 9.821465186021783e-06,
      "max": 0.9999998398573602,
      "mean": 0.5001707643138227,
      "median": 0.4998644606821828,
      "std": 0.28887823281179104,
      "p25": 0.24983158372537886,
      "p75": 0.7508524916064259,
      "p95": 0.950652907249113
    },
    "quantity_rate": {
      "min": 0.500049627812787,
      "max": 19.999626994936264,
      "mean": 10.271066073725544,
      "median": 10.302696901019683,
      "std": 5.641569149710733,
      "p25": 5.377135356994935,
      "p75": 15.163982621463923,
      "p95": 19.046868834385585
    }
  }
}