{
  "total_unique_pairs": 243829529,
  "total_db_rows": 487659058,
  "estimated_db_mb": 13021.901725769043,
  "lift_sample_size": 5000000,
  "lift_stats": {
    "min": 1.5000004768371582,
    "max": 4.999997615814209,
    "mean": 3.250432014465332,
    "median": 3.250798225402832,
    "std": 1.010109782218933,
    "p25": 2.3756461143493652,
    "p75": 4.124950408935547,
    "p95": 4.824796199798584
  },
  "groups": {
    "conveyable/chemical": {
      "eligible_skus": 6316,
      "unique_pairs": 19942770,
      "db_rows": 39885540,
      "lift_mean": 3.2500927448272705,
      "lift_std": 1.010345697402954,
      "lift_min": 1.5,
      "lift_max": 4.999999523162842,
      "lift_median": 3.2500882148742676
    },
    "conveyable/clothing": {
      "eligible_skus": 6499,
      "unique_pairs": 21115251,
      "db_rows": 42230502,
      "lift_mean": 3.2499125003814697,
      "lift_std": 1.0105351209640503,
      "lift_min": 1.5000001192092896,
      "lift_max": 5.0,
      "lift_median": 3.249871015548706
    },
    "conveyable/electronic": {
      "eligible_skus": 6377,
      "unique_pairs": 20329876,
      "db_rows": 40659752,
      "lift_mean": 3.250040054321289,
      "lift_std": 1.010276198387146,
      "lift_min": 1.500000238418579,
      "lift_max": 4.999999523162842,
      "lift_median": 3.2501864433288574
    },
    "conveyable/food": {
      "eligible_skus": 6301,
      "unique_pairs": 19848150,
      "db_rows": 39696300,
      "lift_mean": 3.2503323554992676,
      "lift_std": 1.0101988315582275,
      "lift_min": 1.5000005960464478,
      "lift_max": 5.0,
      "lift_median": 3.250703811645508
    },
    "conveyable/furniture": {
      "eligible_skus": 6477,
      "unique_pairs": 20972526,
      "db_rows": 41945052,
      "lift_mean": 3.2504682540893555,
      "lift_std": 1.0102696418762207,
      "lift_min": 1.5000001192092896,
      "lift_max": 4.999999523162842,
      "lift_median": 3.250657558441162
    },
    "conveyable/seasonal": {
      "eligible_skus": 6434,
      "unique_pairs": 20694961,
      "db_rows": 41389922,
      "lift_mean": 3.250438690185547,
      "lift_std": 1.010390043258667,
      "lift_min": 1.5000003576278687,
      "lift_max": 5.0,
      "lift_median": 3.2504026889801025
    },
    "non-conveyable/chemical": {
      "eligible_skus": 6324,
      "unique_pairs": 19993326,
      "db_rows": 39986652,
      "lift_mean": 3.2501585483551025,
      "lift_std": 1.0102360248565674,
      "lift_min": 1.5000001192092896,
      "lift_max": 5.0,
      "lift_median": 3.2499170303344727
    },
    "non-conveyable/clothing": {
      "eligible_skus": 6349,
      "unique_pairs": 20151726,
      "db_rows": 40303452,
      "lift_mean": 3.2502522468566895,
      "lift_std": 1.010331153869629,
      "lift_min": 1.500000238418579,
      "lift_max": 5.0,
      "lift_median": 3.250462770462036
    },
    "non-conveyable/electronic": {
      "eligible_skus": 6337,
      "unique_pairs": 20075616,
      "db_rows": 40151232,
      "lift_mean": 3.249847888946533,
      "lift_std": 1.0105929374694824,
      "lift_min": 1.5000005960464478,
      "lift_max": 5.0,
      "lift_median": 3.24985408782959
    },
    "non-conveyable/food": {
      "eligible_skus": 6410,
      "unique_pairs": 20540845,
      "db_rows": 41081690,
      "lift_mean": 3.25004243850708,
      "lift_std": 1.0103641748428345,
      "lift_min": 1.5000001192092896,
      "lift_max": 5.0,
      "lift_median": 3.2498669624328613
    },
    "non-conveyable/furniture": {
      "eligible_skus": 6314,
      "unique_pairs": 19930141,
      "db_rows": 39860282,
      "lift_mean": 3.2500808238983154,
      "lift_std": 1.010399341583252,
      "lift_min": 1.500000238418579,
      "lift_max": 5.0,
      "lift_median": 3.249995708465576
    },
    "non-conveyable/seasonal": {
      "eligible_skus": 6362,
      "unique_pairs": 20234341,
      "db_rows": 40468682,
      "lift_mean": 3.2502551078796387,
      "lift_std": 1.0103102922439575,
      "lift_min": 1.5000001192092896,
      "lift_max": 4.999999523162842,
      "lift_median": 3.250560998916626
    }
  },
  "source_inventory_db": "c:\\Users\\myfir\\Code and Repos\\Inventory_Location_Optimizer\\Warehouse\\generated\\batches\\batch_20260529_055508\\beta_right_skewed\\inventory\\inventory.db"
}