{
  "total_unique_pairs": 243848720,
  "total_db_rows": 487697440,
  "estimated_db_mb": 13022.926635742188,
  "lift_sample_size": 5000000,
  "lift_stats": {
    "min": 1.5000003576278687,
    "max": 4.999999046325684,
    "mean": 3.2499425411224365,
    "median": 3.250215768814087,
    "std": 1.0103652477264404,
    "p25": 2.3749277591705322,
    "p75": 4.124597072601318,
    "p95": 4.824987888336182
  },
  "groups": {
    "conveyable/chemical": {
      "eligible_skus": 6397,
      "unique_pairs": 20457606,
      "db_rows": 40915212,
      "lift_mean": 3.250039577484131,
      "lift_std": 1.0103907585144043,
      "lift_min": 1.500000238418579,
      "lift_max": 5.0,
      "lift_median": 3.2503247261047363
    },
    "conveyable/clothing": {
      "eligible_skus": 6481,
      "unique_pairs": 20998440,
      "db_rows": 41996880,
      "lift_mean": 3.250324010848999,
      "lift_std": 1.010299801826477,
      "lift_min": 1.5000001192092896,
      "lift_max": 5.0,
      "lift_median": 3.2503068447113037
    },
    "conveyable/electronic": {
      "eligible_skus": 6225,
      "unique_pairs": 19372200,
      "db_rows": 38744400,
      "lift_mean": 3.250359058380127,
      "lift_std": 1.0102136135101318,
      "lift_min": 1.5000001192092896,
      "lift_max": 4.999999523162842,
      "lift_median": 3.2505006790161133
    },
    "conveyable/food": {
      "eligible_skus": 6317,
      "unique_pairs": 19949086,
      "db_rows": 39898172,
      "lift_mean": 3.2496798038482666,
      "lift_std": 1.0104131698608398,
      "lift_min": 1.5,
      "lift_max": 4.999999523162842,
      "lift_median": 3.2497506141662598
    },
    "conveyable/furniture": {
      "eligible_skus": 6349,
      "unique_pairs": 20151726,
      "db_rows": 40303452,
      "lift_mean": 3.2500131130218506,
      "lift_std": 1.0104782581329346,
      "lift_min": 1.500000238418579,
      "lift_max": 4.999999523162842,
      "lift_median": 3.2499215602874756
    },
    "conveyable/seasonal": {
      "eligible_skus": 6411,
      "unique_pairs": 20547255,
      "db_rows": 41094510,
      "lift_mean": 3.2499892711639404,
      "lift_std": 1.0103093385696411,
      "lift_min": 1.5,
      "lift_max": 5.0,
      "lift_median": 3.249962091445923
    },
    "non-conveyable/chemical": {
      "eligible_skus": 6394,
      "unique_pairs": 20438421,
      "db_rows": 40876842,
      "lift_mean": 3.249535322189331,
      "lift_std": 1.010204553604126,
      "lift_min": 1.5000001192092896,
      "lift_max": 4.999999523162842,
      "lift_median": 3.2495737075805664
    },
    "non-conveyable/clothing": {
      "eligible_skus": 6489,
      "unique_pairs": 21050316,
      "db_rows": 42100632,
      "lift_mean": 3.250347375869751,
      "lift_std": 1.010401964187622,
      "lift_min": 1.500000238418579,
      "lift_max": 5.0,
      "lift_median": 3.2504420280456543
    },
    "non-conveyable/electronic": {
      "eligible_skus": 6444,
      "unique_pairs": 20759346,
      "db_rows": 41518692,
      "lift_mean": 3.249720573425293,
      "lift_std": 1.0102609395980835,
      "lift_min": 1.5,
      "lift_max": 5.0,
      "lift_median": 3.2494821548461914
    },
    "non-conveyable/food": {
      "eligible_skus": 6281,
      "unique_pairs": 19722340,
      "db_rows": 39444680,
      "lift_mean": 3.2499825954437256,
      "lift_std": 1.0103437900543213,
      "lift_min": 1.500000238418579,
      "lift_max": 5.0,
      "lift_median": 3.2499263286590576
    },
    "non-conveyable/furniture": {
      "eligible_skus": 6454,
      "unique_pairs": 20823831,
      "db_rows": 41647662,
      "lift_mean": 3.24989652633667,
      "lift_std": 1.010419487953186,
      "lift_min": 1.5000001192092896,
      "lift_max": 4.999999523162842,
      "lift_median": 3.2496628761291504
    },
    "non-conveyable/seasonal": {
      "eligible_skus": 6258,
      "unique_pairs": 19578153,
      "db_rows": 39156306,
      "lift_mean": 3.2500059604644775,
      "lift_std": 1.010472297668457,
      "lift_min": 1.5000001192092896,
      "lift_max": 5.0,
      "lift_median": 3.250040054321289
    }
  },
  "source_inventory_db": "c:\\Users\\myfir\\Code and Repos\\Inventory_Location_Optimizer\\Warehouse\\generated\\batches\\batch_20260529_055508\\clustered_medium\\inventory\\inventory.db"
}