{
  "total_unique_pairs": 1527520,
  "total_db_rows": 3055040,
  "estimated_db_mb": 81.578369140625,
  "lift_sample_size": 1527520,
  "lift_stats": {
    "min": 1.1782251596450806,
    "max": 4.546980857849121,
    "mean": 1.460170865058899,
    "median": 1.4285166263580322,
    "std": 0.14692504703998566,
    "p25": 1.361609697341919,
    "p75": 1.5210174322128296,
    "p95": 1.7229187488555908
  },
  "groups": {
    "conveyable/chemical": {
      "eligible_skus": 6493,
      "pairs_stored": 129860,
      "db_rows": 259720,
      "lift_mean": 1.4598897695541382,
      "lift_std": 0.1518138200044632,
      "lift_min": 1.2022945880889893,
      "lift_max": 4.267011642456055,
      "lift_median": 1.4275259971618652
    },
    "conveyable/clothing": {
      "eligible_skus": 6255,
      "pairs_stored": 125100,
      "db_rows": 250200,
      "lift_mean": 1.4627206325531006,
      "lift_std": 0.15271234512329102,
      "lift_min": 1.1930062770843506,
      "lift_max": 4.413250923156738,
      "lift_median": 1.4295296669006348
    },
    "conveyable/electronic": {
      "eligible_skus": 6457,
      "pairs_stored": 129140,
      "db_rows": 258280,
      "lift_mean": 1.4607619047164917,
      "lift_std": 0.15218237042427063,
      "lift_min": 1.1782251596450806,
      "lift_max": 4.546980857849121,
      "lift_median": 1.428292989730835
    },
    "conveyable/food": {
      "eligible_skus": 6419,
      "pairs_stored": 128380,
      "db_rows": 256760,
      "lift_mean": 1.4611210823059082,
      "lift_std": 0.153019517660141,
      "lift_min": 1.2039073705673218,
      "lift_max": 4.489847183227539,
      "lift_median": 1.4279463291168213
    },
    "conveyable/furniture": {
      "eligible_skus": 6401,
      "pairs_stored": 128020,
      "db_rows": 256040,
      "lift_mean": 1.4611197710037231,
      "lift_std": 0.15283448994159698,
      "lift_min": 1.19790518283844,
      "lift_max": 4.646041393280029,
      "lift_median": 1.427991509437561
    },
    "conveyable/seasonal": {
      "eligible_skus": 6239,
      "pairs_stored": 124780,
      "db_rows": 249560,
      "lift_mean": 1.4639369249343872,
      "lift_std": 0.1534174084663391,
      "lift_min": 1.2119700908660889,
      "lift_max": 4.405984401702881,
      "lift_median": 1.430670976638794
    },
    "non-conveyable/chemical": {
      "eligible_skus": 6438,
      "pairs_stored": 128760,
      "db_rows": 257520,
      "lift_mean": 1.4612669944763184,
      "lift_std": 0.15261241793632507,
      "lift_min": 1.2056846618652344,
      "lift_max": 4.485520362854004,
      "lift_median": 1.428036093711853
    },
    "non-conveyable/clothing": {
      "eligible_skus": 6247,
      "pairs_stored": 124940,
      "db_rows": 249880,
      "lift_mean": 1.463225245475769,
      "lift_std": 0.15306870639324188,
      "lift_min": 1.2129031419754028,
      "lift_max": 4.305914402008057,
      "lift_median": 1.429971694946289
    },
    "non-conveyable/electronic": {
      "eligible_skus": 6413,
      "pairs_stored": 128260,
      "db_rows": 256520,
      "lift_mean": 1.4610825777053833,
      "lift_std": 0.15249955654144287,
      "lift_min": 1.192291021347046,
      "lift_max": 4.545222282409668,
      "lift_median": 1.4282543659210205
    },
    "non-conveyable/food": {
      "eligible_skus": 6357,
      "pairs_stored": 127140,
      "db_rows": 254280,
      "lift_mean": 1.4621015787124634,
      "lift_std": 0.15286216139793396,
      "lift_min": 1.2048046588897705,
      "lift_max": 4.419954776763916,
      "lift_median": 1.4292101860046387
    },
    "non-conveyable/furniture": {
      "eligible_skus": 6445,
      "pairs_stored": 128900,
      "db_rows": 257800,
      "lift_mean": 1.461060643196106,
      "lift_std": 0.15219059586524963,
      "lift_min": 1.2047957181930542,
      "lift_max": 4.413505554199219,
      "lift_median": 1.4283666610717773
    },
    "non-conveyable/seasonal": {
      "eligible_skus": 6336,
      "pairs_stored": 126720,
      "db_rows": 253440,
      "lift_mean": 1.4619500637054443,
      "lift_std": 0.1523447185754776,
      "lift_min": 1.2026317119598389,
      "lift_max": 4.357929706573486,
      "lift_median": 1.4295830726623535
    }
  },
  "source_inventory_db": "C:\\Users\\myfir\\Code and Repos\\Inventory_Location_Optimizer\\Warehouse\\generated\\batches\\batch_20260531_045301\\beta_left_skewed\\inventory\\inventory.db"
}