{
  "name": "inventory",
  "timestamp": "20260531_045713",
  "seed": 51,
  "num_skus": 76500,
  "handling_splits": [
    0.5,
    0.5
  ],
  "category_splits": [
    0.16666666666666669,
    0.16666666666666669,
    0.16666666666666669,
    0.16666666666666669,
    0.16666666666666669,
    0.16666666666666669
  ],
  "handling_labels": [
    "conveyable",
    "non-conveyable"
  ],
  "category_labels": [
    "food",
    "clothing",
    "electronic",
    "furniture",
    "seasonal",
    "chemical"
  ],
  "singleton_fraction": 0.5,
  "dim_spec": {
    "dist": "beta",
    "alpha": 2.0,
    "beta": 8.0,
    "low": 3,
    "high": 48
  },
  "weight_spec": {
    "dist": "normal",
    "mean": 14,
    "std": 6
  },
  "quantity_spec": {
    "dist": "beta_scaled",
    "alpha": 2.076923076923077,
    "beta": 6.923076923076923,
    "low": 5,
    "high": 200
  },
  "carton_min_dim": 3,
  "carton_max_dim": 48,
  "singleton_max_dim": 16
}