{
  "total_skus": 76500,
  "groups": {
    "conveyable/chemical": {
      "count": 6527,
      "fraction": 0.0853202614379085
    },
    "conveyable/clothing": {
      "count": 6301,
      "fraction": 0.08236601307189542
    },
    "conveyable/electronic": {
      "count": 6447,
      "fraction": 0.08427450980392157
    },
    "conveyable/food": {
      "count": 6456,
      "fraction": 0.0843921568627451
    },
    "conveyable/furniture": {
      "count": 6404,
      "fraction": 0.0837124183006536
    },
    "conveyable/seasonal": {
      "count": 6335,
      "fraction": 0.08281045751633986
    },
    "non-conveyable/chemical": {
      "count": 6262,
      "fraction": 0.08185620915032679
    },
    "non-conveyable/clothing": {
      "count": 6448,
      "fraction": 0.0842875816993464
    },
    "non-conveyable/electronic": {
      "count": 6308,
      "fraction": 0.08245751633986928
    },
    "non-conveyable/food": {
      "count": 6335,
      "fraction": 0.08281045751633986
    },
    "non-conveyable/furniture": {
      "count": 6269,
      "fraction": 0.08194771241830065
    },
    "non-conveyable/seasonal": {
      "count": 6408,
      "fraction": 0.08376470588235294
    }
  },
  "handling_counts": {
    "conveyable": 38470,
    "non-conveyable": 38030
  },
  "category_counts": {
    "food": 12791,
    "chemical": 12789,
    "electronic": 12755,
    "clothing": 12749,
    "seasonal": 12743,
    "furniture": 12673
  },
  "singleton_count": 38409,
  "singleton_fraction": 0.502078431372549,
  "dimensions": {
    "length": {
      "min": 3.0,
      "max": 48.0,
      "mean": 22.30377777777778,
      "median": 15.0,
      "std": 13.226311884250071,
      "p25": 12.0,
      "p75": 35.0,
      "p95": 46.0
    },
    "width": {
      "min": 3.0,
      "max": 48.0,
      "mean": 22.2999477124183,
      "median": 15.0,
      "std": 13.219609200841905,
      "p25": 12.0,
      "p75": 35.0,
      "p95": 46.0
    },
    "height": {
      "min": 3.0,
      "max": 48.0,
      "mean": 22.327320261437908,
      "median": 15.0,
      "std": 13.219224784483862,
      "p25": 12.0,
      "p75": 35.0,
      "p95": 46.0
    },
    "volume": {
      "min": 108.0,
      "max": 108288.0,
      "mean": 18784.30994771242,
      "median": 3375.0,
      "std": 22841.476324234573,
      "p25": 1485.0,
      "p75": 32718.0,
      "p95": 66528.0
    }
  },
  "weight": {
    "min": 1.0,
    "max": 120.0,
    "mean": 60.62956862745098,
    "median": 61.0,
    "std": 34.679525402751544,
    "p25": 31.0,
    "p75": 91.0,
    "p95": 115.0
  },
  "demand": {
    "frequency": {
      "min": 4.381813806242363e-05,
      "max": 0.9999711740593137,
      "mean": 0.501143608926808,
      "median": 0.4998833422797713,
      "std": 0.2884372375158654,
      "p25": 0.2527150760752881,
      "p75": 0.7518790301179411,
      "p95": 0.9508865054186757
    },
    "quantity_rate": {
      "min": 0.5005141866209455,
      "max": 19.999887139283093,
      "mean": 10.22722147644007,
      "median": 10.180563890816089,
      "std": 5.63323384499503,
      "p25": 5.352566822321988,
      "p75": 15.096164781315352,
      "p95": 19.014821202071158
    }
  }
}