{
  "total_skus": 76500,
  "groups": {
    "conveyable/chemical": {
      "count": 6316,
      "fraction": 0.08256209150326797
    },
    "conveyable/clothing": {
      "count": 6499,
      "fraction": 0.08495424836601308
    },
    "conveyable/electronic": {
      "count": 6377,
      "fraction": 0.08335947712418301
    },
    "conveyable/food": {
      "count": 6301,
      "fraction": 0.08236601307189542
    },
    "conveyable/furniture": {
      "count": 6477,
      "fraction": 0.08466666666666667
    },
    "conveyable/seasonal": {
      "count": 6434,
      "fraction": 0.0841045751633987
    },
    "non-conveyable/chemical": {
      "count": 6324,
      "fraction": 0.08266666666666667
    },
    "non-conveyable/clothing": {
      "count": 6349,
      "fraction": 0.08299346405228758
    },
    "non-conveyable/electronic": {
      "count": 6337,
      "fraction": 0.08283660130718955
    },
    "non-conveyable/food": {
      "count": 6410,
      "fraction": 0.08379084967320262
    },
    "non-conveyable/furniture": {
      "count": 6314,
      "fraction": 0.0825359477124183
    },
    "non-conveyable/seasonal": {
      "count": 6362,
      "fraction": 0.08316339869281046
    }
  },
  "handling_counts": {
    "conveyable": 38404,
    "non-conveyable": 38096
  },
  "category_counts": {
    "clothing": 12848,
    "seasonal": 12796,
    "furniture": 12791,
    "electronic": 12714,
    "food": 12711,
    "chemical": 12640
  },
  "singleton_count": 58349,
  "singleton_fraction": 0.7627320261437909,
  "dimensions": {
    "length": {
      "min": 3.0,
      "max": 39.0,
      "mean": 8.780928104575164,
      "median": 7.0,
      "std": 5.105639124665298,
      "p25": 5.0,
      "p75": 11.0,
      "p95": 20.0
    },
    "width": {
      "min": 3.0,
      "max": 40.0,
      "mean": 8.791830065359477,
      "median": 7.0,
      "std": 5.120424452046586,
      "p25": 5.0,
      "p75": 11.0,
      "p95": 20.0
    },
    "height": {
      "min": 3.0,
      "max": 38.0,
      "mean": 8.765150326797386,
      "median": 7.0,
      "std": 5.084178379957699,
      "p25": 5.0,
      "p75": 11.0,
      "p95": 19.0
    },
    "volume": {
      "min": 27.0,
      "max": 20358.0,
      "mean": 946.6345751633987,
      "median": 336.0,
      "std": 1311.9247023864132,
      "p25": 150.0,
      "p75": 1280.0,
      "p95": 3520.0
    }
  },
  "weight": {
    "min": 1.0,
    "max": 39.0,
    "mean": 14.076339869281046,
    "median": 14.0,
    "std": 5.952598826740053,
    "p25": 10.0,
    "p75": 18.0,
    "p95": 24.0
  },
  "demand": {
    "frequency": {
      "min": 1.781064266070942e-06,
      "max": 0.9999929084854093,
      "mean": 0.5002283509725234,
      "median": 0.499533370333124,
      "std": 0.28887894798249536,
      "p25": 0.2500866239887586,
      "p75": 0.7497960266690872,
      "p95": 0.9509989278386778
    },
    "quantity_rate": {
      "min": 0.5006110013335403,
      "max": 19.999878012471754,
      "mean": 10.257569827808963,
      "median": 10.271510735635315,
      "std": 5.635070305168429,
      "p25": 5.383385162177264,
      "p75": 15.130249782014886,
      "p95": 19.038917277409244
    }
  }
}