{
  "name": "inventory",
  "timestamp": "20260530_160437",
  "seed": 44,
  "num_skus": 76500,
  "handling_splits": [
    0.5,
    0.5
  ],
  "category_splits": [
    0.16666666666666669,
    0.16666666666666669,
    0.16666666666666669,
    0.16666666666666669,
    0.16666666666666669,
    0.16666666666666669
  ],
  "handling_labels": [
    "conveyable",
    "non-conveyable"
  ],
  "category_labels": [
    "food",
    "clothing",
    "electronic",
    "furniture",
    "seasonal",
    "chemical"
  ],
  "singleton_fraction": 0.5,
  "dim_spec": {
    "dist": "triangular",
    "low": 3,
    "high": 18,
    "mode": 12
  },
  "weight_spec": {
    "dist": "uniform",
    "low": 20,
    "high": 70
  },
  "carton_min_dim": 3,
  "carton_max_dim": 48,
  "singleton_max_dim": 16
}