{
  "lambda_": 0.66030031687524,
  "k": 25.0,
  "gamma": -0.13562833294814933,
  "n_samples": 92623,
  "n_clean": 92420,
  "rmse_raw": 8.73841531662136,
  "rmse_clean": 8.692871327974391,
  "recovered_at": "2026-05-28T07:59:28.084313+00:00"
}