{
  "total_unique_pairs": 1527500,
  "total_db_rows": 3055000,
  "estimated_db_mb": 81.57730102539062,
  "lift_sample_size": 1527500,
  "lift_stats": {
    "min": 1.1831246614456177,
    "max": 4.520693302154541,
    "mean": 1.4603959321975708,
    "median": 1.428786039352417,
    "std": 0.1470600664615631,
    "p25": 1.3617607355117798,
    "p75": 1.5212918519973755,
    "p95": 1.7228622436523438
  },
  "groups": {
    "conveyable/chemical": {
      "eligible_skus": 6278,
      "pairs_stored": 125560,
      "db_rows": 251120,
      "lift_mean": 1.4629487991333008,
      "lift_std": 0.15327176451683044,
      "lift_min": 1.2067474126815796,
      "lift_max": 4.369714260101318,
      "lift_median": 1.4295012950897217
    },
    "conveyable/clothing": {
      "eligible_skus": 6359,
      "pairs_stored": 127180,
      "db_rows": 254360,
      "lift_mean": 1.4620860815048218,
      "lift_std": 0.15279746055603027,
      "lift_min": 1.2021304368972778,
      "lift_max": 4.442793369293213,
      "lift_median": 1.4290330410003662
    },
    "conveyable/electronic": {
      "eligible_skus": 6281,
      "pairs_stored": 125620,
      "db_rows": 251240,
      "lift_mean": 1.463175654411316,
      "lift_std": 0.15357547998428345,
      "lift_min": 1.1991828680038452,
      "lift_max": 4.363098621368408,
      "lift_median": 1.4303017854690552
    },
    "conveyable/food": {
      "eligible_skus": 6468,
      "pairs_stored": 129360,
      "db_rows": 258720,
      "lift_mean": 1.4613418579101562,
      "lift_std": 0.1531396061182022,
      "lift_min": 1.2086058855056763,
      "lift_max": 4.458506107330322,
      "lift_median": 1.428257942199707
    },
    "conveyable/furniture": {
      "eligible_skus": 6421,
      "pairs_stored": 128420,
      "db_rows": 256840,
      "lift_mean": 1.4618043899536133,
      "lift_std": 0.1528051495552063,
      "lift_min": 1.2103289365768433,
      "lift_max": 4.446017742156982,
      "lift_median": 1.4287004470825195
    },
    "conveyable/seasonal": {
      "eligible_skus": 6496,
      "pairs_stored": 129920,
      "db_rows": 259840,
      "lift_mean": 1.4598394632339478,
      "lift_std": 0.15224458277225494,
      "lift_min": 1.1916000843048096,
      "lift_max": 4.254720687866211,
      "lift_median": 1.426729679107666
    },
    "non-conveyable/chemical": {
      "eligible_skus": 6411,
      "pairs_stored": 128220,
      "db_rows": 256440,
      "lift_mean": 1.461386799812317,
      "lift_std": 0.15186059474945068,
      "lift_min": 1.2039977312088013,
      "lift_max": 4.480324745178223,
      "lift_median": 1.428980827331543
    },
    "non-conveyable/clothing": {
      "eligible_skus": 6411,
      "pairs_stored": 128220,
      "db_rows": 256440,
      "lift_mean": 1.4611401557922363,
      "lift_std": 0.15269047021865845,
      "lift_min": 1.1831246614456177,
      "lift_max": 4.398549556732178,
      "lift_median": 1.428964614868164
    },
    "non-conveyable/electronic": {
      "eligible_skus": 6455,
      "pairs_stored": 129100,
      "db_rows": 258200,
      "lift_mean": 1.4611072540283203,
      "lift_std": 0.1524851769208908,
      "lift_min": 1.2075554132461548,
      "lift_max": 4.423044681549072,
      "lift_median": 1.4285078048706055
    },
    "non-conveyable/food": {
      "eligible_skus": 6293,
      "pairs_stored": 125860,
      "db_rows": 251720,
      "lift_mean": 1.4625996351242065,
      "lift_std": 0.15292833745479584,
      "lift_min": 1.1985641717910767,
      "lift_max": 4.49076509475708,
      "lift_median": 1.4299323558807373
    },
    "non-conveyable/furniture": {
      "eligible_skus": 6355,
      "pairs_stored": 127100,
      "db_rows": 254200,
      "lift_mean": 1.462363600730896,
      "lift_std": 0.1523497849702835,
      "lift_min": 1.2007654905319214,
      "lift_max": 4.520693302154541,
      "lift_median": 1.4296410083770752
    },
    "non-conveyable/seasonal": {
      "eligible_skus": 6272,
      "pairs_stored": 125440,
      "db_rows": 250880,
      "lift_mean": 1.4631482362747192,
      "lift_std": 0.152750164270401,
      "lift_min": 1.2061398029327393,
      "lift_max": 4.177992820739746,
      "lift_median": 1.4298977851867676
    }
  },
  "source_inventory_db": "C:\\Users\\myfir\\Code and Repos\\Inventory_Location_Optimizer\\Warehouse\\generated\\batches\\batch_20260531_045301\\bimodal_size\\inventory\\inventory.db"
}