{
  "total_unique_pairs": 243864819,
  "total_db_rows": 487729638,
  "estimated_db_mb": 13023.786415100098,
  "lift_sample_size": 5000000,
  "lift_stats": {
    "min": 1.5000008344650269,
    "max": 4.999998092651367,
    "mean": 3.2495250701904297,
    "median": 3.2500832080841064,
    "std": 1.01030695438385,
    "p25": 2.3738200664520264,
    "p75": 4.124270915985107,
    "p95": 4.824377536773682
  },
  "groups": {
    "conveyable/chemical": {
      "eligible_skus": 6358,
      "unique_pairs": 20208903,
      "db_rows": 40417806,
      "lift_mean": 3.250178337097168,
      "lift_std": 1.010413408279419,
      "lift_min": 1.5000001192092896,
      "lift_max": 5.0,
      "lift_median": 3.2506425380706787
    },
    "conveyable/clothing": {
      "eligible_skus": 6273,
      "unique_pairs": 19672128,
      "db_rows": 39344256,
      "lift_mean": 3.250073194503784,
      "lift_std": 1.0103391408920288,
      "lift_min": 1.500000238418579,
      "lift_max": 5.0,
      "lift_median": 3.250169277191162
    },
    "conveyable/electronic": {
      "eligible_skus": 6426,
      "unique_pairs": 20643525,
      "db_rows": 41287050,
      "lift_mean": 3.249995708465576,
      "lift_std": 1.0102571249008179,
      "lift_min": 1.5000003576278687,
      "lift_max": 5.0,
      "lift_median": 3.2499732971191406
    },
    "conveyable/food": {
      "eligible_skus": 6460,
      "unique_pairs": 20862570,
      "db_rows": 41725140,
      "lift_mean": 3.2499847412109375,
      "lift_std": 1.01035475730896,
      "lift_min": 1.5,
      "lift_max": 5.0,
      "lift_median": 3.250174045562744
    },
    "conveyable/furniture": {
      "eligible_skus": 6213,
      "unique_pairs": 19297578,
      "db_rows": 38595156,
      "lift_mean": 3.250094413757324,
      "lift_std": 1.0103304386138916,
      "lift_min": 1.5000001192092896,
      "lift_max": 5.0,
      "lift_median": 3.2501518726348877
    },
    "conveyable/seasonal": {
      "eligible_skus": 6353,
      "unique_pairs": 20177128,
      "db_rows": 40354256,
      "lift_mean": 3.25010347366333,
      "lift_std": 1.0104737281799316,
      "lift_min": 1.5,
      "lift_max": 5.0,
      "lift_median": 3.2497200965881348
    },
    "non-conveyable/chemical": {
      "eligible_skus": 6390,
      "unique_pairs": 20412855,
      "db_rows": 40825710,
      "lift_mean": 3.2497923374176025,
      "lift_std": 1.010408878326416,
      "lift_min": 1.5,
      "lift_max": 5.0,
      "lift_median": 3.2496490478515625
    },
    "non-conveyable/clothing": {
      "eligible_skus": 6434,
      "unique_pairs": 20694961,
      "db_rows": 41389922,
      "lift_mean": 3.249866008758545,
      "lift_std": 1.010486364364624,
      "lift_min": 1.5000001192092896,
      "lift_max": 4.999999523162842,
      "lift_median": 3.250023126602173
    },
    "non-conveyable/electronic": {
      "eligible_skus": 6246,
      "unique_pairs": 19503135,
      "db_rows": 39006270,
      "lift_mean": 3.250122308731079,
      "lift_std": 1.010425090789795,
      "lift_min": 1.5000001192092896,
      "lift_max": 5.0,
      "lift_median": 3.2501049041748047
    },
    "non-conveyable/food": {
      "eligible_skus": 6325,
      "unique_pairs": 19999650,
      "db_rows": 39999300,
      "lift_mean": 3.250073194503784,
      "lift_std": 1.0102688074111938,
      "lift_min": 1.5,
      "lift_max": 5.0,
      "lift_median": 3.2502753734588623
    },
    "non-conveyable/furniture": {
      "eligible_skus": 6587,
      "unique_pairs": 21690991,
      "db_rows": 43381982,
      "lift_mean": 3.2497270107269287,
      "lift_std": 1.0104732513427734,
      "lift_min": 1.5000001192092896,
      "lift_max": 4.999999523162842,
      "lift_median": 3.2496449947357178
    },
    "non-conveyable/seasonal": {
      "eligible_skus": 6435,
      "unique_pairs": 20701395,
      "db_rows": 41402790,
      "lift_mean": 3.2499327659606934,
      "lift_std": 1.0104840993881226,
      "lift_min": 1.5000001192092896,
      "lift_max": 4.999999523162842,
      "lift_median": 3.249967336654663
    }
  },
  "source_inventory_db": "c:\\Users\\myfir\\Code and Repos\\Inventory_Location_Optimizer\\Warehouse\\generated\\batches\\batch_20260529_055508\\uniform_sizes\\inventory\\inventory.db"
}