{
  "total_unique_pairs": 1527536,
  "total_db_rows": 3055072,
  "estimated_db_mb": 81.5792236328125,
  "lift_sample_size": 1527536,
  "lift_stats": {
    "min": 1.1668963432312012,
    "max": 4.60813570022583,
    "mean": 1.4603289365768433,
    "median": 1.4285860061645508,
    "std": 0.14698244631290436,
    "p25": 1.3617697954177856,
    "p75": 1.5213170051574707,
    "p95": 1.7224918603897095
  },
  "groups": {
    "conveyable/chemical": {
      "eligible_skus": 6410,
      "pairs_stored": 128200,
      "db_rows": 256400,
      "lift_mean": 1.4617429971694946,
      "lift_std": 0.1523991972208023,
      "lift_min": 1.2060606479644775,
      "lift_max": 4.41959810256958,
      "lift_median": 1.4284006357192993
    },
    "conveyable/clothing": {
      "eligible_skus": 6426,
      "pairs_stored": 128520,
      "db_rows": 257040,
      "lift_mean": 1.460888385772705,
      "lift_std": 0.15271349251270294,
      "lift_min": 1.206527829170227,
      "lift_max": 4.411264419555664,
      "lift_median": 1.428024172782898
    },
    "conveyable/electronic": {
      "eligible_skus": 6235,
      "pairs_stored": 124700,
      "db_rows": 249400,
      "lift_mean": 1.4637751579284668,
      "lift_std": 0.15342187881469727,
      "lift_min": 1.1668963432312012,
      "lift_max": 4.540525913238525,
      "lift_median": 1.4308445453643799
    },
    "conveyable/food": {
      "eligible_skus": 6338,
      "pairs_stored": 126760,
      "db_rows": 253520,
      "lift_mean": 1.4625177383422852,
      "lift_std": 0.15283343195915222,
      "lift_min": 1.1935018301010132,
      "lift_max": 4.60813570022583,
      "lift_median": 1.4294698238372803
    },
    "conveyable/furniture": {
      "eligible_skus": 6442,
      "pairs_stored": 128840,
      "db_rows": 257680,
      "lift_mean": 1.460632562637329,
      "lift_std": 0.15280117094516754,
      "lift_min": 1.1987826824188232,
      "lift_max": 4.396500587463379,
      "lift_median": 1.4274553060531616
    },
    "conveyable/seasonal": {
      "eligible_skus": 6408,
      "pairs_stored": 128160,
      "db_rows": 256320,
      "lift_mean": 1.4611120223999023,
      "lift_std": 0.1525571197271347,
      "lift_min": 1.2054171562194824,
      "lift_max": 4.473964691162109,
      "lift_median": 1.428038477897644
    },
    "non-conveyable/chemical": {
      "eligible_skus": 6310,
      "pairs_stored": 126200,
      "db_rows": 252400,
      "lift_mean": 1.4625262022018433,
      "lift_std": 0.15251441299915314,
      "lift_min": 1.1968879699707031,
      "lift_max": 4.325707912445068,
      "lift_median": 1.4292867183685303
    },
    "non-conveyable/clothing": {
      "eligible_skus": 6399,
      "pairs_stored": 127980,
      "db_rows": 255960,
      "lift_mean": 1.4615106582641602,
      "lift_std": 0.15217269957065582,
      "lift_min": 1.209492564201355,
      "lift_max": 4.453416347503662,
      "lift_median": 1.428710699081421
    },
    "non-conveyable/electronic": {
      "eligible_skus": 6493,
      "pairs_stored": 129860,
      "db_rows": 259720,
      "lift_mean": 1.460199236869812,
      "lift_std": 0.15210247039794922,
      "lift_min": 1.1908899545669556,
      "lift_max": 4.505708694458008,
      "lift_median": 1.427133560180664
    },
    "non-conveyable/food": {
      "eligible_skus": 6299,
      "pairs_stored": 125980,
      "db_rows": 251960,
      "lift_mean": 1.4632402658462524,
      "lift_std": 0.15344178676605225,
      "lift_min": 1.202143669128418,
      "lift_max": 4.397191524505615,
      "lift_median": 1.4297425746917725
    },
    "non-conveyable/furniture": {
      "eligible_skus": 6276,
      "pairs_stored": 125520,
      "db_rows": 251040,
      "lift_mean": 1.4630703926086426,
      "lift_std": 0.1528506726026535,
      "lift_min": 1.2059677839279175,
      "lift_max": 4.424410343170166,
      "lift_median": 1.430546760559082
    },
    "non-conveyable/seasonal": {
      "eligible_skus": 6464,
      "pairs_stored": 129280,
      "db_rows": 258560,
      "lift_mean": 1.460848331451416,
      "lift_std": 0.15216787159442902,
      "lift_min": 1.1871905326843262,
      "lift_max": 4.347055912017822,
      "lift_median": 1.4282535314559937
    }
  },
  "source_inventory_db": "c:\\Users\\myfir\\Code and Repos\\Inventory_Location_Optimizer\\Warehouse\\generated\\batches\\batch_20260530_160347\\trimodal_spiky\\inventory\\inventory.db"
}