{
  "total_unique_pairs": 1527565,
  "total_db_rows": 3055130,
  "estimated_db_mb": 81.58077239990234,
  "lift_sample_size": 1527565,
  "lift_stats": {
    "min": 1.189839243888855,
    "max": 4.598325252532959,
    "mean": 1.4603285789489746,
    "median": 1.428777813911438,
    "std": 0.1468476504087448,
    "p25": 1.361820936203003,
    "p75": 1.5211106538772583,
    "p95": 1.7222168445587158
  },
  "groups": {
    "conveyable/chemical": {
      "eligible_skus": 6284,
      "pairs_stored": 125680,
      "db_rows": 251360,
      "lift_mean": 1.4625794887542725,
      "lift_std": 0.15295888483524323,
      "lift_min": 1.2088401317596436,
      "lift_max": 4.363212585449219,
      "lift_median": 1.4292429685592651
    },
    "conveyable/clothing": {
      "eligible_skus": 6352,
      "pairs_stored": 127040,
      "db_rows": 254080,
      "lift_mean": 1.4622440338134766,
      "lift_std": 0.15313340723514557,
      "lift_min": 1.2020491361618042,
      "lift_max": 4.4728240966796875,
      "lift_median": 1.4294794797897339
    },
    "conveyable/electronic": {
      "eligible_skus": 6372,
      "pairs_stored": 127440,
      "db_rows": 254880,
      "lift_mean": 1.462439775466919,
      "lift_std": 0.15247215330600739,
      "lift_min": 1.1982545852661133,
      "lift_max": 4.598325252532959,
      "lift_median": 1.429689884185791
    },
    "conveyable/food": {
      "eligible_skus": 6381,
      "pairs_stored": 127620,
      "db_rows": 255240,
      "lift_mean": 1.4614009857177734,
      "lift_std": 0.1525951325893402,
      "lift_min": 1.1921743154525757,
      "lift_max": 4.544912815093994,
      "lift_median": 1.4286991357803345
    },
    "conveyable/furniture": {
      "eligible_skus": 6333,
      "pairs_stored": 126660,
      "db_rows": 253320,
      "lift_mean": 1.462211012840271,
      "lift_std": 0.15232692658901215,
      "lift_min": 1.1989457607269287,
      "lift_max": 4.4617390632629395,
      "lift_median": 1.4295824766159058
    },
    "conveyable/seasonal": {
      "eligible_skus": 6328,
      "pairs_stored": 126560,
      "db_rows": 253120,
      "lift_mean": 1.462691307067871,
      "lift_std": 0.15297773480415344,
      "lift_min": 1.209589958190918,
      "lift_max": 4.523159503936768,
      "lift_median": 1.429877758026123
    },
    "non-conveyable/chemical": {
      "eligible_skus": 6406,
      "pairs_stored": 128120,
      "db_rows": 256240,
      "lift_mean": 1.461434006690979,
      "lift_std": 0.1526375263929367,
      "lift_min": 1.193426489830017,
      "lift_max": 4.690367698669434,
      "lift_median": 1.4283242225646973
    },
    "non-conveyable/clothing": {
      "eligible_skus": 6376,
      "pairs_stored": 127520,
      "db_rows": 255040,
      "lift_mean": 1.4617888927459717,
      "lift_std": 0.1522856056690216,
      "lift_min": 1.1972615718841553,
      "lift_max": 4.362558841705322,
      "lift_median": 1.428801417350769
    },
    "non-conveyable/electronic": {
      "eligible_skus": 6458,
      "pairs_stored": 129160,
      "db_rows": 258320,
      "lift_mean": 1.460875153541565,
      "lift_std": 0.15245452523231506,
      "lift_min": 1.1898789405822754,
      "lift_max": 4.675900936126709,
      "lift_median": 1.428410530090332
    },
    "non-conveyable/food": {
      "eligible_skus": 6440,
      "pairs_stored": 128800,
      "db_rows": 257600,
      "lift_mean": 1.460646390914917,
      "lift_std": 0.15158423781394958,
      "lift_min": 1.20182204246521,
      "lift_max": 4.434890270233154,
      "lift_median": 1.427905797958374
    },
    "non-conveyable/furniture": {
      "eligible_skus": 6335,
      "pairs_stored": 126700,
      "db_rows": 253400,
      "lift_mean": 1.462012529373169,
      "lift_std": 0.15187254548072815,
      "lift_min": 1.2078319787979126,
      "lift_max": 4.308732986450195,
      "lift_median": 1.429553747177124
    },
    "non-conveyable/seasonal": {
      "eligible_skus": 6435,
      "pairs_stored": 128700,
      "db_rows": 257400,
      "lift_mean": 1.4614431858062744,
      "lift_std": 0.15260660648345947,
      "lift_min": 1.189839243888855,
      "lift_max": 4.512657642364502,
      "lift_median": 1.4285900592803955
    }
  },
  "source_inventory_db": "c:\\Users\\myfir\\Code and Repos\\Inventory_Location_Optimizer\\Warehouse\\generated\\batches\\batch_20260530_160347\\bimodal_size_decoupled_weight\\inventory\\inventory.db"
}