{
  "name": "inventory",
  "timestamp": "20260531_045806",
  "seed": 53,
  "num_skus": 76500,
  "handling_splits": [
    0.5,
    0.5
  ],
  "category_splits": [
    0.16666666666666669,
    0.16666666666666669,
    0.16666666666666669,
    0.16666666666666669,
    0.16666666666666669,
    0.16666666666666669
  ],
  "handling_labels": [
    "conveyable",
    "non-conveyable"
  ],
  "category_labels": [
    "food",
    "clothing",
    "electronic",
    "furniture",
    "seasonal",
    "chemical"
  ],
  "singleton_fraction": 0.5,
  "dim_spec": {
    "dist": "triangular",
    "low": 3,
    "high": 48,
    "mode": 48
  },
  "weight_spec": {
    "dist": "uniform",
    "low": 1,
    "high": 120
  },
  "quantity_spec": {
    "dist": "beta_scaled",
    "alpha": 2.076923076923077,
    "beta": 6.923076923076923,
    "low": 5,
    "high": 200
  },
  "carton_min_dim": 3,
  "carton_max_dim": 48,
  "singleton_max_dim": 16
}