cell,pair,config,channel,arm,rule,binkey,n,m_cnt,gate_n_ok,gate_prod_ok,branch,solve_s,error
k1_off_rr,mixed_20260816_131535__mixed_realistic_bell_lt0,ful_calibrated,fulfillment,uni_cluster_map_norsl,cluster_map,fulfillment|fulfillment|ff_medium|fulfillment,1558546,74700,False,False,greedy_gate,4.00003045797348e-07,
k1_off_rr,mixed_20260816_131535__mixed_realistic_bell_lt0,ful_calibrated,fulfillment,uni_cluster_map_norsl,cluster_map,conveyable|clothing|medium|pallet,459066,25000,False,False,greedy_gate,6.00004568696022e-07,
k1_off_rr,mixed_20260816_131535__mixed_realistic_bell_lt0,ful_calibrated,fulfillment,uni_cluster_map_norsl,cluster_map,conveyable|clothing|singleton|singleton,16047,1500,False,False,greedy_gate,9.00006853044033e-07,
k1_off_rr,mixed_20260816_131535__mixed_realistic_bell_lt0,ful_calibrated,fulfillment,uni_cluster_map_norsl,cluster_map,conveyable|electronic|medium|pallet,48391,3000,False,False,greedy_gate,2.00001522898674e-07,
k1_off_rr,mixed_20260816_131535__mixed_realistic_bell_lt0,ful_calibrated,fulfillment,uni_cluster_map_norsl,cluster_map,conveyable|seasonal|medium|pallet,23648,1000,False,False,greedy_gate,5.00003807246685e-07,
k1_off_rr,mixed_20260816_131535__mixed_realistic_bell_lt0,ful_calibrated,fulfillment,uni_cluster_map_norsl,cluster_map,fulfillment|fulfillment|ff_large|fulfillment,679203,49800,False,False,greedy_gate,5.00003807246685e-07,
k1_off_rr,mixed_20260816_131535__mixed_realistic_bell_lt0,ful_calibrated,fulfillment,uni_cluster_map_norsl,cluster_map,fulfillment|fulfillment|ff_small|fulfillment,216173,124200,False,False,greedy_gate,6.999907782301307e-07,
k1_off_rr,mixed_20260816_131535__mixed_realistic_bell_lt0,ful_calibrated,fulfillment,uni_cluster_map_norsl,cluster_map,non-conveyable|chemical|medium|pallet,278040,15000,False,False,greedy_gate,4.999892553314567e-07,
k1_off_rr,mixed_20260816_131535__mixed_realistic_bell_lt0,ful_calibrated,fulfillment,uni_cluster_map_norsl,cluster_map,non-conveyable|furniture|large|pallet,26467,1300,False,False,greedy_gate,5.999900167807937e-07,
k1_off_rr,mixed_20260816_131535__mixed_realistic_bell_lt0,ful_calibrated,fulfillment,uni_cluster_map_norsl,cluster_map,conveyable|food|medium|pallet,519600,19000,False,False,greedy_gate,6.00004568696022e-07,
k1_off_rr,mixed_20260816_131535__mixed_realistic_bell_lt0,ful_calibrated,fulfillment,uni_cluster_map_norsl,cluster_map,conveyable|food|singleton|singleton,48068,1500,False,False,greedy_gate,6.999907782301307e-07,
k1_off_rr,mixed_20260816_131535__mixed_realistic_bell_lt0,ful_calibrated,fulfillment,uni_cluster_map_norsl,cluster_map,conveyable|chemical|medium|pallet,187472,10000,False,False,greedy_gate,5.00003807246685e-07,
k1_off_rr,mixed_20260816_131535__mixed_realistic_bell_lt0,ful_calibrated,fulfillment,uni_cluster_map_norsl,cluster_map,conveyable|food|small|pallet,436699,2000,False,False,greedy_gate,5.00003807246685e-07,
k1_off_rr,mixed_20260816_131535__mixed_realistic_bell_lt0,ful_calibrated,fulfillment,uni_cluster_map_norsl,cluster_map,non-conveyable|seasonal|large|pallet,35111,1950,False,False,greedy_gate,5.00003807246685e-07,
k1_off_rr,mixed_20260816_131535__mixed_realistic_bell_lt0,ful_calibrated,fulfillment,uni_cluster_map_norsl,cluster_map,conveyable|clothing|small|pallet,22691,2000,False,False,greedy_gate,6.999907782301307e-07,
k1_off_rr,mixed_20260816_131535__mixed_realistic_bell_lt0,ful_calibrated,fulfillment,uni_cluster_map_norsl,cluster_map,conveyable|electronic|small|pallet,136401,2000,False,False,greedy_gate,4.00003045797348e-07,
k1_off_rr,mixed_20260816_131535__mixed_realistic_bell_lt0,ful_calibrated,fulfillment,uni_cluster_map_norsl,cluster_map,conveyable|electronic|singleton|singleton,46527,1500,False,False,greedy_gate,4.00003045797348e-07,
k1_off_rr,mixed_20260816_131535__mixed_realistic_bell_lt0,ful_calibrated,fulfillment,uni_cluster_map_norsl,cluster_map,conveyable|seasonal|small|pallet,10345,2000,False,False,greedy_gate,8.999923011288047e-07,
k1_off_rr,mixed_20260816_131535__mixed_realistic_bell_lt0,ful_calibrated,fulfillment,uni_cluster_map_norsl,cluster_map,conveyable|seasonal|singleton|singleton,10032,1500,False,False,greedy_gate,3.00002284348011e-07,
k1_off_rr,mixed_20260816_131535__mixed_realistic_bell_lt0,ful_calibrated,fulfillment,uni_cluster_map_norsl,cluster_map,conveyable|electronic|large|pallet,117322,6500,False,False,greedy_gate,6.00004568696022e-07,
k1_off_rr,mixed_20260816_131535__mixed_realistic_bell_lt0,ful_calibrated,fulfillment,uni_cluster_map_norsl,cluster_map,non-conveyable|food|medium|pallet,51438,3000,False,False,greedy_gate,4.00003045797348e-07,
k1_off_rr,mixed_20260816_131535__mixed_realistic_bell_lt0,ful_calibrated,fulfillment,uni_cluster_map_norsl,cluster_map,non-conveyable|food|small|pallet,42966,2000,False,False,greedy_gate,5.999900167807937e-07,
k1_off_rr,mixed_20260816_131535__mixed_realistic_bell_lt0,ful_calibrated,fulfillment,uni_cluster_map_norsl,cluster_map,non-conveyable|electronic|singleton|singleton,3426,1500,False,False,greedy_gate,8.00006091594696e-07,
k1_off_rr,mixed_20260816_131535__mixed_realistic_bell_lt0,ful_calibrated,fulfillment,uni_cluster_map_norsl,cluster_map,conveyable|seasonal|large|pallet,51738,2600,False,False,greedy_gate,9.00006853044033e-07,
k1_off_rr,mixed_20260816_131535__mixed_realistic_bell_lt0,ful_calibrated,fulfillment,uni_cluster_map_norsl,cluster_map,non-conveyable|seasonal|small|pallet,6830,2000,False,False,greedy_gate,1.00000761449337e-06,
k1_off_rr,mixed_20260816_131535__mixed_realistic_bell_lt0,ful_calibrated,fulfillment,uni_cluster_map_norsl,cluster_map,non-conveyable|seasonal|singleton|singleton,6667,1500,False,False,greedy_gate,5.00003807246685e-07,
k1_off_rr,mixed_20260816_131535__mixed_realistic_bell_lt0,ful_calibrated,fulfillment,uni_cluster_map_norsl,cluster_map,non-conveyable|electronic|medium|pallet,3896,1000,False,True,greedy_gate,3.00002284348011e-07,
k1_off_rr,mixed_20260816_131535__mixed_realistic_bell_lt0,ful_calibrated,fulfillment,uni_cluster_map_norsl,cluster_map,non-conveyable|seasonal|medium|pallet,15113,1000,False,False,greedy_gate,7.00005330145359e-07,
k1_off_rr,mixed_20260816_131535__mixed_realistic_bell_lt0,ful_calibrated,fulfillment,uni_cluster_map_norsl,cluster_map,conveyable|furniture|extra_large|pallet,1648,500,False,True,greedy_gate,2.00001522898674e-07,
k1_off_rr,mixed_20260816_131535__mixed_realistic_bell_lt0,ful_calibrated,fulfillment,uni_cluster_map_norsl,cluster_map,non-conveyable|chemical|small|pallet,705,1705,True,True,lap,0.49633080000057817,
k1_off_rr,mixed_20260816_131535__mixed_realistic_bell_lt0,ful_calibrated,fulfillment,uni_cluster_map_norsl,cluster_map,non-conveyable|clothing|medium|pallet,14249,1000,False,False,greedy_gate,4.00003045797348e-07,
k1_off_rr,mixed_20260816_131535__mixed_realistic_bell_lt0,ful_calibrated,fulfillment,uni_cluster_map_norsl,cluster_map,non-conveyable|food|singleton|singleton,4716,1500,False,False,greedy_gate,5.999900167807937e-07,
k1_off_rr,mixed_20260816_131535__mixed_realistic_bell_lt0,ful_calibrated,fulfillment,uni_cluster_map_norsl,cluster_map,non-conveyable|clothing|singleton|singleton,512,1262,True,True,lap,0.19436120000318624,
k1_off_rr,mixed_20260816_131535__mixed_realistic_bell_lt0,ful_calibrated,fulfillment,uni_cluster_map_norsl,cluster_map,non-conveyable|furniture|extra_large|pallet,6518,500,False,True,greedy_gate,4.00003045797348e-07,
k1_off_rr,mixed_20260816_131535__mixed_realistic_bell_lt0,ful_calibrated,fulfillment,uni_cluster_map_norsl,cluster_map,conveyable|furniture|large|pallet,6414,650,False,False,greedy_gate,1.9998697098344564e-07,
k1_off_rr,mixed_20260816_131535__mixed_realistic_bell_lt0,ful_calibrated,fulfillment,uni_cluster_map_norsl,cluster_map,non-conveyable|seasonal|extra_large|pallet,7095,500,False,True,greedy_gate,2.00001522898674e-07,
k1_off_rr,mixed_20260816_131535__mixed_realistic_bell_lt0,ful_calibrated,fulfillment,uni_cluster_map_norsl,cluster_map,non-conveyable|electronic|small|pallet,10505,2000,False,False,greedy_gate,2.00001522898674e-07,
k1_off_rr,mixed_20260816_131535__mixed_realistic_bell_lt0,ful_calibrated,fulfillment,uni_cluster_map_norsl,cluster_map,conveyable|furniture|medium|pallet,206,612,True,True,lap,0.013296900011482649,
k1_off_rr,mixed_20260816_131535__mixed_realistic_bell_lt0,ful_calibrated,fulfillment,uni_cluster_map_norsl,cluster_map,conveyable|clothing|large|pallet,7302,650,False,False,greedy_gate,1.9998697098344564e-07,
k1_off_rr,mixed_20260816_131535__mixed_realistic_bell_lt0,ful_calibrated,fulfillment,uni_cluster_map_norsl,cluster_map,non-conveyable|furniture|medium|pallet,729,1000,True,True,lap,0.22574040001200046,
k1_off_rr,mixed_20260816_131535__mixed_realistic_bell_lt0,ful_calibrated,fulfillment,uni_cluster_map_norsl,cluster_map,non-conveyable|electronic|large|pallet,8619,650,False,False,greedy_gate,2.00001522898674e-07,
k1_off_rr,mixed_20260816_131535__mixed_realistic_bell_lt0,ful_calibrated,fulfillment,uni_cluster_map_norsl,cluster_map,conveyable|chemical|large|pallet,30887,1950,False,False,greedy_gate,3.00002284348011e-07,
k1_off_rr,mixed_20260816_131535__mixed_realistic_bell_lt0,ful_calibrated,fulfillment,uni_cluster_map_norsl,cluster_map,non-conveyable|chemical|large|pallet,46514,2600,False,False,greedy_gate,8.999923011288047e-07,
k1_off_rr,mixed_20260816_131535__mixed_realistic_bell_lt0,ful_calibrated,fulfillment,uni_cluster_map_norsl,cluster_map,conveyable|electronic|extra_large|pallet,1695,500,False,True,greedy_gate,3.9998849388211966e-07,
k1_off_rr,mixed_20260816_131535__mixed_realistic_bell_lt0,ful_calibrated,fulfillment,uni_cluster_map_norsl,cluster_map,conveyable|seasonal|extra_large|pallet,11248,500,False,False,greedy_gate,2.00001522898674e-07,
k1_off_rr,mixed_20260816_131535__mixed_realistic_bell_lt0,ful_calibrated,fulfillment,uni_cluster_map_norsl,cluster_map,conveyable|chemical|singleton|singleton,489,1239,True,True,lap,0.10750209999969229,
k1_off_rr,mixed_20260816_131535__mixed_realistic_bell_lt0,ful_calibrated,fulfillment,uni_cluster_map_norsl,cluster_map,non-conveyable|clothing|small|pallet,524,1448,True,True,lap,0.1720270000078017,
k1_off_rr,mixed_20260816_131535__mixed_realistic_bell_lt0,ful_calibrated,fulfillment,uni_cluster_map_norsl,cluster_map,non-conveyable|chemical|singleton|singleton,805,1500,True,True,lap,0.5125101000012364,
k1_off_rr,mixed_20260816_131535__mixed_realistic_bell_lt0,ful_calibrated,fulfillment,uni_cluster_map_norsl,cluster_map,conveyable|chemical|small|pallet,397,1191,True,True,lap,0.09790039999643341,
k1_off_rr,mixed_20260816_131535__mixed_realistic_bell_lt0,ful_calibrated,fulfillment,uni_cluster_map_norsl,cluster_map,non-conveyable|electronic|extra_large|pallet,61,183,True,True,lap,0.0010713000083342195,
k1_off_rr,mixed_20260816_131535__mixed_realistic_bell_lt0,ful_calibrated,fulfillment,uni_cluster_map_norsl,cluster_map,non-conveyable|clothing|large|pallet,233,583,True,True,lap,0.023327500006416813,
k1_off_rr,mixed_20260816_131535__mixed_realistic_bell_lt0,ful_calibrated,fulfillment,uni_cluster_map_rank_norsl,cluster_map_rank,fulfillment|fulfillment|ff_medium|fulfillment,1558546,74700,False,False,greedy_gate,2.00001522898674e-07,
k1_off_rr,mixed_20260816_131535__mixed_realistic_bell_lt0,ful_calibrated,fulfillment,uni_cluster_map_rank_norsl,cluster_map_rank,conveyable|clothing|medium|pallet,459066,25000,False,False,greedy_gate,4.00003045797348e-07,
k1_off_rr,mixed_20260816_131535__mixed_realistic_bell_lt0,ful_calibrated,fulfillment,uni_cluster_map_rank_norsl,cluster_map_rank,conveyable|clothing|singleton|singleton,16047,1500,False,False,greedy_gate,5.00003807246685e-07,
k1_off_rr,mixed_20260816_131535__mixed_realistic_bell_lt0,ful_calibrated,fulfillment,uni_cluster_map_rank_norsl,cluster_map_rank,conveyable|electronic|medium|pallet,48391,3000,False,False,greedy_gate,3.00002284348011e-07,
k1_off_rr,mixed_20260816_131535__mixed_realistic_bell_lt0,ful_calibrated,fulfillment,uni_cluster_map_rank_norsl,cluster_map_rank,conveyable|seasonal|medium|pallet,23648,1000,False,False,greedy_gate,4.00003045797348e-07,
k1_off_rr,mixed_20260816_131535__mixed_realistic_bell_lt0,ful_calibrated,fulfillment,uni_cluster_map_rank_norsl,cluster_map_rank,fulfillment|fulfillment|ff_large|fulfillment,679203,49800,False,False,greedy_gate,7.999915396794677e-07,
k1_off_rr,mixed_20260816_131535__mixed_realistic_bell_lt0,ful_calibrated,fulfillment,uni_cluster_map_rank_norsl,cluster_map_rank,fulfillment|fulfillment|ff_small|fulfillment,216173,124200,False,False,greedy_gate,8.999923011288047e-07,
k1_off_rr,mixed_20260816_131535__mixed_realistic_bell_lt0,ful_calibrated,fulfillment,uni_cluster_map_rank_norsl,cluster_map_rank,non-conveyable|chemical|medium|pallet,278040,15000,False,False,greedy_gate,7.00005330145359e-07,
k1_off_rr,mixed_20260816_131535__mixed_realistic_bell_lt0,ful_calibrated,fulfillment,uni_cluster_map_rank_norsl,cluster_map_rank,non-conveyable|furniture|large|pallet,26467,1300,False,False,greedy_gate,3.9998849388211966e-07,
k1_off_rr,mixed_20260816_131535__mixed_realistic_bell_lt0,ful_calibrated,fulfillment,uni_cluster_map_rank_norsl,cluster_map_rank,conveyable|food|medium|pallet,519600,19000,False,False,greedy_gate,3.9998849388211966e-07,
k1_off_rr,mixed_20260816_131535__mixed_realistic_bell_lt0,ful_calibrated,fulfillment,uni_cluster_map_rank_norsl,cluster_map_rank,conveyable|food|singleton|singleton,48068,1500,False,False,greedy_gate,5.00003807246685e-07,
k1_off_rr,mixed_20260816_131535__mixed_realistic_bell_lt0,ful_calibrated,fulfillment,uni_cluster_map_rank_norsl,cluster_map_rank,conveyable|chemical|medium|pallet,187472,10000,False,False,greedy_gate,3.00002284348011e-07,
k1_off_rr,mixed_20260816_131535__mixed_realistic_bell_lt0,ful_calibrated,fulfillment,uni_cluster_map_rank_norsl,cluster_map_rank,conveyable|food|small|pallet,436699,2000,False,False,greedy_gate,5.999900167807937e-07,
k1_off_rr,mixed_20260816_131535__mixed_realistic_bell_lt0,ful_calibrated,fulfillment,uni_cluster_map_rank_norsl,cluster_map_rank,non-conveyable|seasonal|large|pallet,35111,1950,False,False,greedy_gate,4.00003045797348e-07,
k1_off_rr,mixed_20260816_131535__mixed_realistic_bell_lt0,ful_calibrated,fulfillment,uni_cluster_map_rank_norsl,cluster_map_rank,conveyable|clothing|small|pallet,22691,2000,False,False,greedy_gate,3.9998849388211966e-07,
k1_off_rr,mixed_20260816_131535__mixed_realistic_bell_lt0,ful_calibrated,fulfillment,uni_cluster_map_rank_norsl,cluster_map_rank,conveyable|electronic|small|pallet,136401,2000,False,False,greedy_gate,1.9998697098344564e-07,
k1_off_rr,mixed_20260816_131535__mixed_realistic_bell_lt0,ful_calibrated,fulfillment,uni_cluster_map_rank_norsl,cluster_map_rank,conveyable|electronic|singleton|singleton,46527,1500,False,False,greedy_gate,4.00003045797348e-07,
k1_off_rr,mixed_20260816_131535__mixed_realistic_bell_lt0,ful_calibrated,fulfillment,uni_cluster_map_rank_norsl,cluster_map_rank,conveyable|seasonal|small|pallet,10345,2000,False,False,greedy_gate,2.00001522898674e-07,
k1_off_rr,mixed_20260816_131535__mixed_realistic_bell_lt0,ful_calibrated,fulfillment,uni_cluster_map_rank_norsl,cluster_map_rank,conveyable|seasonal|singleton|singleton,10032,1500,False,False,greedy_gate,2.00001522898674e-07,
k1_off_rr,mixed_20260816_131535__mixed_realistic_bell_lt0,ful_calibrated,fulfillment,uni_cluster_map_rank_norsl,cluster_map_rank,conveyable|electronic|large|pallet,117322,6500,False,False,greedy_gate,4.00003045797348e-07,
k1_off_rr,mixed_20260816_131535__mixed_realistic_bell_lt0,ful_calibrated,fulfillment,uni_cluster_map_rank_norsl,cluster_map_rank,non-conveyable|food|medium|pallet,51438,3000,False,False,greedy_gate,4.999892553314567e-07,
k1_off_rr,mixed_20260816_131535__mixed_realistic_bell_lt0,ful_calibrated,fulfillment,uni_cluster_map_rank_norsl,cluster_map_rank,non-conveyable|food|small|pallet,42966,2000,False,False,greedy_gate,4.00003045797348e-07,
k1_off_rr,mixed_20260816_131535__mixed_realistic_bell_lt0,ful_calibrated,fulfillment,uni_cluster_map_rank_norsl,cluster_map_rank,non-conveyable|electronic|singleton|singleton,3426,1500,False,False,greedy_gate,2.00001522898674e-07,
k1_off_rr,mixed_20260816_131535__mixed_realistic_bell_lt0,ful_calibrated,fulfillment,uni_cluster_map_rank_norsl,cluster_map_rank,conveyable|seasonal|large|pallet,51738,2600,False,False,greedy_gate,3.00002284348011e-07,
k1_off_rr,mixed_20260816_131535__mixed_realistic_bell_lt0,ful_calibrated,fulfillment,uni_cluster_map_rank_norsl,cluster_map_rank,non-conveyable|seasonal|small|pallet,6830,2000,False,False,greedy_gate,2.9998773243278265e-07,
k1_off_rr,mixed_20260816_131535__mixed_realistic_bell_lt0,ful_calibrated,fulfillment,uni_cluster_map_rank_norsl,cluster_map_rank,non-conveyable|seasonal|singleton|singleton,6667,1500,False,False,greedy_gate,2.00001522898674e-07,
k1_off_rr,mixed_20260816_131535__mixed_realistic_bell_lt0,ful_calibrated,fulfillment,uni_cluster_map_rank_norsl,cluster_map_rank,non-conveyable|electronic|medium|pallet,3896,1000,False,True,greedy_gate,2.00001522898674e-07,
k1_off_rr,mixed_20260816_131535__mixed_realistic_bell_lt0,ful_calibrated,fulfillment,uni_cluster_map_rank_norsl,cluster_map_rank,non-conveyable|seasonal|medium|pallet,15113,1000,False,False,greedy_gate,2.00001522898674e-07,
k1_off_rr,mixed_20260816_131535__mixed_realistic_bell_lt0,ful_calibrated,fulfillment,uni_cluster_map_rank_norsl,cluster_map_rank,conveyable|furniture|extra_large|pallet,1648,500,False,True,greedy_gate,3.00002284348011e-07,
k1_off_rr,mixed_20260816_131535__mixed_realistic_bell_lt0,ful_calibrated,fulfillment,uni_cluster_map_rank_norsl,cluster_map_rank,non-conveyable|chemical|small|pallet,705,1705,True,True,lap,0.3400326999981189,
k1_off_rr,mixed_20260816_131535__mixed_realistic_bell_lt0,ful_calibrated,fulfillment,uni_cluster_map_rank_norsl,cluster_map_rank,non-conveyable|clothing|medium|pallet,14249,1000,False,False,greedy_gate,2.00001522898674e-07,
k1_off_rr,mixed_20260816_131535__mixed_realistic_bell_lt0,ful_calibrated,fulfillment,uni_cluster_map_rank_norsl,cluster_map_rank,non-conveyable|food|singleton|singleton,4716,1500,False,False,greedy_gate,3.00002284348011e-07,
k1_off_rr,mixed_20260816_131535__mixed_realistic_bell_lt0,ful_calibrated,fulfillment,uni_cluster_map_rank_norsl,cluster_map_rank,non-conveyable|clothing|singleton|singleton,512,1262,True,True,lap,0.1251238000113517,
k1_off_rr,mixed_20260816_131535__mixed_realistic_bell_lt0,ful_calibrated,fulfillment,uni_cluster_map_rank_norsl,cluster_map_rank,non-conveyable|furniture|extra_large|pallet,6518,500,False,True,greedy_gate,3.9998849388211966e-07,
k1_off_rr,mixed_20260816_131535__mixed_realistic_bell_lt0,ful_calibrated,fulfillment,uni_cluster_map_rank_norsl,cluster_map_rank,conveyable|furniture|large|pallet,6414,650,False,False,greedy_gate,6.00004568696022e-07,
k1_off_rr,mixed_20260816_131535__mixed_realistic_bell_lt0,ful_calibrated,fulfillment,uni_cluster_map_rank_norsl,cluster_map_rank,non-conveyable|seasonal|extra_large|pallet,7095,500,False,True,greedy_gate,2.00001522898674e-07,
k1_off_rr,mixed_20260816_131535__mixed_realistic_bell_lt0,ful_calibrated,fulfillment,uni_cluster_map_rank_norsl,cluster_map_rank,non-conveyable|electronic|small|pallet,10505,2000,False,False,greedy_gate,5.00003807246685e-07,
k1_off_rr,mixed_20260816_131535__mixed_realistic_bell_lt0,ful_calibrated,fulfillment,uni_cluster_map_rank_norsl,cluster_map_rank,conveyable|furniture|medium|pallet,206,612,True,True,lap,0.012866199991549365,
k1_off_rr,mixed_20260816_131535__mixed_realistic_bell_lt0,ful_calibrated,fulfillment,uni_cluster_map_rank_norsl,cluster_map_rank,conveyable|clothing|large|pallet,7302,650,False,False,greedy_gate,5.00003807246685e-07,
k1_off_rr,mixed_20260816_131535__mixed_realistic_bell_lt0,ful_calibrated,fulfillment,uni_cluster_map_rank_norsl,cluster_map_rank,non-conveyable|furniture|medium|pallet,729,1000,True,True,lap,0.22288570000091568,
k1_off_rr,mixed_20260816_131535__mixed_realistic_bell_lt0,ful_calibrated,fulfillment,uni_cluster_map_rank_norsl,cluster_map_rank,non-conveyable|electronic|large|pallet,8619,650,False,False,greedy_gate,4.00003045797348e-07,
k1_off_rr,mixed_20260816_131535__mixed_realistic_bell_lt0,ful_calibrated,fulfillment,uni_cluster_map_rank_norsl,cluster_map_rank,conveyable|chemical|large|pallet,30887,1950,False,False,greedy_gate,1.00000761449337e-07,
k1_off_rr,mixed_20260816_131535__mixed_realistic_bell_lt0,ful_calibrated,fulfillment,uni_cluster_map_rank_norsl,cluster_map_rank,non-conveyable|chemical|large|pallet,46514,2600,False,False,greedy_gate,2.00001522898674e-07,
k1_off_rr,mixed_20260816_131535__mixed_realistic_bell_lt0,ful_calibrated,fulfillment,uni_cluster_map_rank_norsl,cluster_map_rank,conveyable|electronic|extra_large|pallet,1695,500,False,True,greedy_gate,1.00000761449337e-07,
k1_off_rr,mixed_20260816_131535__mixed_realistic_bell_lt0,ful_calibrated,fulfillment,uni_cluster_map_rank_norsl,cluster_map_rank,conveyable|seasonal|extra_large|pallet,11248,500,False,False,greedy_gate,2.00001522898674e-07,
k1_off_rr,mixed_20260816_131535__mixed_realistic_bell_lt0,ful_calibrated,fulfillment,uni_cluster_map_rank_norsl,cluster_map_rank,conveyable|chemical|singleton|singleton,489,1239,True,True,lap,0.1070045999949798,
k1_off_rr,mixed_20260816_131535__mixed_realistic_bell_lt0,ful_calibrated,fulfillment,uni_cluster_map_rank_norsl,cluster_map_rank,non-conveyable|clothing|small|pallet,524,1448,True,True,lap,0.16492989999824204,
k1_off_rr,mixed_20260816_131535__mixed_realistic_bell_lt0,ful_calibrated,fulfillment,uni_cluster_map_rank_norsl,cluster_map_rank,non-conveyable|chemical|singleton|singleton,805,1500,True,True,lap,0.36683959999936633,
k1_off_rr,mixed_20260816_131535__mixed_realistic_bell_lt0,ful_calibrated,fulfillment,uni_cluster_map_rank_norsl,cluster_map_rank,conveyable|chemical|small|pallet,397,1191,True,True,lap,0.08052499999757856,
k1_off_rr,mixed_20260816_131535__mixed_realistic_bell_lt0,ful_calibrated,fulfillment,uni_cluster_map_rank_norsl,cluster_map_rank,non-conveyable|electronic|extra_large|pallet,61,183,True,True,lap,0.0006915999983903021,
k1_off_rr,mixed_20260816_131535__mixed_realistic_bell_lt0,ful_calibrated,fulfillment,uni_cluster_map_rank_norsl,cluster_map_rank,non-conveyable|clothing|large|pallet,233,583,True,True,lap,0.013096199996653013,
k1_off_rr,mixed_20260816_131535__mixed_realistic_bell_lt0,ful_calibrated,fulfillment,uni_map_norsl,map,fulfillment|fulfillment|ff_medium|fulfillment,1558546,74700,False,False,greedy_gate,4.00003045797348e-07,
k1_off_rr,mixed_20260816_131535__mixed_realistic_bell_lt0,ful_calibrated,fulfillment,uni_map_norsl,map,conveyable|clothing|medium|pallet,459066,25000,False,False,greedy_gate,3.00002284348011e-07,
k1_off_rr,mixed_20260816_131535__mixed_realistic_bell_lt0,ful_calibrated,fulfillment,uni_map_norsl,map,conveyable|clothing|singleton|singleton,16047,1500,False,False,greedy_gate,5.00003807246685e-07,
k1_off_rr,mixed_20260816_131535__mixed_realistic_bell_lt0,ful_calibrated,fulfillment,uni_map_norsl,map,conveyable|electronic|medium|pallet,48391,3000,False,False,greedy_gate,4.00003045797348e-07,
k1_off_rr,mixed_20260816_131535__mixed_realistic_bell_lt0,ful_calibrated,fulfillment,uni_map_norsl,map,conveyable|seasonal|medium|pallet,23648,1000,False,False,greedy_gate,9.00006853044033e-07,
k1_off_rr,mixed_20260816_131535__mixed_realistic_bell_lt0,ful_calibrated,fulfillment,uni_map_norsl,map,fulfillment|fulfillment|ff_large|fulfillment,679203,49800,False,False,greedy_gate,7.999915396794677e-07,
k1_off_rr,mixed_20260816_131535__mixed_realistic_bell_lt0,ful_calibrated,fulfillment,uni_map_norsl,map,fulfillment|fulfillment|ff_small|fulfillment,216173,124200,False,False,greedy_gate,7.00005330145359e-07,
k1_off_rr,mixed_20260816_131535__mixed_realistic_bell_lt0,ful_calibrated,fulfillment,uni_map_norsl,map,non-conveyable|chemical|medium|pallet,278040,15000,False,False,greedy_gate,7.00005330145359e-07,
k1_off_rr,mixed_20260816_131535__mixed_realistic_bell_lt0,ful_calibrated,fulfillment,uni_map_norsl,map,non-conveyable|furniture|large|pallet,26467,1300,False,False,greedy_gate,4.00003045797348e-07,
k1_off_rr,mixed_20260816_131535__mixed_realistic_bell_lt0,ful_calibrated,fulfillment,uni_map_norsl,map,conveyable|food|medium|pallet,519600,19000,False,False,greedy_gate,6.00004568696022e-07,
k1_off_rr,mixed_20260816_131535__mixed_realistic_bell_lt0,ful_calibrated,fulfillment,uni_map_norsl,map,conveyable|food|singleton|singleton,48068,1500,False,False,greedy_gate,4.00003045797348e-07,
k1_off_rr,mixed_20260816_131535__mixed_realistic_bell_lt0,ful_calibrated,fulfillment,uni_map_norsl,map,conveyable|chemical|medium|pallet,187472,10000,False,False,greedy_gate,2.00001522898674e-07,
k1_off_rr,mixed_20260816_131535__mixed_realistic_bell_lt0,ful_calibrated,fulfillment,uni_map_norsl,map,conveyable|food|small|pallet,436699,2000,False,False,greedy_gate,5.00003807246685e-07,
k1_off_rr,mixed_20260816_131535__mixed_realistic_bell_lt0,ful_calibrated,fulfillment,uni_map_norsl,map,non-conveyable|seasonal|large|pallet,35111,1950,False,False,greedy_gate,4.00003045797348e-07,
k1_off_rr,mixed_20260816_131535__mixed_realistic_bell_lt0,ful_calibrated,fulfillment,uni_map_norsl,map,conveyable|clothing|small|pallet,22691,2000,False,False,greedy_gate,4.00003045797348e-07,
k1_off_rr,mixed_20260816_131535__mixed_realistic_bell_lt0,ful_calibrated,fulfillment,uni_map_norsl,map,conveyable|electronic|small|pallet,136401,2000,False,False,greedy_gate,5.00003807246685e-07,
k1_off_rr,mixed_20260816_131535__mixed_realistic_bell_lt0,ful_calibrated,fulfillment,uni_map_norsl,map,conveyable|electronic|singleton|singleton,46527,1500,False,False,greedy_gate,4.00003045797348e-07,
k1_off_rr,mixed_20260816_131535__mixed_realistic_bell_lt0,ful_calibrated,fulfillment,uni_map_norsl,map,conveyable|seasonal|small|pallet,10345,2000,False,False,greedy_gate,3.00002284348011e-07,
k1_off_rr,mixed_20260816_131535__mixed_realistic_bell_lt0,ful_calibrated,fulfillment,uni_map_norsl,map,conveyable|seasonal|singleton|singleton,10032,1500,False,False,greedy_gate,2.00001522898674e-07,
k1_off_rr,mixed_20260816_131535__mixed_realistic_bell_lt0,ful_calibrated,fulfillment,uni_map_norsl,map,conveyable|electronic|large|pallet,117322,6500,False,False,greedy_gate,3.00002284348011e-07,
k1_off_rr,mixed_20260816_131535__mixed_realistic_bell_lt0,ful_calibrated,fulfillment,uni_map_norsl,map,non-conveyable|food|medium|pallet,51438,3000,False,False,greedy_gate,5.00003807246685e-07,
k1_off_rr,mixed_20260816_131535__mixed_realistic_bell_lt0,ful_calibrated,fulfillment,uni_map_norsl,map,non-conveyable|food|small|pallet,42966,2000,False,False,greedy_gate,2.00001522898674e-07,
k1_off_rr,mixed_20260816_131535__mixed_realistic_bell_lt0,ful_calibrated,fulfillment,uni_map_norsl,map,non-conveyable|electronic|singleton|singleton,3426,1500,False,False,greedy_gate,3.00002284348011e-07,
k1_off_rr,mixed_20260816_131535__mixed_realistic_bell_lt0,ful_calibrated,fulfillment,uni_map_norsl,map,conveyable|seasonal|large|pallet,51738,2600,False,False,greedy_gate,3.00002284348011e-07,
k1_off_rr,mixed_20260816_131535__mixed_realistic_bell_lt0,ful_calibrated,fulfillment,uni_map_norsl,map,non-conveyable|seasonal|small|pallet,6830,2000,False,False,greedy_gate,2.00001522898674e-07,
k1_off_rr,mixed_20260816_131535__mixed_realistic_bell_lt0,ful_calibrated,fulfillment,uni_map_norsl,map,non-conveyable|seasonal|singleton|singleton,6667,1500,False,False,greedy_gate,2.00001522898674e-07,
k1_off_rr,mixed_20260816_131535__mixed_realistic_bell_lt0,ful_calibrated,fulfillment,uni_map_norsl,map,non-conveyable|electronic|medium|pallet,3896,1000,False,True,greedy_gate,3.00002284348011e-07,
k1_off_rr,mixed_20260816_131535__mixed_realistic_bell_lt0,ful_calibrated,fulfillment,uni_map_norsl,map,non-conveyable|seasonal|medium|pallet,15113,1000,False,False,greedy_gate,2.00001522898674e-07,
k1_off_rr,mixed_20260816_131535__mixed_realistic_bell_lt0,ful_calibrated,fulfillment,uni_map_norsl,map,conveyable|furniture|extra_large|pallet,1648,500,False,True,greedy_gate,2.00001522898674e-07,
k1_off_rr,mixed_20260816_131535__mixed_realistic_bell_lt0,ful_calibrated,fulfillment,uni_map_norsl,map,non-conveyable|chemical|small|pallet,705,1705,True,True,lap,0.3476021000096807,
k1_off_rr,mixed_20260816_131535__mixed_realistic_bell_lt0,ful_calibrated,fulfillment,uni_map_norsl,map,non-conveyable|clothing|medium|pallet,14249,1000,False,False,greedy_gate,3.00002284348011e-07,
k1_off_rr,mixed_20260816_131535__mixed_realistic_bell_lt0,ful_calibrated,fulfillment,uni_map_norsl,map,non-conveyable|food|singleton|singleton,4716,1500,False,False,greedy_gate,2.00001522898674e-07,
k1_off_rr,mixed_20260816_131535__mixed_realistic_bell_lt0,ful_calibrated,fulfillment,uni_map_norsl,map,non-conveyable|clothing|singleton|singleton,512,1262,True,True,lap,0.1357614000007743,
k1_off_rr,mixed_20260816_131535__mixed_realistic_bell_lt0,ful_calibrated,fulfillment,uni_map_norsl,map,non-conveyable|furniture|extra_large|pallet,6518,500,False,True,greedy_gate,4.00003045797348e-07,
k1_off_rr,mixed_20260816_131535__mixed_realistic_bell_lt0,ful_calibrated,fulfillment,uni_map_norsl,map,conveyable|furniture|large|pallet,6414,650,False,False,greedy_gate,1.9998697098344564e-07,
k1_off_rr,mixed_20260816_131535__mixed_realistic_bell_lt0,ful_calibrated,fulfillment,uni_map_norsl,map,non-conveyable|seasonal|extra_large|pallet,7095,500,False,True,greedy_gate,2.00001522898674e-07,
k1_off_rr,mixed_20260816_131535__mixed_realistic_bell_lt0,ful_calibrated,fulfillment,uni_map_norsl,map,non-conveyable|electronic|small|pallet,10505,2000,False,False,greedy_gate,2.00001522898674e-07,
k1_off_rr,mixed_20260816_131535__mixed_realistic_bell_lt0,ful_calibrated,fulfillment,uni_map_norsl,map,conveyable|furniture|medium|pallet,206,612,True,True,lap,0.013329700013855472,
k1_off_rr,mixed_20260816_131535__mixed_realistic_bell_lt0,ful_calibrated,fulfillment,uni_map_norsl,map,conveyable|clothing|large|pallet,7302,650,False,False,greedy_gate,2.9998773243278265e-07,
k1_off_rr,mixed_20260816_131535__mixed_realistic_bell_lt0,ful_calibrated,fulfillment,uni_map_norsl,map,non-conveyable|furniture|medium|pallet,729,1000,True,True,lap,0.22672950000560377,
k1_off_rr,mixed_20260816_131535__mixed_realistic_bell_lt0,ful_calibrated,fulfillment,uni_map_norsl,map,non-conveyable|electronic|large|pallet,8619,650,False,False,greedy_gate,3.00002284348011e-07,
k1_off_rr,mixed_20260816_131535__mixed_realistic_bell_lt0,ful_calibrated,fulfillment,uni_map_norsl,map,conveyable|chemical|large|pallet,30887,1950,False,False,greedy_gate,2.00001522898674e-07,
k1_off_rr,mixed_20260816_131535__mixed_realistic_bell_lt0,ful_calibrated,fulfillment,uni_map_norsl,map,non-conveyable|chemical|large|pallet,46514,2600,False,False,greedy_gate,2.9998773243278265e-07,
k1_off_rr,mixed_20260816_131535__mixed_realistic_bell_lt0,ful_calibrated,fulfillment,uni_map_norsl,map,conveyable|electronic|extra_large|pallet,1695,500,False,True,greedy_gate,2.00001522898674e-07,
k1_off_rr,mixed_20260816_131535__mixed_realistic_bell_lt0,ful_calibrated,fulfillment,uni_map_norsl,map,conveyable|seasonal|extra_large|pallet,11248,500,False,False,greedy_gate,2.00001522898674e-07,
k1_off_rr,mixed_20260816_131535__mixed_realistic_bell_lt0,ful_calibrated,fulfillment,uni_map_norsl,map,conveyable|chemical|singleton|singleton,489,1239,True,True,lap,0.10493040000437759,
k1_off_rr,mixed_20260816_131535__mixed_realistic_bell_lt0,ful_calibrated,fulfillment,uni_map_norsl,map,non-conveyable|clothing|small|pallet,524,1448,True,True,lap,0.1644592999946326,
k1_off_rr,mixed_20260816_131535__mixed_realistic_bell_lt0,ful_calibrated,fulfillment,uni_map_norsl,map,non-conveyable|chemical|singleton|singleton,805,1500,True,True,lap,0.3644423999940045,
k1_off_rr,mixed_20260816_131535__mixed_realistic_bell_lt0,ful_calibrated,fulfillment,uni_map_norsl,map,conveyable|chemical|small|pallet,397,1191,True,True,lap,0.08085630000277888,
k1_off_rr,mixed_20260816_131535__mixed_realistic_bell_lt0,ful_calibrated,fulfillment,uni_map_norsl,map,non-conveyable|electronic|extra_large|pallet,61,183,True,True,lap,0.0006671000010101125,
k1_off_rr,mixed_20260816_131535__mixed_realistic_bell_lt0,ful_calibrated,fulfillment,uni_map_norsl,map,non-conveyable|clothing|large|pallet,233,583,True,True,lap,0.013066999992588535,
k1_off_rr,mixed_20260816_131535__mixed_realistic_bell_lt0,ful_calibrated,fulfillment,uni_map_rank_norsl,map_rank,fulfillment|fulfillment|ff_medium|fulfillment,1558546,74700,False,False,greedy_gate,4.00003045797348e-07,
k1_off_rr,mixed_20260816_131535__mixed_realistic_bell_lt0,ful_calibrated,fulfillment,uni_map_rank_norsl,map_rank,conveyable|clothing|medium|pallet,459066,25000,False,False,greedy_gate,6.00004568696022e-07,
k1_off_rr,mixed_20260816_131535__mixed_realistic_bell_lt0,ful_calibrated,fulfillment,uni_map_rank_norsl,map_rank,conveyable|clothing|singleton|singleton,16047,1500,False,False,greedy_gate,3.9998849388211966e-07,
k1_off_rr,mixed_20260816_131535__mixed_realistic_bell_lt0,ful_calibrated,fulfillment,uni_map_rank_norsl,map_rank,conveyable|electronic|medium|pallet,48391,3000,False,False,greedy_gate,4.00003045797348e-07,
k1_off_rr,mixed_20260816_131535__mixed_realistic_bell_lt0,ful_calibrated,fulfillment,uni_map_rank_norsl,map_rank,conveyable|seasonal|medium|pallet,23648,1000,False,False,greedy_gate,1.00000761449337e-07,
k1_off_rr,mixed_20260816_131535__mixed_realistic_bell_lt0,ful_calibrated,fulfillment,uni_map_rank_norsl,map_rank,fulfillment|fulfillment|ff_large|fulfillment,679203,49800,False,False,greedy_gate,5.00003807246685e-07,
k1_off_rr,mixed_20260816_131535__mixed_realistic_bell_lt0,ful_calibrated,fulfillment,uni_map_rank_norsl,map_rank,fulfillment|fulfillment|ff_small|fulfillment,216173,124200,False,False,greedy_gate,7.00005330145359e-07,
k1_off_rr,mixed_20260816_131535__mixed_realistic_bell_lt0,ful_calibrated,fulfillment,uni_map_rank_norsl,map_rank,non-conveyable|chemical|medium|pallet,278040,15000,False,False,greedy_gate,4.00003045797348e-07,
k1_off_rr,mixed_20260816_131535__mixed_realistic_bell_lt0,ful_calibrated,fulfillment,uni_map_rank_norsl,map_rank,non-conveyable|furniture|large|pallet,26467,1300,False,False,greedy_gate,6.00004568696022e-07,
k1_off_rr,mixed_20260816_131535__mixed_realistic_bell_lt0,ful_calibrated,fulfillment,uni_map_rank_norsl,map_rank,conveyable|food|medium|pallet,519600,19000,False,False,greedy_gate,6.999907782301307e-07,
k1_off_rr,mixed_20260816_131535__mixed_realistic_bell_lt0,ful_calibrated,fulfillment,uni_map_rank_norsl,map_rank,conveyable|food|singleton|singleton,48068,1500,False,False,greedy_gate,7.00005330145359e-07,
k1_off_rr,mixed_20260816_131535__mixed_realistic_bell_lt0,ful_calibrated,fulfillment,uni_map_rank_norsl,map_rank,conveyable|chemical|medium|pallet,187472,10000,False,False,greedy_gate,2.9998773243278265e-07,
k1_off_rr,mixed_20260816_131535__mixed_realistic_bell_lt0,ful_calibrated,fulfillment,uni_map_rank_norsl,map_rank,conveyable|food|small|pallet,436699,2000,False,False,greedy_gate,4.999892553314567e-07,
k1_off_rr,mixed_20260816_131535__mixed_realistic_bell_lt0,ful_calibrated,fulfillment,uni_map_rank_norsl,map_rank,non-conveyable|seasonal|large|pallet,35111,1950,False,False,greedy_gate,5.00003807246685e-07,
k1_off_rr,mixed_20260816_131535__mixed_realistic_bell_lt0,ful_calibrated,fulfillment,uni_map_rank_norsl,map_rank,conveyable|clothing|small|pallet,22691,2000,False,False,greedy_gate,3.00002284348011e-07,
k1_off_rr,mixed_20260816_131535__mixed_realistic_bell_lt0,ful_calibrated,fulfillment,uni_map_rank_norsl,map_rank,conveyable|electronic|small|pallet,136401,2000,False,False,greedy_gate,3.9998849388211966e-07,
k1_off_rr,mixed_20260816_131535__mixed_realistic_bell_lt0,ful_calibrated,fulfillment,uni_map_rank_norsl,map_rank,conveyable|electronic|singleton|singleton,46527,1500,False,False,greedy_gate,2.00001522898674e-07,
k1_off_rr,mixed_20260816_131535__mixed_realistic_bell_lt0,ful_calibrated,fulfillment,uni_map_rank_norsl,map_rank,conveyable|seasonal|small|pallet,10345,2000,False,False,greedy_gate,3.00002284348011e-07,
k1_off_rr,mixed_20260816_131535__mixed_realistic_bell_lt0,ful_calibrated,fulfillment,uni_map_rank_norsl,map_rank,conveyable|seasonal|singleton|singleton,10032,1500,False,False,greedy_gate,2.00001522898674e-07,
k1_off_rr,mixed_20260816_131535__mixed_realistic_bell_lt0,ful_calibrated,fulfillment,uni_map_rank_norsl,map_rank,conveyable|electronic|large|pallet,117322,6500,False,False,greedy_gate,1.00000761449337e-07,
k1_off_rr,mixed_20260816_131535__mixed_realistic_bell_lt0,ful_calibrated,fulfillment,uni_map_rank_norsl,map_rank,non-conveyable|food|medium|pallet,51438,3000,False,False,greedy_gate,3.00002284348011e-07,
k1_off_rr,mixed_20260816_131535__mixed_realistic_bell_lt0,ful_calibrated,fulfillment,uni_map_rank_norsl,map_rank,non-conveyable|food|small|pallet,42966,2000,False,False,greedy_gate,3.00002284348011e-07,
k1_off_rr,mixed_20260816_131535__mixed_realistic_bell_lt0,ful_calibrated,fulfillment,uni_map_rank_norsl,map_rank,non-conveyable|electronic|singleton|singleton,3426,1500,False,False,greedy_gate,3.00002284348011e-07,
k1_off_rr,mixed_20260816_131535__mixed_realistic_bell_lt0,ful_calibrated,fulfillment,uni_map_rank_norsl,map_rank,conveyable|seasonal|large|pallet,51738,2600,False,False,greedy_gate,1.00000761449337e-07,
k1_off_rr,mixed_20260816_131535__mixed_realistic_bell_lt0,ful_calibrated,fulfillment,uni_map_rank_norsl,map_rank,non-conveyable|seasonal|small|pallet,6830,2000,False,False,greedy_gate,3.00002284348011e-07,
k1_off_rr,mixed_20260816_131535__mixed_realistic_bell_lt0,ful_calibrated,fulfillment,uni_map_rank_norsl,map_rank,non-conveyable|seasonal|singleton|singleton,6667,1500,False,False,greedy_gate,3.00002284348011e-07,
k1_off_rr,mixed_20260816_131535__mixed_realistic_bell_lt0,ful_calibrated,fulfillment,uni_map_rank_norsl,map_rank,non-conveyable|electronic|medium|pallet,3896,1000,False,True,greedy_gate,3.00002284348011e-07,
k1_off_rr,mixed_20260816_131535__mixed_realistic_bell_lt0,ful_calibrated,fulfillment,uni_map_rank_norsl,map_rank,non-conveyable|seasonal|medium|pallet,15113,1000,False,False,greedy_gate,1.9998697098344564e-07,
k1_off_rr,mixed_20260816_131535__mixed_realistic_bell_lt0,ful_calibrated,fulfillment,uni_map_rank_norsl,map_rank,conveyable|furniture|extra_large|pallet,1648,500,False,True,greedy_gate,3.00002284348011e-07,
k1_off_rr,mixed_20260816_131535__mixed_realistic_bell_lt0,ful_calibrated,fulfillment,uni_map_rank_norsl,map_rank,non-conveyable|chemical|small|pallet,705,1705,True,True,lap,0.34208590000343975,
k1_off_rr,mixed_20260816_131535__mixed_realistic_bell_lt0,ful_calibrated,fulfillment,uni_map_rank_norsl,map_rank,non-conveyable|clothing|medium|pallet,14249,1000,False,False,greedy_gate,5.00003807246685e-07,
k1_off_rr,mixed_20260816_131535__mixed_realistic_bell_lt0,ful_calibrated,fulfillment,uni_map_rank_norsl,map_rank,non-conveyable|food|singleton|singleton,4716,1500,False,False,greedy_gate,2.00001522898674e-07,
k1_off_rr,mixed_20260816_131535__mixed_realistic_bell_lt0,ful_calibrated,fulfillment,uni_map_rank_norsl,map_rank,non-conveyable|clothing|singleton|singleton,512,1262,True,True,lap,0.12781179999001324,
k1_off_rr,mixed_20260816_131535__mixed_realistic_bell_lt0,ful_calibrated,fulfillment,uni_map_rank_norsl,map_rank,non-conveyable|furniture|extra_large|pallet,6518,500,False,True,greedy_gate,2.00001522898674e-07,
k1_off_rr,mixed_20260816_131535__mixed_realistic_bell_lt0,ful_calibrated,fulfillment,uni_map_rank_norsl,map_rank,conveyable|furniture|large|pallet,6414,650,False,False,greedy_gate,2.00001522898674e-07,
k1_off_rr,mixed_20260816_131535__mixed_realistic_bell_lt0,ful_calibrated,fulfillment,uni_map_rank_norsl,map_rank,non-conveyable|seasonal|extra_large|pallet,7095,500,False,True,greedy_gate,2.00001522898674e-07,
k1_off_rr,mixed_20260816_131535__mixed_realistic_bell_lt0,ful_calibrated,fulfillment,uni_map_rank_norsl,map_rank,non-conveyable|electronic|small|pallet,10505,2000,False,False,greedy_gate,1.9998697098344564e-07,
k1_off_rr,mixed_20260816_131535__mixed_realistic_bell_lt0,ful_calibrated,fulfillment,uni_map_rank_norsl,map_rank,conveyable|furniture|medium|pallet,206,612,True,True,lap,0.013349700006074272,
k1_off_rr,mixed_20260816_131535__mixed_realistic_bell_lt0,ful_calibrated,fulfillment,uni_map_rank_norsl,map_rank,conveyable|clothing|large|pallet,7302,650,False,False,greedy_gate,2.00001522898674e-07,
k1_off_rr,mixed_20260816_131535__mixed_realistic_bell_lt0,ful_calibrated,fulfillment,uni_map_rank_norsl,map_rank,non-conveyable|furniture|medium|pallet,729,1000,True,True,lap,0.220681799997692,
k1_off_rr,mixed_20260816_131535__mixed_realistic_bell_lt0,ful_calibrated,fulfillment,uni_map_rank_norsl,map_rank,non-conveyable|electronic|large|pallet,8619,650,False,False,greedy_gate,2.00001522898674e-07,
k1_off_rr,mixed_20260816_131535__mixed_realistic_bell_lt0,ful_calibrated,fulfillment,uni_map_rank_norsl,map_rank,conveyable|chemical|large|pallet,30887,1950,False,False,greedy_gate,1.00000761449337e-07,
k1_off_rr,mixed_20260816_131535__mixed_realistic_bell_lt0,ful_calibrated,fulfillment,uni_map_rank_norsl,map_rank,non-conveyable|chemical|large|pallet,46514,2600,False,False,greedy_gate,3.00002284348011e-07,
k1_off_rr,mixed_20260816_131535__mixed_realistic_bell_lt0,ful_calibrated,fulfillment,uni_map_rank_norsl,map_rank,conveyable|electronic|extra_large|pallet,1695,500,False,True,greedy_gate,2.00001522898674e-07,
k1_off_rr,mixed_20260816_131535__mixed_realistic_bell_lt0,ful_calibrated,fulfillment,uni_map_rank_norsl,map_rank,conveyable|seasonal|extra_large|pallet,11248,500,False,False,greedy_gate,2.00001522898674e-07,
k1_off_rr,mixed_20260816_131535__mixed_realistic_bell_lt0,ful_calibrated,fulfillment,uni_map_rank_norsl,map_rank,conveyable|chemical|singleton|singleton,489,1239,True,True,lap,0.10668810000061058,
k1_off_rr,mixed_20260816_131535__mixed_realistic_bell_lt0,ful_calibrated,fulfillment,uni_map_rank_norsl,map_rank,non-conveyable|clothing|small|pallet,524,1448,True,True,lap,0.16912320000119507,
k1_off_rr,mixed_20260816_131535__mixed_realistic_bell_lt0,ful_calibrated,fulfillment,uni_map_rank_norsl,map_rank,non-conveyable|chemical|singleton|singleton,805,1500,True,True,lap,0.3652857000124641,
k1_off_rr,mixed_20260816_131535__mixed_realistic_bell_lt0,ful_calibrated,fulfillment,uni_map_rank_norsl,map_rank,conveyable|chemical|small|pallet,397,1191,True,True,lap,0.08125119999749586,
k1_off_rr,mixed_20260816_131535__mixed_realistic_bell_lt0,ful_calibrated,fulfillment,uni_map_rank_norsl,map_rank,non-conveyable|electronic|extra_large|pallet,61,183,True,True,lap,0.0006698000070173293,
k1_off_rr,mixed_20260816_131535__mixed_realistic_bell_lt0,ful_calibrated,fulfillment,uni_map_rank_norsl,map_rank,non-conveyable|clothing|large|pallet,233,583,True,True,lap,0.013088599996990524,
k1_off_rr,mixed_20260816_131535__mixed_realistic_bell_lt0,store,store,uni_cluster_map_norsl,cluster_map,fulfillment|fulfillment|ff_medium|fulfillment,1558546,74700,False,False,greedy_gate,2.00001522898674e-07,
k1_off_rr,mixed_20260816_131535__mixed_realistic_bell_lt0,store,store,uni_cluster_map_norsl,cluster_map,conveyable|clothing|medium|pallet,459066,25000,False,False,greedy_gate,3.9998849388211966e-07,
k1_off_rr,mixed_20260816_131535__mixed_realistic_bell_lt0,store,store,uni_cluster_map_norsl,cluster_map,conveyable|clothing|singleton|singleton,16047,1500,False,False,greedy_gate,4.00003045797348e-07,
k1_off_rr,mixed_20260816_131535__mixed_realistic_bell_lt0,store,store,uni_cluster_map_norsl,cluster_map,conveyable|electronic|medium|pallet,48391,3000,False,False,greedy_gate,4.00003045797348e-07,
k1_off_rr,mixed_20260816_131535__mixed_realistic_bell_lt0,store,store,uni_cluster_map_norsl,cluster_map,conveyable|seasonal|medium|pallet,23648,1000,False,False,greedy_gate,1.00000761449337e-07,
k1_off_rr,mixed_20260816_131535__mixed_realistic_bell_lt0,store,store,uni_cluster_map_norsl,cluster_map,fulfillment|fulfillment|ff_large|fulfillment,679203,49800,False,False,greedy_gate,7.00005330145359e-07,
k1_off_rr,mixed_20260816_131535__mixed_realistic_bell_lt0,store,store,uni_cluster_map_norsl,cluster_map,fulfillment|fulfillment|ff_small|fulfillment,216173,124200,False,False,greedy_gate,7.00005330145359e-07,
k1_off_rr,mixed_20260816_131535__mixed_realistic_bell_lt0,store,store,uni_cluster_map_norsl,cluster_map,non-conveyable|chemical|medium|pallet,278040,15000,False,False,greedy_gate,5.999900167807937e-07,
k1_off_rr,mixed_20260816_131535__mixed_realistic_bell_lt0,store,store,uni_cluster_map_norsl,cluster_map,non-conveyable|furniture|large|pallet,26467,1300,False,False,greedy_gate,4.00003045797348e-07,
k1_off_rr,mixed_20260816_131535__mixed_realistic_bell_lt0,store,store,uni_cluster_map_norsl,cluster_map,conveyable|food|medium|pallet,519600,19000,False,False,greedy_gate,5.00003807246685e-07,
k1_off_rr,mixed_20260816_131535__mixed_realistic_bell_lt0,store,store,uni_cluster_map_norsl,cluster_map,conveyable|food|singleton|singleton,48068,1500,False,False,greedy_gate,4.999892553314567e-07,
k1_off_rr,mixed_20260816_131535__mixed_realistic_bell_lt0,store,store,uni_cluster_map_norsl,cluster_map,conveyable|chemical|medium|pallet,187472,10000,False,False,greedy_gate,4.00003045797348e-07,
k1_off_rr,mixed_20260816_131535__mixed_realistic_bell_lt0,store,store,uni_cluster_map_norsl,cluster_map,conveyable|food|small|pallet,436699,2000,False,False,greedy_gate,5.00003807246685e-07,
k1_off_rr,mixed_20260816_131535__mixed_realistic_bell_lt0,store,store,uni_cluster_map_norsl,cluster_map,non-conveyable|seasonal|large|pallet,35111,1950,False,False,greedy_gate,5.00003807246685e-07,
k1_off_rr,mixed_20260816_131535__mixed_realistic_bell_lt0,store,store,uni_cluster_map_norsl,cluster_map,conveyable|clothing|small|pallet,22691,2000,False,False,greedy_gate,2.00001522898674e-07,
k1_off_rr,mixed_20260816_131535__mixed_realistic_bell_lt0,store,store,uni_cluster_map_norsl,cluster_map,conveyable|electronic|small|pallet,136401,2000,False,False,greedy_gate,3.00002284348011e-07,
k1_off_rr,mixed_20260816_131535__mixed_realistic_bell_lt0,store,store,uni_cluster_map_norsl,cluster_map,conveyable|electronic|singleton|singleton,46527,1500,False,False,greedy_gate,3.00002284348011e-07,
k1_off_rr,mixed_20260816_131535__mixed_realistic_bell_lt0,store,store,uni_cluster_map_norsl,cluster_map,conveyable|seasonal|small|pallet,10345,2000,False,False,greedy_gate,3.00002284348011e-07,
k1_off_rr,mixed_20260816_131535__mixed_realistic_bell_lt0,store,store,uni_cluster_map_norsl,cluster_map,conveyable|seasonal|singleton|singleton,10032,1500,False,False,greedy_gate,1.00000761449337e-07,
k1_off_rr,mixed_20260816_131535__mixed_realistic_bell_lt0,store,store,uni_cluster_map_norsl,cluster_map,conveyable|electronic|large|pallet,117322,6500,False,False,greedy_gate,3.00002284348011e-07,
k1_off_rr,mixed_20260816_131535__mixed_realistic_bell_lt0,store,store,uni_cluster_map_norsl,cluster_map,non-conveyable|food|medium|pallet,51438,3000,False,False,greedy_gate,3.9998849388211966e-07,
k1_off_rr,mixed_20260816_131535__mixed_realistic_bell_lt0,store,store,uni_cluster_map_norsl,cluster_map,non-conveyable|food|small|pallet,42966,2000,False,False,greedy_gate,3.00002284348011e-07,
k1_off_rr,mixed_20260816_131535__mixed_realistic_bell_lt0,store,store,uni_cluster_map_norsl,cluster_map,non-conveyable|electronic|singleton|singleton,3426,1500,False,False,greedy_gate,2.00001522898674e-07,
k1_off_rr,mixed_20260816_131535__mixed_realistic_bell_lt0,store,store,uni_cluster_map_norsl,cluster_map,conveyable|seasonal|large|pallet,51738,2600,False,False,greedy_gate,2.00001522898674e-07,
k1_off_rr,mixed_20260816_131535__mixed_realistic_bell_lt0,store,store,uni_cluster_map_norsl,cluster_map,non-conveyable|seasonal|small|pallet,6830,2000,False,False,greedy_gate,2.9998773243278265e-07,
k1_off_rr,mixed_20260816_131535__mixed_realistic_bell_lt0,store,store,uni_cluster_map_norsl,cluster_map,non-conveyable|seasonal|singleton|singleton,6667,1500,False,False,greedy_gate,3.00002284348011e-07,
k1_off_rr,mixed_20260816_131535__mixed_realistic_bell_lt0,store,store,uni_cluster_map_norsl,cluster_map,non-conveyable|electronic|medium|pallet,3896,1000,False,True,greedy_gate,2.00001522898674e-07,
k1_off_rr,mixed_20260816_131535__mixed_realistic_bell_lt0,store,store,uni_cluster_map_norsl,cluster_map,non-conveyable|seasonal|medium|pallet,15113,1000,False,False,greedy_gate,2.00001522898674e-07,
k1_off_rr,mixed_20260816_131535__mixed_realistic_bell_lt0,store,store,uni_cluster_map_norsl,cluster_map,conveyable|furniture|extra_large|pallet,1648,500,False,True,greedy_gate,2.00001522898674e-07,
k1_off_rr,mixed_20260816_131535__mixed_realistic_bell_lt0,store,store,uni_cluster_map_norsl,cluster_map,non-conveyable|chemical|small|pallet,705,1705,True,True,lap,0.378187499998603,
k1_off_rr,mixed_20260816_131535__mixed_realistic_bell_lt0,store,store,uni_cluster_map_norsl,cluster_map,non-conveyable|clothing|medium|pallet,14249,1000,False,False,greedy_gate,2.00001522898674e-07,
k1_off_rr,mixed_20260816_131535__mixed_realistic_bell_lt0,store,store,uni_cluster_map_norsl,cluster_map,non-conveyable|food|singleton|singleton,4716,1500,False,False,greedy_gate,2.00001522898674e-07,
k1_off_rr,mixed_20260816_131535__mixed_realistic_bell_lt0,store,store,uni_cluster_map_norsl,cluster_map,non-conveyable|clothing|singleton|singleton,512,1262,True,True,lap,0.11381420001271181,
k1_off_rr,mixed_20260816_131535__mixed_realistic_bell_lt0,store,store,uni_cluster_map_norsl,cluster_map,non-conveyable|furniture|extra_large|pallet,6518,500,False,True,greedy_gate,4.00003045797348e-07,
k1_off_rr,mixed_20260816_131535__mixed_realistic_bell_lt0,store,store,uni_cluster_map_norsl,cluster_map,conveyable|furniture|large|pallet,6414,650,False,False,greedy_gate,2.00001522898674e-07,
k1_off_rr,mixed_20260816_131535__mixed_realistic_bell_lt0,store,store,uni_cluster_map_norsl,cluster_map,non-conveyable|seasonal|extra_large|pallet,7095,500,False,True,greedy_gate,2.00001522898674e-07,
k1_off_rr,mixed_20260816_131535__mixed_realistic_bell_lt0,store,store,uni_cluster_map_norsl,cluster_map,non-conveyable|electronic|small|pallet,10505,2000,False,False,greedy_gate,2.00001522898674e-07,
k1_off_rr,mixed_20260816_131535__mixed_realistic_bell_lt0,store,store,uni_cluster_map_norsl,cluster_map,conveyable|furniture|medium|pallet,206,612,True,True,lap,0.011820100000477396,
k1_off_rr,mixed_20260816_131535__mixed_realistic_bell_lt0,store,store,uni_cluster_map_norsl,cluster_map,conveyable|clothing|large|pallet,7302,650,False,False,greedy_gate,2.00001522898674e-07,
k1_off_rr,mixed_20260816_131535__mixed_realistic_bell_lt0,store,store,uni_cluster_map_norsl,cluster_map,non-conveyable|furniture|medium|pallet,729,1000,True,True,lap,0.23192120000021532,
k1_off_rr,mixed_20260816_131535__mixed_realistic_bell_lt0,store,store,uni_cluster_map_norsl,cluster_map,non-conveyable|electronic|large|pallet,8619,650,False,False,greedy_gate,3.00002284348011e-07,
k1_off_rr,mixed_20260816_131535__mixed_realistic_bell_lt0,store,store,uni_cluster_map_norsl,cluster_map,conveyable|chemical|large|pallet,30887,1950,False,False,greedy_gate,1.00000761449337e-07,
k1_off_rr,mixed_20260816_131535__mixed_realistic_bell_lt0,store,store,uni_cluster_map_norsl,cluster_map,non-conveyable|chemical|large|pallet,46514,2600,False,False,greedy_gate,2.00001522898674e-07,
k1_off_rr,mixed_20260816_131535__mixed_realistic_bell_lt0,store,store,uni_cluster_map_norsl,cluster_map,conveyable|electronic|extra_large|pallet,1695,500,False,True,greedy_gate,2.00001522898674e-07,
k1_off_rr,mixed_20260816_131535__mixed_realistic_bell_lt0,store,store,uni_cluster_map_norsl,cluster_map,conveyable|seasonal|extra_large|pallet,11248,500,False,False,greedy_gate,2.00001522898674e-07,
k1_off_rr,mixed_20260816_131535__mixed_realistic_bell_lt0,store,store,uni_cluster_map_norsl,cluster_map,conveyable|chemical|singleton|singleton,489,1239,True,True,lap,0.11459869999089278,
k1_off_rr,mixed_20260816_131535__mixed_realistic_bell_lt0,store,store,uni_cluster_map_norsl,cluster_map,non-conveyable|clothing|small|pallet,524,1448,True,True,lap,0.16410729999188334,
k1_off_rr,mixed_20260816_131535__mixed_realistic_bell_lt0,store,store,uni_cluster_map_norsl,cluster_map,non-conveyable|chemical|singleton|singleton,805,1500,True,True,lap,0.3685419999965234,
k1_off_rr,mixed_20260816_131535__mixed_realistic_bell_lt0,store,store,uni_cluster_map_norsl,cluster_map,conveyable|chemical|small|pallet,397,1191,True,True,lap,0.0837312999938149,
k1_off_rr,mixed_20260816_131535__mixed_realistic_bell_lt0,store,store,uni_cluster_map_norsl,cluster_map,non-conveyable|electronic|extra_large|pallet,61,183,True,True,lap,0.0006645999965257943,
k1_off_rr,mixed_20260816_131535__mixed_realistic_bell_lt0,store,store,uni_cluster_map_norsl,cluster_map,non-conveyable|clothing|large|pallet,233,583,True,True,lap,0.011840600011055358,
k1_off_rr,mixed_20260816_131535__mixed_realistic_bell_lt0,store,store,uni_cluster_map_rank_norsl,cluster_map_rank,fulfillment|fulfillment|ff_medium|fulfillment,1558546,74700,False,False,greedy_gate,2.00001522898674e-07,
k1_off_rr,mixed_20260816_131535__mixed_realistic_bell_lt0,store,store,uni_cluster_map_rank_norsl,cluster_map_rank,conveyable|clothing|medium|pallet,459066,25000,False,False,greedy_gate,5.00003807246685e-07,
k1_off_rr,mixed_20260816_131535__mixed_realistic_bell_lt0,store,store,uni_cluster_map_rank_norsl,cluster_map_rank,conveyable|clothing|singleton|singleton,16047,1500,False,False,greedy_gate,5.00003807246685e-07,
k1_off_rr,mixed_20260816_131535__mixed_realistic_bell_lt0,store,store,uni_cluster_map_rank_norsl,cluster_map_rank,conveyable|electronic|medium|pallet,48391,3000,False,False,greedy_gate,2.9998773243278265e-07,
k1_off_rr,mixed_20260816_131535__mixed_realistic_bell_lt0,store,store,uni_cluster_map_rank_norsl,cluster_map_rank,conveyable|seasonal|medium|pallet,23648,1000,False,False,greedy_gate,3.00002284348011e-07,
k1_off_rr,mixed_20260816_131535__mixed_realistic_bell_lt0,store,store,uni_cluster_map_rank_norsl,cluster_map_rank,fulfillment|fulfillment|ff_large|fulfillment,679203,49800,False,False,greedy_gate,1.00000761449337e-07,
k1_off_rr,mixed_20260816_131535__mixed_realistic_bell_lt0,store,store,uni_cluster_map_rank_norsl,cluster_map_rank,fulfillment|fulfillment|ff_small|fulfillment,216173,124200,False,False,greedy_gate,4.00003045797348e-07,
k1_off_rr,mixed_20260816_131535__mixed_realistic_bell_lt0,store,store,uni_cluster_map_rank_norsl,cluster_map_rank,non-conveyable|chemical|medium|pallet,278040,15000,False,False,greedy_gate,6.00004568696022e-07,
k1_off_rr,mixed_20260816_131535__mixed_realistic_bell_lt0,store,store,uni_cluster_map_rank_norsl,cluster_map_rank,non-conveyable|furniture|large|pallet,26467,1300,False,False,greedy_gate,2.00001522898674e-07,
k1_off_rr,mixed_20260816_131535__mixed_realistic_bell_lt0,store,store,uni_cluster_map_rank_norsl,cluster_map_rank,conveyable|food|medium|pallet,519600,19000,False,False,greedy_gate,3.9998849388211966e-07,
k1_off_rr,mixed_20260816_131535__mixed_realistic_bell_lt0,store,store,uni_cluster_map_rank_norsl,cluster_map_rank,conveyable|food|singleton|singleton,48068,1500,False,False,greedy_gate,7.00005330145359e-07,
k1_off_rr,mixed_20260816_131535__mixed_realistic_bell_lt0,store,store,uni_cluster_map_rank_norsl,cluster_map_rank,conveyable|chemical|medium|pallet,187472,10000,False,False,greedy_gate,4.00003045797348e-07,
k1_off_rr,mixed_20260816_131535__mixed_realistic_bell_lt0,store,store,uni_cluster_map_rank_norsl,cluster_map_rank,conveyable|food|small|pallet,436699,2000,False,False,greedy_gate,5.00003807246685e-07,
k1_off_rr,mixed_20260816_131535__mixed_realistic_bell_lt0,store,store,uni_cluster_map_rank_norsl,cluster_map_rank,non-conveyable|seasonal|large|pallet,35111,1950,False,False,greedy_gate,5.00003807246685e-07,
k1_off_rr,mixed_20260816_131535__mixed_realistic_bell_lt0,store,store,uni_cluster_map_rank_norsl,cluster_map_rank,conveyable|clothing|small|pallet,22691,2000,False,False,greedy_gate,5.999900167807937e-07,
k1_off_rr,mixed_20260816_131535__mixed_realistic_bell_lt0,store,store,uni_cluster_map_rank_norsl,cluster_map_rank,conveyable|electronic|small|pallet,136401,2000,False,False,greedy_gate,2.9998773243278265e-07,
k1_off_rr,mixed_20260816_131535__mixed_realistic_bell_lt0,store,store,uni_cluster_map_rank_norsl,cluster_map_rank,conveyable|electronic|singleton|singleton,46527,1500,False,False,greedy_gate,2.00001522898674e-07,
k1_off_rr,mixed_20260816_131535__mixed_realistic_bell_lt0,store,store,uni_cluster_map_rank_norsl,cluster_map_rank,conveyable|seasonal|small|pallet,10345,2000,False,False,greedy_gate,2.00001522898674e-07,
k1_off_rr,mixed_20260816_131535__mixed_realistic_bell_lt0,store,store,uni_cluster_map_rank_norsl,cluster_map_rank,conveyable|seasonal|singleton|singleton,10032,1500,False,False,greedy_gate,3.00002284348011e-07,
k1_off_rr,mixed_20260816_131535__mixed_realistic_bell_lt0,store,store,uni_cluster_map_rank_norsl,cluster_map_rank,conveyable|electronic|large|pallet,117322,6500,False,False,greedy_gate,1.9998697098344564e-07,
k1_off_rr,mixed_20260816_131535__mixed_realistic_bell_lt0,store,store,uni_cluster_map_rank_norsl,cluster_map_rank,non-conveyable|food|medium|pallet,51438,3000,False,False,greedy_gate,1.00000761449337e-07,
k1_off_rr,mixed_20260816_131535__mixed_realistic_bell_lt0,store,store,uni_cluster_map_rank_norsl,cluster_map_rank,non-conveyable|food|small|pallet,42966,2000,False,False,greedy_gate,1.9998697098344564e-07,
k1_off_rr,mixed_20260816_131535__mixed_realistic_bell_lt0,store,store,uni_cluster_map_rank_norsl,cluster_map_rank,non-conveyable|electronic|singleton|singleton,3426,1500,False,False,greedy_gate,2.00001522898674e-07,
k1_off_rr,mixed_20260816_131535__mixed_realistic_bell_lt0,store,store,uni_cluster_map_rank_norsl,cluster_map_rank,conveyable|seasonal|large|pallet,51738,2600,False,False,greedy_gate,2.00001522898674e-07,
k1_off_rr,mixed_20260816_131535__mixed_realistic_bell_lt0,store,store,uni_cluster_map_rank_norsl,cluster_map_rank,non-conveyable|seasonal|small|pallet,6830,2000,False,False,greedy_gate,2.00001522898674e-07,
k1_off_rr,mixed_20260816_131535__mixed_realistic_bell_lt0,store,store,uni_cluster_map_rank_norsl,cluster_map_rank,non-conveyable|seasonal|singleton|singleton,6667,1500,False,False,greedy_gate,1.9998697098344564e-07,
k1_off_rr,mixed_20260816_131535__mixed_realistic_bell_lt0,store,store,uni_cluster_map_rank_norsl,cluster_map_rank,non-conveyable|electronic|medium|pallet,3896,1000,False,True,greedy_gate,3.00002284348011e-07,
k1_off_rr,mixed_20260816_131535__mixed_realistic_bell_lt0,store,store,uni_cluster_map_rank_norsl,cluster_map_rank,non-conveyable|seasonal|medium|pallet,15113,1000,False,False,greedy_gate,2.00001522898674e-07,
k1_off_rr,mixed_20260816_131535__mixed_realistic_bell_lt0,store,store,uni_cluster_map_rank_norsl,cluster_map_rank,conveyable|furniture|extra_large|pallet,1648,500,False,True,greedy_gate,2.00001522898674e-07,
k1_off_rr,mixed_20260816_131535__mixed_realistic_bell_lt0,store,store,uni_cluster_map_rank_norsl,cluster_map_rank,non-conveyable|chemical|small|pallet,705,1705,True,True,lap,0.37771519999660086,
k1_off_rr,mixed_20260816_131535__mixed_realistic_bell_lt0,store,store,uni_cluster_map_rank_norsl,cluster_map_rank,non-conveyable|clothing|medium|pallet,14249,1000,False,False,greedy_gate,5.00003807246685e-07,
k1_off_rr,mixed_20260816_131535__mixed_realistic_bell_lt0,store,store,uni_cluster_map_rank_norsl,cluster_map_rank,non-conveyable|food|singleton|singleton,4716,1500,False,False,greedy_gate,3.00002284348011e-07,
k1_off_rr,mixed_20260816_131535__mixed_realistic_bell_lt0,store,store,uni_cluster_map_rank_norsl,cluster_map_rank,non-conveyable|clothing|singleton|singleton,512,1262,True,True,lap,0.11637319999863394,
k1_off_rr,mixed_20260816_131535__mixed_realistic_bell_lt0,store,store,uni_cluster_map_rank_norsl,cluster_map_rank,non-conveyable|furniture|extra_large|pallet,6518,500,False,True,greedy_gate,5.00003807246685e-07,
k1_off_rr,mixed_20260816_131535__mixed_realistic_bell_lt0,store,store,uni_cluster_map_rank_norsl,cluster_map_rank,conveyable|furniture|large|pallet,6414,650,False,False,greedy_gate,3.00002284348011e-07,
k1_off_rr,mixed_20260816_131535__mixed_realistic_bell_lt0,store,store,uni_cluster_map_rank_norsl,cluster_map_rank,non-conveyable|seasonal|extra_large|pallet,7095,500,False,True,greedy_gate,4.999892553314567e-07,
k1_off_rr,mixed_20260816_131535__mixed_realistic_bell_lt0,store,store,uni_cluster_map_rank_norsl,cluster_map_rank,non-conveyable|electronic|small|pallet,10505,2000,False,False,greedy_gate,5.00003807246685e-07,
k1_off_rr,mixed_20260816_131535__mixed_realistic_bell_lt0,store,store,uni_cluster_map_rank_norsl,cluster_map_rank,conveyable|furniture|medium|pallet,206,612,True,True,lap,0.01149950000399258,
k1_off_rr,mixed_20260816_131535__mixed_realistic_bell_lt0,store,store,uni_cluster_map_rank_norsl,cluster_map_rank,conveyable|clothing|large|pallet,7302,650,False,False,greedy_gate,3.00002284348011e-07,
k1_off_rr,mixed_20260816_131535__mixed_realistic_bell_lt0,store,store,uni_cluster_map_rank_norsl,cluster_map_rank,non-conveyable|furniture|medium|pallet,729,1000,True,True,lap,0.23294439999153838,
k1_off_rr,mixed_20260816_131535__mixed_realistic_bell_lt0,store,store,uni_cluster_map_rank_norsl,cluster_map_rank,non-conveyable|electronic|large|pallet,8619,650,False,False,greedy_gate,4.00003045797348e-07,
k1_off_rr,mixed_20260816_131535__mixed_realistic_bell_lt0,store,store,uni_cluster_map_rank_norsl,cluster_map_rank,conveyable|chemical|large|pallet,30887,1950,False,False,greedy_gate,2.00001522898674e-07,
k1_off_rr,mixed_20260816_131535__mixed_realistic_bell_lt0,store,store,uni_cluster_map_rank_norsl,cluster_map_rank,non-conveyable|chemical|large|pallet,46514,2600,False,False,greedy_gate,3.00002284348011e-07,
k1_off_rr,mixed_20260816_131535__mixed_realistic_bell_lt0,store,store,uni_cluster_map_rank_norsl,cluster_map_rank,conveyable|electronic|extra_large|pallet,1695,500,False,True,greedy_gate,3.00002284348011e-07,
k1_off_rr,mixed_20260816_131535__mixed_realistic_bell_lt0,store,store,uni_cluster_map_rank_norsl,cluster_map_rank,conveyable|seasonal|extra_large|pallet,11248,500,False,False,greedy_gate,3.00002284348011e-07,
k1_off_rr,mixed_20260816_131535__mixed_realistic_bell_lt0,store,store,uni_cluster_map_rank_norsl,cluster_map_rank,conveyable|chemical|singleton|singleton,489,1239,True,True,lap,0.11671049999131355,
k1_off_rr,mixed_20260816_131535__mixed_realistic_bell_lt0,store,store,uni_cluster_map_rank_norsl,cluster_map_rank,non-conveyable|clothing|small|pallet,524,1448,True,True,lap,0.16318049999244977,
k1_off_rr,mixed_20260816_131535__mixed_realistic_bell_lt0,store,store,uni_cluster_map_rank_norsl,cluster_map_rank,non-conveyable|chemical|singleton|singleton,805,1500,True,True,lap,0.3644769999955315,
k1_off_rr,mixed_20260816_131535__mixed_realistic_bell_lt0,store,store,uni_cluster_map_rank_norsl,cluster_map_rank,conveyable|chemical|small|pallet,397,1191,True,True,lap,0.08287530000961851,
k1_off_rr,mixed_20260816_131535__mixed_realistic_bell_lt0,store,store,uni_cluster_map_rank_norsl,cluster_map_rank,non-conveyable|electronic|extra_large|pallet,61,183,True,True,lap,0.0007016000017756596,
k1_off_rr,mixed_20260816_131535__mixed_realistic_bell_lt0,store,store,uni_cluster_map_rank_norsl,cluster_map_rank,non-conveyable|clothing|large|pallet,233,583,True,True,lap,0.011607299995375797,
k1_off_rr,mixed_20260816_131535__mixed_realistic_bell_lt0,store,store,uni_map_norsl,map,fulfillment|fulfillment|ff_medium|fulfillment,1558546,74700,False,False,greedy_gate,2.00001522898674e-07,
k1_off_rr,mixed_20260816_131535__mixed_realistic_bell_lt0,store,store,uni_map_norsl,map,conveyable|clothing|medium|pallet,459066,25000,False,False,greedy_gate,5.999900167807937e-07,
k1_off_rr,mixed_20260816_131535__mixed_realistic_bell_lt0,store,store,uni_map_norsl,map,conveyable|clothing|singleton|singleton,16047,1500,False,False,greedy_gate,4.999892553314567e-07,
k1_off_rr,mixed_20260816_131535__mixed_realistic_bell_lt0,store,store,uni_map_norsl,map,conveyable|electronic|medium|pallet,48391,3000,False,False,greedy_gate,4.00003045797348e-07,
k1_off_rr,mixed_20260816_131535__mixed_realistic_bell_lt0,store,store,uni_map_norsl,map,conveyable|seasonal|medium|pallet,23648,1000,False,False,greedy_gate,2.00001522898674e-07,
k1_off_rr,mixed_20260816_131535__mixed_realistic_bell_lt0,store,store,uni_map_norsl,map,fulfillment|fulfillment|ff_large|fulfillment,679203,49800,False,False,greedy_gate,3.9998849388211966e-07,
k1_off_rr,mixed_20260816_131535__mixed_realistic_bell_lt0,store,store,uni_map_norsl,map,fulfillment|fulfillment|ff_small|fulfillment,216173,124200,False,False,greedy_gate,5.00003807246685e-07,
k1_off_rr,mixed_20260816_131535__mixed_realistic_bell_lt0,store,store,uni_map_norsl,map,non-conveyable|chemical|medium|pallet,278040,15000,False,False,greedy_gate,4.999892553314567e-07,
k1_off_rr,mixed_20260816_131535__mixed_realistic_bell_lt0,store,store,uni_map_norsl,map,non-conveyable|furniture|large|pallet,26467,1300,False,False,greedy_gate,4.00003045797348e-07,
k1_off_rr,mixed_20260816_131535__mixed_realistic_bell_lt0,store,store,uni_map_norsl,map,conveyable|food|medium|pallet,519600,19000,False,False,greedy_gate,4.00003045797348e-07,
k1_off_rr,mixed_20260816_131535__mixed_realistic_bell_lt0,store,store,uni_map_norsl,map,conveyable|food|singleton|singleton,48068,1500,False,False,greedy_gate,3.9998849388211966e-07,
k1_off_rr,mixed_20260816_131535__mixed_realistic_bell_lt0,store,store,uni_map_norsl,map,conveyable|chemical|medium|pallet,187472,10000,False,False,greedy_gate,2.9998773243278265e-07,
k1_off_rr,mixed_20260816_131535__mixed_realistic_bell_lt0,store,store,uni_map_norsl,map,conveyable|food|small|pallet,436699,2000,False,False,greedy_gate,6.00004568696022e-07,
k1_off_rr,mixed_20260816_131535__mixed_realistic_bell_lt0,store,store,uni_map_norsl,map,non-conveyable|seasonal|large|pallet,35111,1950,False,False,greedy_gate,4.999892553314567e-07,
k1_off_rr,mixed_20260816_131535__mixed_realistic_bell_lt0,store,store,uni_map_norsl,map,conveyable|clothing|small|pallet,22691,2000,False,False,greedy_gate,4.999892553314567e-07,
k1_off_rr,mixed_20260816_131535__mixed_realistic_bell_lt0,store,store,uni_map_norsl,map,conveyable|electronic|small|pallet,136401,2000,False,False,greedy_gate,3.9998849388211966e-07,
k1_off_rr,mixed_20260816_131535__mixed_realistic_bell_lt0,store,store,uni_map_norsl,map,conveyable|electronic|singleton|singleton,46527,1500,False,False,greedy_gate,5.00003807246685e-07,
k1_off_rr,mixed_20260816_131535__mixed_realistic_bell_lt0,store,store,uni_map_norsl,map,conveyable|seasonal|small|pallet,10345,2000,False,False,greedy_gate,4.00003045797348e-07,
k1_off_rr,mixed_20260816_131535__mixed_realistic_bell_lt0,store,store,uni_map_norsl,map,conveyable|seasonal|singleton|singleton,10032,1500,False,False,greedy_gate,1.9998697098344564e-07,
k1_off_rr,mixed_20260816_131535__mixed_realistic_bell_lt0,store,store,uni_map_norsl,map,conveyable|electronic|large|pallet,117322,6500,False,False,greedy_gate,3.00002284348011e-07,
k1_off_rr,mixed_20260816_131535__mixed_realistic_bell_lt0,store,store,uni_map_norsl,map,non-conveyable|food|medium|pallet,51438,3000,False,False,greedy_gate,3.00002284348011e-07,
k1_off_rr,mixed_20260816_131535__mixed_realistic_bell_lt0,store,store,uni_map_norsl,map,non-conveyable|food|small|pallet,42966,2000,False,False,greedy_gate,2.00001522898674e-07,
k1_off_rr,mixed_20260816_131535__mixed_realistic_bell_lt0,store,store,uni_map_norsl,map,non-conveyable|electronic|singleton|singleton,3426,1500,False,False,greedy_gate,3.00002284348011e-07,
k1_off_rr,mixed_20260816_131535__mixed_realistic_bell_lt0,store,store,uni_map_norsl,map,conveyable|seasonal|large|pallet,51738,2600,False,False,greedy_gate,2.00001522898674e-07,
k1_off_rr,mixed_20260816_131535__mixed_realistic_bell_lt0,store,store,uni_map_norsl,map,non-conveyable|seasonal|small|pallet,6830,2000,False,False,greedy_gate,2.9998773243278265e-07,
k1_off_rr,mixed_20260816_131535__mixed_realistic_bell_lt0,store,store,uni_map_norsl,map,non-conveyable|seasonal|singleton|singleton,6667,1500,False,False,greedy_gate,1.00000761449337e-07,
k1_off_rr,mixed_20260816_131535__mixed_realistic_bell_lt0,store,store,uni_map_norsl,map,non-conveyable|electronic|medium|pallet,3896,1000,False,True,greedy_gate,2.00001522898674e-07,
k1_off_rr,mixed_20260816_131535__mixed_realistic_bell_lt0,store,store,uni_map_norsl,map,non-conveyable|seasonal|medium|pallet,15113,1000,False,False,greedy_gate,1.00000761449337e-07,
k1_off_rr,mixed_20260816_131535__mixed_realistic_bell_lt0,store,store,uni_map_norsl,map,conveyable|furniture|extra_large|pallet,1648,500,False,True,greedy_gate,2.00001522898674e-07,
k1_off_rr,mixed_20260816_131535__mixed_realistic_bell_lt0,store,store,uni_map_norsl,map,non-conveyable|chemical|small|pallet,705,1705,True,True,lap,0.3752070000045933,
k1_off_rr,mixed_20260816_131535__mixed_realistic_bell_lt0,store,store,uni_map_norsl,map,non-conveyable|clothing|medium|pallet,14249,1000,False,False,greedy_gate,3.9998849388211966e-07,
k1_off_rr,mixed_20260816_131535__mixed_realistic_bell_lt0,store,store,uni_map_norsl,map,non-conveyable|food|singleton|singleton,4716,1500,False,False,greedy_gate,2.00001522898674e-07,
k1_off_rr,mixed_20260816_131535__mixed_realistic_bell_lt0,store,store,uni_map_norsl,map,non-conveyable|clothing|singleton|singleton,512,1262,True,True,lap,0.12391330000536982,
k1_off_rr,mixed_20260816_131535__mixed_realistic_bell_lt0,store,store,uni_map_norsl,map,non-conveyable|furniture|extra_large|pallet,6518,500,False,True,greedy_gate,4.00003045797348e-07,
k1_off_rr,mixed_20260816_131535__mixed_realistic_bell_lt0,store,store,uni_map_norsl,map,conveyable|furniture|large|pallet,6414,650,False,False,greedy_gate,2.9998773243278265e-07,
k1_off_rr,mixed_20260816_131535__mixed_realistic_bell_lt0,store,store,uni_map_norsl,map,non-conveyable|seasonal|extra_large|pallet,7095,500,False,True,greedy_gate,2.00001522898674e-07,
k1_off_rr,mixed_20260816_131535__mixed_realistic_bell_lt0,store,store,uni_map_norsl,map,non-conveyable|electronic|small|pallet,10505,2000,False,False,greedy_gate,2.00001522898674e-07,
k1_off_rr,mixed_20260816_131535__mixed_realistic_bell_lt0,store,store,uni_map_norsl,map,conveyable|furniture|medium|pallet,206,612,True,True,lap,0.01172470000165049,
k1_off_rr,mixed_20260816_131535__mixed_realistic_bell_lt0,store,store,uni_map_norsl,map,conveyable|clothing|large|pallet,7302,650,False,False,greedy_gate,1.9998697098344564e-07,
k1_off_rr,mixed_20260816_131535__mixed_realistic_bell_lt0,store,store,uni_map_norsl,map,non-conveyable|furniture|medium|pallet,729,1000,True,True,lap,0.22783530000015162,
k1_off_rr,mixed_20260816_131535__mixed_realistic_bell_lt0,store,store,uni_map_norsl,map,non-conveyable|electronic|large|pallet,8619,650,False,False,greedy_gate,3.00002284348011e-07,
k1_off_rr,mixed_20260816_131535__mixed_realistic_bell_lt0,store,store,uni_map_norsl,map,conveyable|chemical|large|pallet,30887,1950,False,False,greedy_gate,2.00001522898674e-07,
k1_off_rr,mixed_20260816_131535__mixed_realistic_bell_lt0,store,store,uni_map_norsl,map,non-conveyable|chemical|large|pallet,46514,2600,False,False,greedy_gate,3.00002284348011e-07,
k1_off_rr,mixed_20260816_131535__mixed_realistic_bell_lt0,store,store,uni_map_norsl,map,conveyable|electronic|extra_large|pallet,1695,500,False,True,greedy_gate,2.9998773243278265e-07,
k1_off_rr,mixed_20260816_131535__mixed_realistic_bell_lt0,store,store,uni_map_norsl,map,conveyable|seasonal|extra_large|pallet,11248,500,False,False,greedy_gate,2.00001522898674e-07,
k1_off_rr,mixed_20260816_131535__mixed_realistic_bell_lt0,store,store,uni_map_norsl,map,conveyable|chemical|singleton|singleton,489,1239,True,True,lap,0.11683900000934955,
k1_off_rr,mixed_20260816_131535__mixed_realistic_bell_lt0,store,store,uni_map_norsl,map,non-conveyable|clothing|small|pallet,524,1448,True,True,lap,0.16336920000321697,
k1_off_rr,mixed_20260816_131535__mixed_realistic_bell_lt0,store,store,uni_map_norsl,map,non-conveyable|chemical|singleton|singleton,805,1500,True,True,lap,0.37030230001255404,
k1_off_rr,mixed_20260816_131535__mixed_realistic_bell_lt0,store,store,uni_map_norsl,map,conveyable|chemical|small|pallet,397,1191,True,True,lap,0.08321349999459926,
k1_off_rr,mixed_20260816_131535__mixed_realistic_bell_lt0,store,store,uni_map_norsl,map,non-conveyable|electronic|extra_large|pallet,61,183,True,True,lap,0.0006143000064184889,
k1_off_rr,mixed_20260816_131535__mixed_realistic_bell_lt0,store,store,uni_map_norsl,map,non-conveyable|clothing|large|pallet,233,583,True,True,lap,0.011725400006980635,
k1_off_rr,mixed_20260816_131535__mixed_realistic_bell_lt0,store,store,uni_map_rank_norsl,map_rank,fulfillment|fulfillment|ff_medium|fulfillment,1558546,74700,False,False,greedy_gate,1.00000761449337e-07,
k1_off_rr,mixed_20260816_131535__mixed_realistic_bell_lt0,store,store,uni_map_rank_norsl,map_rank,conveyable|clothing|medium|pallet,459066,25000,False,False,greedy_gate,5.00003807246685e-07,
k1_off_rr,mixed_20260816_131535__mixed_realistic_bell_lt0,store,store,uni_map_rank_norsl,map_rank,conveyable|clothing|singleton|singleton,16047,1500,False,False,greedy_gate,4.00003045797348e-07,
k1_off_rr,mixed_20260816_131535__mixed_realistic_bell_lt0,store,store,uni_map_rank_norsl,map_rank,conveyable|electronic|medium|pallet,48391,3000,False,False,greedy_gate,4.00003045797348e-07,
k1_off_rr,mixed_20260816_131535__mixed_realistic_bell_lt0,store,store,uni_map_rank_norsl,map_rank,conveyable|seasonal|medium|pallet,23648,1000,False,False,greedy_gate,4.00003045797348e-07,
k1_off_rr,mixed_20260816_131535__mixed_realistic_bell_lt0,store,store,uni_map_rank_norsl,map_rank,fulfillment|fulfillment|ff_large|fulfillment,679203,49800,False,False,greedy_gate,5.00003807246685e-07,
k1_off_rr,mixed_20260816_131535__mixed_realistic_bell_lt0,store,store,uni_map_rank_norsl,map_rank,fulfillment|fulfillment|ff_small|fulfillment,216173,124200,False,False,greedy_gate,8.00006091594696e-07,
k1_off_rr,mixed_20260816_131535__mixed_realistic_bell_lt0,store,store,uni_map_rank_norsl,map_rank,non-conveyable|chemical|medium|pallet,278040,15000,False,False,greedy_gate,5.999900167807937e-07,
k1_off_rr,mixed_20260816_131535__mixed_realistic_bell_lt0,store,store,uni_map_rank_norsl,map_rank,non-conveyable|furniture|large|pallet,26467,1300,False,False,greedy_gate,5.00003807246685e-07,
k1_off_rr,mixed_20260816_131535__mixed_realistic_bell_lt0,store,store,uni_map_rank_norsl,map_rank,conveyable|food|medium|pallet,519600,19000,False,False,greedy_gate,5.00003807246685e-07,
k1_off_rr,mixed_20260816_131535__mixed_realistic_bell_lt0,store,store,uni_map_rank_norsl,map_rank,conveyable|food|singleton|singleton,48068,1500,False,False,greedy_gate,7.00005330145359e-07,
k1_off_rr,mixed_20260816_131535__mixed_realistic_bell_lt0,store,store,uni_map_rank_norsl,map_rank,conveyable|chemical|medium|pallet,187472,10000,False,False,greedy_gate,5.00003807246685e-07,
k1_off_rr,mixed_20260816_131535__mixed_realistic_bell_lt0,store,store,uni_map_rank_norsl,map_rank,conveyable|food|small|pallet,436699,2000,False,False,greedy_gate,4.00003045797348e-07,
k1_off_rr,mixed_20260816_131535__mixed_realistic_bell_lt0,store,store,uni_map_rank_norsl,map_rank,non-conveyable|seasonal|large|pallet,35111,1950,False,False,greedy_gate,4.00003045797348e-07,
k1_off_rr,mixed_20260816_131535__mixed_realistic_bell_lt0,store,store,uni_map_rank_norsl,map_rank,conveyable|clothing|small|pallet,22691,2000,False,False,greedy_gate,4.00003045797348e-07,
k1_off_rr,mixed_20260816_131535__mixed_realistic_bell_lt0,store,store,uni_map_rank_norsl,map_rank,conveyable|electronic|small|pallet,136401,2000,False,False,greedy_gate,4.00003045797348e-07,
k1_off_rr,mixed_20260816_131535__mixed_realistic_bell_lt0,store,store,uni_map_rank_norsl,map_rank,conveyable|electronic|singleton|singleton,46527,1500,False,False,greedy_gate,6.00004568696022e-07,
k1_off_rr,mixed_20260816_131535__mixed_realistic_bell_lt0,store,store,uni_map_rank_norsl,map_rank,conveyable|seasonal|small|pallet,10345,2000,False,False,greedy_gate,4.00003045797348e-07,
k1_off_rr,mixed_20260816_131535__mixed_realistic_bell_lt0,store,store,uni_map_rank_norsl,map_rank,conveyable|seasonal|singleton|singleton,10032,1500,False,False,greedy_gate,2.00001522898674e-07,
k1_off_rr,mixed_20260816_131535__mixed_realistic_bell_lt0,store,store,uni_map_rank_norsl,map_rank,conveyable|electronic|large|pallet,117322,6500,False,False,greedy_gate,3.9998849388211966e-07,
k1_off_rr,mixed_20260816_131535__mixed_realistic_bell_lt0,store,store,uni_map_rank_norsl,map_rank,non-conveyable|food|medium|pallet,51438,3000,False,False,greedy_gate,4.00003045797348e-07,
k1_off_rr,mixed_20260816_131535__mixed_realistic_bell_lt0,store,store,uni_map_rank_norsl,map_rank,non-conveyable|food|small|pallet,42966,2000,False,False,greedy_gate,3.00002284348011e-07,
k1_off_rr,mixed_20260816_131535__mixed_realistic_bell_lt0,store,store,uni_map_rank_norsl,map_rank,non-conveyable|electronic|singleton|singleton,3426,1500,False,False,greedy_gate,5.00003807246685e-07,
k1_off_rr,mixed_20260816_131535__mixed_realistic_bell_lt0,store,store,uni_map_rank_norsl,map_rank,conveyable|seasonal|large|pallet,51738,2600,False,False,greedy_gate,1.00000761449337e-07,
k1_off_rr,mixed_20260816_131535__mixed_realistic_bell_lt0,store,store,uni_map_rank_norsl,map_rank,non-conveyable|seasonal|small|pallet,6830,2000,False,False,greedy_gate,2.00001522898674e-07,
k1_off_rr,mixed_20260816_131535__mixed_realistic_bell_lt0,store,store,uni_map_rank_norsl,map_rank,non-conveyable|seasonal|singleton|singleton,6667,1500,False,False,greedy_gate,1.00000761449337e-07,
k1_off_rr,mixed_20260816_131535__mixed_realistic_bell_lt0,store,store,uni_map_rank_norsl,map_rank,non-conveyable|electronic|medium|pallet,3896,1000,False,True,greedy_gate,2.00001522898674e-07,
k1_off_rr,mixed_20260816_131535__mixed_realistic_bell_lt0,store,store,uni_map_rank_norsl,map_rank,non-conveyable|seasonal|medium|pallet,15113,1000,False,False,greedy_gate,2.00001522898674e-07,
k1_off_rr,mixed_20260816_131535__mixed_realistic_bell_lt0,store,store,uni_map_rank_norsl,map_rank,conveyable|furniture|extra_large|pallet,1648,500,False,True,greedy_gate,2.00001522898674e-07,
k1_off_rr,mixed_20260816_131535__mixed_realistic_bell_lt0,store,store,uni_map_rank_norsl,map_rank,non-conveyable|chemical|small|pallet,705,1705,True,True,lap,0.37743600000976585,
k1_off_rr,mixed_20260816_131535__mixed_realistic_bell_lt0,store,store,uni_map_rank_norsl,map_rank,non-conveyable|clothing|medium|pallet,14249,1000,False,False,greedy_gate,5.00003807246685e-07,
k1_off_rr,mixed_20260816_131535__mixed_realistic_bell_lt0,store,store,uni_map_rank_norsl,map_rank,non-conveyable|food|singleton|singleton,4716,1500,False,False,greedy_gate,2.00001522898674e-07,
k1_off_rr,mixed_20260816_131535__mixed_realistic_bell_lt0,store,store,uni_map_rank_norsl,map_rank,non-conveyable|clothing|singleton|singleton,512,1262,True,True,lap,0.11420490000455175,
k1_off_rr,mixed_20260816_131535__mixed_realistic_bell_lt0,store,store,uni_map_rank_norsl,map_rank,non-conveyable|furniture|extra_large|pallet,6518,500,False,True,greedy_gate,3.00002284348011e-07,
k1_off_rr,mixed_20260816_131535__mixed_realistic_bell_lt0,store,store,uni_map_rank_norsl,map_rank,conveyable|furniture|large|pallet,6414,650,False,False,greedy_gate,2.00001522898674e-07,
k1_off_rr,mixed_20260816_131535__mixed_realistic_bell_lt0,store,store,uni_map_rank_norsl,map_rank,non-conveyable|seasonal|extra_large|pallet,7095,500,False,True,greedy_gate,2.00001522898674e-07,
k1_off_rr,mixed_20260816_131535__mixed_realistic_bell_lt0,store,store,uni_map_rank_norsl,map_rank,non-conveyable|electronic|small|pallet,10505,2000,False,False,greedy_gate,2.00001522898674e-07,
k1_off_rr,mixed_20260816_131535__mixed_realistic_bell_lt0,store,store,uni_map_rank_norsl,map_rank,conveyable|furniture|medium|pallet,206,612,True,True,lap,0.011671699990984052,
k1_off_rr,mixed_20260816_131535__mixed_realistic_bell_lt0,store,store,uni_map_rank_norsl,map_rank,conveyable|clothing|large|pallet,7302,650,False,False,greedy_gate,2.00001522898674e-07,
k1_off_rr,mixed_20260816_131535__mixed_realistic_bell_lt0,store,store,uni_map_rank_norsl,map_rank,non-conveyable|furniture|medium|pallet,729,1000,True,True,lap,0.22570740000810474,
k1_off_rr,mixed_20260816_131535__mixed_realistic_bell_lt0,store,store,uni_map_rank_norsl,map_rank,non-conveyable|electronic|large|pallet,8619,650,False,False,greedy_gate,4.00003045797348e-07,
k1_off_rr,mixed_20260816_131535__mixed_realistic_bell_lt0,store,store,uni_map_rank_norsl,map_rank,conveyable|chemical|large|pallet,30887,1950,False,False,greedy_gate,2.9998773243278265e-07,
k1_off_rr,mixed_20260816_131535__mixed_realistic_bell_lt0,store,store,uni_map_rank_norsl,map_rank,non-conveyable|chemical|large|pallet,46514,2600,False,False,greedy_gate,2.00001522898674e-07,
k1_off_rr,mixed_20260816_131535__mixed_realistic_bell_lt0,store,store,uni_map_rank_norsl,map_rank,conveyable|electronic|extra_large|pallet,1695,500,False,True,greedy_gate,2.9998773243278265e-07,
k1_off_rr,mixed_20260816_131535__mixed_realistic_bell_lt0,store,store,uni_map_rank_norsl,map_rank,conveyable|seasonal|extra_large|pallet,11248,500,False,False,greedy_gate,2.00001522898674e-07,
k1_off_rr,mixed_20260816_131535__mixed_realistic_bell_lt0,store,store,uni_map_rank_norsl,map_rank,conveyable|chemical|singleton|singleton,489,1239,True,True,lap,0.11357200000202283,
k1_off_rr,mixed_20260816_131535__mixed_realistic_bell_lt0,store,store,uni_map_rank_norsl,map_rank,non-conveyable|clothing|small|pallet,524,1448,True,True,lap,0.16138649999629706,
k1_off_rr,mixed_20260816_131535__mixed_realistic_bell_lt0,store,store,uni_map_rank_norsl,map_rank,non-conveyable|chemical|singleton|singleton,805,1500,True,True,lap,0.3866095999983372,
k1_off_rr,mixed_20260816_131535__mixed_realistic_bell_lt0,store,store,uni_map_rank_norsl,map_rank,conveyable|chemical|small|pallet,397,1191,True,True,lap,0.08149919999414124,
k1_off_rr,mixed_20260816_131535__mixed_realistic_bell_lt0,store,store,uni_map_rank_norsl,map_rank,non-conveyable|electronic|extra_large|pallet,61,183,True,True,lap,0.0006348000024445355,
k1_off_rr,mixed_20260816_131535__mixed_realistic_bell_lt0,store,store,uni_map_rank_norsl,map_rank,non-conveyable|clothing|large|pallet,233,583,True,True,lap,0.011677700007567182,
k1_off_lpt,mixed_20260816_131535__mixed_realistic_bell_lt0,ful_calibrated,fulfillment,uni_cluster_map_norsl,cluster_map,fulfillment|fulfillment|ff_medium|fulfillment,1558546,74700,False,False,greedy_gate,4.00003045797348e-07,
k1_off_lpt,mixed_20260816_131535__mixed_realistic_bell_lt0,ful_calibrated,fulfillment,uni_cluster_map_norsl,cluster_map,conveyable|clothing|medium|pallet,459066,25000,False,False,greedy_gate,3.00002284348011e-07,
k1_off_lpt,mixed_20260816_131535__mixed_realistic_bell_lt0,ful_calibrated,fulfillment,uni_cluster_map_norsl,cluster_map,conveyable|clothing|singleton|singleton,16047,1500,False,False,greedy_gate,5.999900167807937e-07,
k1_off_lpt,mixed_20260816_131535__mixed_realistic_bell_lt0,ful_calibrated,fulfillment,uni_cluster_map_norsl,cluster_map,conveyable|electronic|medium|pallet,48391,3000,False,False,greedy_gate,3.00002284348011e-07,
k1_off_lpt,mixed_20260816_131535__mixed_realistic_bell_lt0,ful_calibrated,fulfillment,uni_cluster_map_norsl,cluster_map,conveyable|seasonal|medium|pallet,23648,1000,False,False,greedy_gate,4.999892553314567e-07,
k1_off_lpt,mixed_20260816_131535__mixed_realistic_bell_lt0,ful_calibrated,fulfillment,uni_cluster_map_norsl,cluster_map,fulfillment|fulfillment|ff_large|fulfillment,679203,49800,False,False,greedy_gate,6.00004568696022e-07,
k1_off_lpt,mixed_20260816_131535__mixed_realistic_bell_lt0,ful_calibrated,fulfillment,uni_cluster_map_norsl,cluster_map,fulfillment|fulfillment|ff_small|fulfillment,216173,124200,False,False,greedy_gate,1.00000761449337e-07,
k1_off_lpt,mixed_20260816_131535__mixed_realistic_bell_lt0,ful_calibrated,fulfillment,uni_cluster_map_norsl,cluster_map,non-conveyable|chemical|medium|pallet,278040,15000,False,False,greedy_gate,6.00004568696022e-07,
k1_off_lpt,mixed_20260816_131535__mixed_realistic_bell_lt0,ful_calibrated,fulfillment,uni_cluster_map_norsl,cluster_map,non-conveyable|furniture|large|pallet,26467,1300,False,False,greedy_gate,5.00003807246685e-07,
k1_off_lpt,mixed_20260816_131535__mixed_realistic_bell_lt0,ful_calibrated,fulfillment,uni_cluster_map_norsl,cluster_map,conveyable|food|medium|pallet,519600,19000,False,False,greedy_gate,5.00003807246685e-07,
k1_off_lpt,mixed_20260816_131535__mixed_realistic_bell_lt0,ful_calibrated,fulfillment,uni_cluster_map_norsl,cluster_map,conveyable|food|singleton|singleton,48068,1500,False,False,greedy_gate,5.00003807246685e-07,
k1_off_lpt,mixed_20260816_131535__mixed_realistic_bell_lt0,ful_calibrated,fulfillment,uni_cluster_map_norsl,cluster_map,conveyable|chemical|medium|pallet,187472,10000,False,False,greedy_gate,6.00004568696022e-07,
k1_off_lpt,mixed_20260816_131535__mixed_realistic_bell_lt0,ful_calibrated,fulfillment,uni_cluster_map_norsl,cluster_map,conveyable|food|small|pallet,436699,2000,False,False,greedy_gate,6.00004568696022e-07,
k1_off_lpt,mixed_20260816_131535__mixed_realistic_bell_lt0,ful_calibrated,fulfillment,uni_cluster_map_norsl,cluster_map,non-conveyable|seasonal|large|pallet,35111,1950,False,False,greedy_gate,4.999892553314567e-07,
k1_off_lpt,mixed_20260816_131535__mixed_realistic_bell_lt0,ful_calibrated,fulfillment,uni_cluster_map_norsl,cluster_map,conveyable|clothing|small|pallet,22691,2000,False,False,greedy_gate,3.00002284348011e-07,
k1_off_lpt,mixed_20260816_131535__mixed_realistic_bell_lt0,ful_calibrated,fulfillment,uni_cluster_map_norsl,cluster_map,conveyable|electronic|small|pallet,136401,2000,False,False,greedy_gate,4.00003045797348e-07,
k1_off_lpt,mixed_20260816_131535__mixed_realistic_bell_lt0,ful_calibrated,fulfillment,uni_cluster_map_norsl,cluster_map,conveyable|electronic|singleton|singleton,46527,1500,False,False,greedy_gate,3.00002284348011e-07,
k1_off_lpt,mixed_20260816_131535__mixed_realistic_bell_lt0,ful_calibrated,fulfillment,uni_cluster_map_norsl,cluster_map,conveyable|seasonal|small|pallet,10345,2000,False,False,greedy_gate,3.00002284348011e-07,
k1_off_lpt,mixed_20260816_131535__mixed_realistic_bell_lt0,ful_calibrated,fulfillment,uni_cluster_map_norsl,cluster_map,conveyable|seasonal|singleton|singleton,10032,1500,False,False,greedy_gate,3.00002284348011e-07,
k1_off_lpt,mixed_20260816_131535__mixed_realistic_bell_lt0,ful_calibrated,fulfillment,uni_cluster_map_norsl,cluster_map,conveyable|electronic|large|pallet,117322,6500,False,False,greedy_gate,2.9998773243278265e-07,
k1_off_lpt,mixed_20260816_131535__mixed_realistic_bell_lt0,ful_calibrated,fulfillment,uni_cluster_map_norsl,cluster_map,non-conveyable|food|medium|pallet,51438,3000,False,False,greedy_gate,6.00004568696022e-07,
k1_off_lpt,mixed_20260816_131535__mixed_realistic_bell_lt0,ful_calibrated,fulfillment,uni_cluster_map_norsl,cluster_map,non-conveyable|food|small|pallet,42966,2000,False,False,greedy_gate,4.00003045797348e-07,
k1_off_lpt,mixed_20260816_131535__mixed_realistic_bell_lt0,ful_calibrated,fulfillment,uni_cluster_map_norsl,cluster_map,non-conveyable|electronic|singleton|singleton,3426,1500,False,False,greedy_gate,1.9998697098344564e-07,
k1_off_lpt,mixed_20260816_131535__mixed_realistic_bell_lt0,ful_calibrated,fulfillment,uni_cluster_map_norsl,cluster_map,conveyable|seasonal|large|pallet,51738,2600,False,False,greedy_gate,2.00001522898674e-07,
k1_off_lpt,mixed_20260816_131535__mixed_realistic_bell_lt0,ful_calibrated,fulfillment,uni_cluster_map_norsl,cluster_map,non-conveyable|seasonal|small|pallet,6830,2000,False,False,greedy_gate,2.00001522898674e-07,
k1_off_lpt,mixed_20260816_131535__mixed_realistic_bell_lt0,ful_calibrated,fulfillment,uni_cluster_map_norsl,cluster_map,non-conveyable|seasonal|singleton|singleton,6667,1500,False,False,greedy_gate,2.00001522898674e-07,
k1_off_lpt,mixed_20260816_131535__mixed_realistic_bell_lt0,ful_calibrated,fulfillment,uni_cluster_map_norsl,cluster_map,non-conveyable|electronic|medium|pallet,3896,1000,False,True,greedy_gate,2.00001522898674e-07,
k1_off_lpt,mixed_20260816_131535__mixed_realistic_bell_lt0,ful_calibrated,fulfillment,uni_cluster_map_norsl,cluster_map,non-conveyable|seasonal|medium|pallet,15113,1000,False,False,greedy_gate,2.00001522898674e-07,
k1_off_lpt,mixed_20260816_131535__mixed_realistic_bell_lt0,ful_calibrated,fulfillment,uni_cluster_map_norsl,cluster_map,conveyable|furniture|extra_large|pallet,1648,500,False,True,greedy_gate,1.9998697098344564e-07,
k1_off_lpt,mixed_20260816_131535__mixed_realistic_bell_lt0,ful_calibrated,fulfillment,uni_cluster_map_norsl,cluster_map,non-conveyable|chemical|small|pallet,705,1705,True,True,lap,0.3784836999984691,
k1_off_lpt,mixed_20260816_131535__mixed_realistic_bell_lt0,ful_calibrated,fulfillment,uni_cluster_map_norsl,cluster_map,non-conveyable|clothing|medium|pallet,14249,1000,False,False,greedy_gate,3.00002284348011e-07,
k1_off_lpt,mixed_20260816_131535__mixed_realistic_bell_lt0,ful_calibrated,fulfillment,uni_cluster_map_norsl,cluster_map,non-conveyable|food|singleton|singleton,4716,1500,False,False,greedy_gate,2.00001522898674e-07,
k1_off_lpt,mixed_20260816_131535__mixed_realistic_bell_lt0,ful_calibrated,fulfillment,uni_cluster_map_norsl,cluster_map,non-conveyable|clothing|singleton|singleton,512,1262,True,True,lap,0.12415499999769963,
k1_off_lpt,mixed_20260816_131535__mixed_realistic_bell_lt0,ful_calibrated,fulfillment,uni_cluster_map_norsl,cluster_map,non-conveyable|furniture|extra_large|pallet,6518,500,False,True,greedy_gate,3.00002284348011e-07,
k1_off_lpt,mixed_20260816_131535__mixed_realistic_bell_lt0,ful_calibrated,fulfillment,uni_cluster_map_norsl,cluster_map,conveyable|furniture|large|pallet,6414,650,False,False,greedy_gate,2.00001522898674e-07,
k1_off_lpt,mixed_20260816_131535__mixed_realistic_bell_lt0,ful_calibrated,fulfillment,uni_cluster_map_norsl,cluster_map,non-conveyable|seasonal|extra_large|pallet,7095,500,False,True,greedy_gate,2.00001522898674e-07,
k1_off_lpt,mixed_20260816_131535__mixed_realistic_bell_lt0,ful_calibrated,fulfillment,uni_cluster_map_norsl,cluster_map,non-conveyable|electronic|small|pallet,10505,2000,False,False,greedy_gate,2.00001522898674e-07,
k1_off_lpt,mixed_20260816_131535__mixed_realistic_bell_lt0,ful_calibrated,fulfillment,uni_cluster_map_norsl,cluster_map,conveyable|furniture|medium|pallet,206,612,True,True,lap,0.013218699998105876,
k1_off_lpt,mixed_20260816_131535__mixed_realistic_bell_lt0,ful_calibrated,fulfillment,uni_cluster_map_norsl,cluster_map,conveyable|clothing|large|pallet,7302,650,False,False,greedy_gate,2.00001522898674e-07,
k1_off_lpt,mixed_20260816_131535__mixed_realistic_bell_lt0,ful_calibrated,fulfillment,uni_cluster_map_norsl,cluster_map,non-conveyable|furniture|medium|pallet,729,1000,True,True,lap,0.22701299999607727,
k1_off_lpt,mixed_20260816_131535__mixed_realistic_bell_lt0,ful_calibrated,fulfillment,uni_cluster_map_norsl,cluster_map,non-conveyable|electronic|large|pallet,8619,650,False,False,greedy_gate,3.00002284348011e-07,
k1_off_lpt,mixed_20260816_131535__mixed_realistic_bell_lt0,ful_calibrated,fulfillment,uni_cluster_map_norsl,cluster_map,conveyable|chemical|large|pallet,30887,1950,False,False,greedy_gate,3.00002284348011e-07,
k1_off_lpt,mixed_20260816_131535__mixed_realistic_bell_lt0,ful_calibrated,fulfillment,uni_cluster_map_norsl,cluster_map,non-conveyable|chemical|large|pallet,46514,2600,False,False,greedy_gate,5.00003807246685e-07,
k1_off_lpt,mixed_20260816_131535__mixed_realistic_bell_lt0,ful_calibrated,fulfillment,uni_cluster_map_norsl,cluster_map,conveyable|electronic|extra_large|pallet,1695,500,False,True,greedy_gate,3.00002284348011e-07,
k1_off_lpt,mixed_20260816_131535__mixed_realistic_bell_lt0,ful_calibrated,fulfillment,uni_cluster_map_norsl,cluster_map,conveyable|seasonal|extra_large|pallet,11248,500,False,False,greedy_gate,2.00001522898674e-07,
k1_off_lpt,mixed_20260816_131535__mixed_realistic_bell_lt0,ful_calibrated,fulfillment,uni_cluster_map_norsl,cluster_map,conveyable|chemical|singleton|singleton,489,1239,True,True,lap,0.11548069999844301,
k1_off_lpt,mixed_20260816_131535__mixed_realistic_bell_lt0,ful_calibrated,fulfillment,uni_cluster_map_norsl,cluster_map,non-conveyable|clothing|small|pallet,524,1448,True,True,lap,0.16740089999802876,
k1_off_lpt,mixed_20260816_131535__mixed_realistic_bell_lt0,ful_calibrated,fulfillment,uni_cluster_map_norsl,cluster_map,non-conveyable|chemical|singleton|singleton,805,1500,True,True,lap,0.3664117000007536,
k1_off_lpt,mixed_20260816_131535__mixed_realistic_bell_lt0,ful_calibrated,fulfillment,uni_cluster_map_norsl,cluster_map,conveyable|chemical|small|pallet,397,1191,True,True,lap,0.08006619999650866,
k1_off_lpt,mixed_20260816_131535__mixed_realistic_bell_lt0,ful_calibrated,fulfillment,uni_cluster_map_norsl,cluster_map,non-conveyable|electronic|extra_large|pallet,61,183,True,True,lap,0.0009132999985013157,
k1_off_lpt,mixed_20260816_131535__mixed_realistic_bell_lt0,ful_calibrated,fulfillment,uni_cluster_map_norsl,cluster_map,non-conveyable|clothing|large|pallet,233,583,True,True,lap,0.013652399997226894,
k1_off_lpt,mixed_20260816_131535__mixed_realistic_bell_lt0,ful_calibrated,fulfillment,uni_cluster_map_rank_norsl,cluster_map_rank,fulfillment|fulfillment|ff_medium|fulfillment,1558546,74700,False,False,greedy_gate,2.00001522898674e-07,
k1_off_lpt,mixed_20260816_131535__mixed_realistic_bell_lt0,ful_calibrated,fulfillment,uni_cluster_map_rank_norsl,cluster_map_rank,conveyable|clothing|medium|pallet,459066,25000,False,False,greedy_gate,2.9998773243278265e-07,
k1_off_lpt,mixed_20260816_131535__mixed_realistic_bell_lt0,ful_calibrated,fulfillment,uni_cluster_map_rank_norsl,cluster_map_rank,conveyable|clothing|singleton|singleton,16047,1500,False,False,greedy_gate,1.200009137392044e-06,
k1_off_lpt,mixed_20260816_131535__mixed_realistic_bell_lt0,ful_calibrated,fulfillment,uni_cluster_map_rank_norsl,cluster_map_rank,conveyable|electronic|medium|pallet,48391,3000,False,False,greedy_gate,3.00002284348011e-07,
k1_off_lpt,mixed_20260816_131535__mixed_realistic_bell_lt0,ful_calibrated,fulfillment,uni_cluster_map_rank_norsl,cluster_map_rank,conveyable|seasonal|medium|pallet,23648,1000,False,False,greedy_gate,3.00002284348011e-07,
k1_off_lpt,mixed_20260816_131535__mixed_realistic_bell_lt0,ful_calibrated,fulfillment,uni_cluster_map_rank_norsl,cluster_map_rank,fulfillment|fulfillment|ff_large|fulfillment,679203,49800,False,False,greedy_gate,3.9998849388211966e-07,
k1_off_lpt,mixed_20260816_131535__mixed_realistic_bell_lt0,ful_calibrated,fulfillment,uni_cluster_map_rank_norsl,cluster_map_rank,fulfillment|fulfillment|ff_small|fulfillment,216173,124200,False,False,greedy_gate,7.999915396794677e-07,
k1_off_lpt,mixed_20260816_131535__mixed_realistic_bell_lt0,ful_calibrated,fulfillment,uni_cluster_map_rank_norsl,cluster_map_rank,non-conveyable|chemical|medium|pallet,278040,15000,False,False,greedy_gate,4.999892553314567e-07,
k1_off_lpt,mixed_20260816_131535__mixed_realistic_bell_lt0,ful_calibrated,fulfillment,uni_cluster_map_rank_norsl,cluster_map_rank,non-conveyable|furniture|large|pallet,26467,1300,False,False,greedy_gate,3.9998849388211966e-07,
k1_off_lpt,mixed_20260816_131535__mixed_realistic_bell_lt0,ful_calibrated,fulfillment,uni_cluster_map_rank_norsl,cluster_map_rank,conveyable|food|medium|pallet,519600,19000,False,False,greedy_gate,5.999900167807937e-07,
k1_off_lpt,mixed_20260816_131535__mixed_realistic_bell_lt0,ful_calibrated,fulfillment,uni_cluster_map_rank_norsl,cluster_map_rank,conveyable|food|singleton|singleton,48068,1500,False,False,greedy_gate,5.00003807246685e-07,
k1_off_lpt,mixed_20260816_131535__mixed_realistic_bell_lt0,ful_calibrated,fulfillment,uni_cluster_map_rank_norsl,cluster_map_rank,conveyable|chemical|medium|pallet,187472,10000,False,False,greedy_gate,4.00003045797348e-07,
k1_off_lpt,mixed_20260816_131535__mixed_realistic_bell_lt0,ful_calibrated,fulfillment,uni_cluster_map_rank_norsl,cluster_map_rank,conveyable|food|small|pallet,436699,2000,False,False,greedy_gate,3.00002284348011e-07,
k1_off_lpt,mixed_20260816_131535__mixed_realistic_bell_lt0,ful_calibrated,fulfillment,uni_cluster_map_rank_norsl,cluster_map_rank,non-conveyable|seasonal|large|pallet,35111,1950,False,False,greedy_gate,6.00004568696022e-07,
k1_off_lpt,mixed_20260816_131535__mixed_realistic_bell_lt0,ful_calibrated,fulfillment,uni_cluster_map_rank_norsl,cluster_map_rank,conveyable|clothing|small|pallet,22691,2000,False,False,greedy_gate,2.9998773243278265e-07,
k1_off_lpt,mixed_20260816_131535__mixed_realistic_bell_lt0,ful_calibrated,fulfillment,uni_cluster_map_rank_norsl,cluster_map_rank,conveyable|electronic|small|pallet,136401,2000,False,False,greedy_gate,3.00002284348011e-07,
k1_off_lpt,mixed_20260816_131535__mixed_realistic_bell_lt0,ful_calibrated,fulfillment,uni_cluster_map_rank_norsl,cluster_map_rank,conveyable|electronic|singleton|singleton,46527,1500,False,False,greedy_gate,1.00000761449337e-06,
k1_off_lpt,mixed_20260816_131535__mixed_realistic_bell_lt0,ful_calibrated,fulfillment,uni_cluster_map_rank_norsl,cluster_map_rank,conveyable|seasonal|small|pallet,10345,2000,False,False,greedy_gate,9.00006853044033e-07,
k1_off_lpt,mixed_20260816_131535__mixed_realistic_bell_lt0,ful_calibrated,fulfillment,uni_cluster_map_rank_norsl,cluster_map_rank,conveyable|seasonal|singleton|singleton,10032,1500,False,False,greedy_gate,1.0999938240274787e-06,
k1_off_lpt,mixed_20260816_131535__mixed_realistic_bell_lt0,ful_calibrated,fulfillment,uni_cluster_map_rank_norsl,cluster_map_rank,conveyable|electronic|large|pallet,117322,6500,False,False,greedy_gate,7.00005330145359e-07,
k1_off_lpt,mixed_20260816_131535__mixed_realistic_bell_lt0,ful_calibrated,fulfillment,uni_cluster_map_rank_norsl,cluster_map_rank,non-conveyable|food|medium|pallet,51438,3000,False,False,greedy_gate,7.00005330145359e-07,
k1_off_lpt,mixed_20260816_131535__mixed_realistic_bell_lt0,ful_calibrated,fulfillment,uni_cluster_map_rank_norsl,cluster_map_rank,non-conveyable|food|small|pallet,42966,2000,False,False,greedy_gate,8.00006091594696e-07,
k1_off_lpt,mixed_20260816_131535__mixed_realistic_bell_lt0,ful_calibrated,fulfillment,uni_cluster_map_rank_norsl,cluster_map_rank,non-conveyable|electronic|singleton|singleton,3426,1500,False,False,greedy_gate,7.999915396794677e-07,
k1_off_lpt,mixed_20260816_131535__mixed_realistic_bell_lt0,ful_calibrated,fulfillment,uni_cluster_map_rank_norsl,cluster_map_rank,conveyable|seasonal|large|pallet,51738,2600,False,False,greedy_gate,4.999892553314567e-07,
k1_off_lpt,mixed_20260816_131535__mixed_realistic_bell_lt0,ful_calibrated,fulfillment,uni_cluster_map_rank_norsl,cluster_map_rank,non-conveyable|seasonal|small|pallet,6830,2000,False,False,greedy_gate,6.00004568696022e-07,
k1_off_lpt,mixed_20260816_131535__mixed_realistic_bell_lt0,ful_calibrated,fulfillment,uni_cluster_map_rank_norsl,cluster_map_rank,non-conveyable|seasonal|singleton|singleton,6667,1500,False,False,greedy_gate,3.9998849388211966e-07,
k1_off_lpt,mixed_20260816_131535__mixed_realistic_bell_lt0,ful_calibrated,fulfillment,uni_cluster_map_rank_norsl,cluster_map_rank,non-conveyable|electronic|medium|pallet,3896,1000,False,True,greedy_gate,4.00003045797348e-07,
k1_off_lpt,mixed_20260816_131535__mixed_realistic_bell_lt0,ful_calibrated,fulfillment,uni_cluster_map_rank_norsl,cluster_map_rank,non-conveyable|seasonal|medium|pallet,15113,1000,False,False,greedy_gate,3.00002284348011e-07,
k1_off_lpt,mixed_20260816_131535__mixed_realistic_bell_lt0,ful_calibrated,fulfillment,uni_cluster_map_rank_norsl,cluster_map_rank,conveyable|furniture|extra_large|pallet,1648,500,False,True,greedy_gate,3.00002284348011e-07,
k1_off_lpt,mixed_20260816_131535__mixed_realistic_bell_lt0,ful_calibrated,fulfillment,uni_cluster_map_rank_norsl,cluster_map_rank,non-conveyable|chemical|small|pallet,705,1705,True,True,lap,0.40485620000981726,
k1_off_lpt,mixed_20260816_131535__mixed_realistic_bell_lt0,ful_calibrated,fulfillment,uni_cluster_map_rank_norsl,cluster_map_rank,non-conveyable|clothing|medium|pallet,14249,1000,False,False,greedy_gate,4.00003045797348e-07,
k1_off_lpt,mixed_20260816_131535__mixed_realistic_bell_lt0,ful_calibrated,fulfillment,uni_cluster_map_rank_norsl,cluster_map_rank,non-conveyable|food|singleton|singleton,4716,1500,False,False,greedy_gate,1.00000761449337e-07,
k1_off_lpt,mixed_20260816_131535__mixed_realistic_bell_lt0,ful_calibrated,fulfillment,uni_cluster_map_rank_norsl,cluster_map_rank,non-conveyable|clothing|singleton|singleton,512,1262,True,True,lap,0.1274561000027461,
k1_off_lpt,mixed_20260816_131535__mixed_realistic_bell_lt0,ful_calibrated,fulfillment,uni_cluster_map_rank_norsl,cluster_map_rank,non-conveyable|furniture|extra_large|pallet,6518,500,False,True,greedy_gate,4.00003045797348e-07,
k1_off_lpt,mixed_20260816_131535__mixed_realistic_bell_lt0,ful_calibrated,fulfillment,uni_cluster_map_rank_norsl,cluster_map_rank,conveyable|furniture|large|pallet,6414,650,False,False,greedy_gate,1.00000761449337e-07,
k1_off_lpt,mixed_20260816_131535__mixed_realistic_bell_lt0,ful_calibrated,fulfillment,uni_cluster_map_rank_norsl,cluster_map_rank,non-conveyable|seasonal|extra_large|pallet,7095,500,False,True,greedy_gate,2.00001522898674e-07,
k1_off_lpt,mixed_20260816_131535__mixed_realistic_bell_lt0,ful_calibrated,fulfillment,uni_cluster_map_rank_norsl,cluster_map_rank,non-conveyable|electronic|small|pallet,10505,2000,False,False,greedy_gate,2.00001522898674e-07,
k1_off_lpt,mixed_20260816_131535__mixed_realistic_bell_lt0,ful_calibrated,fulfillment,uni_cluster_map_rank_norsl,cluster_map_rank,conveyable|furniture|medium|pallet,206,612,True,True,lap,0.013356899988139048,
k1_off_lpt,mixed_20260816_131535__mixed_realistic_bell_lt0,ful_calibrated,fulfillment,uni_cluster_map_rank_norsl,cluster_map_rank,conveyable|clothing|large|pallet,7302,650,False,False,greedy_gate,2.00001522898674e-07,
k1_off_lpt,mixed_20260816_131535__mixed_realistic_bell_lt0,ful_calibrated,fulfillment,uni_cluster_map_rank_norsl,cluster_map_rank,non-conveyable|furniture|medium|pallet,729,1000,True,True,lap,0.22391470000729896,
k1_off_lpt,mixed_20260816_131535__mixed_realistic_bell_lt0,ful_calibrated,fulfillment,uni_cluster_map_rank_norsl,cluster_map_rank,non-conveyable|electronic|large|pallet,8619,650,False,False,greedy_gate,2.9998773243278265e-07,
k1_off_lpt,mixed_20260816_131535__mixed_realistic_bell_lt0,ful_calibrated,fulfillment,uni_cluster_map_rank_norsl,cluster_map_rank,conveyable|chemical|large|pallet,30887,1950,False,False,greedy_gate,2.00001522898674e-07,
k1_off_lpt,mixed_20260816_131535__mixed_realistic_bell_lt0,ful_calibrated,fulfillment,uni_cluster_map_rank_norsl,cluster_map_rank,non-conveyable|chemical|large|pallet,46514,2600,False,False,greedy_gate,6.00004568696022e-07,
k1_off_lpt,mixed_20260816_131535__mixed_realistic_bell_lt0,ful_calibrated,fulfillment,uni_cluster_map_rank_norsl,cluster_map_rank,conveyable|electronic|extra_large|pallet,1695,500,False,True,greedy_gate,3.00002284348011e-07,
k1_off_lpt,mixed_20260816_131535__mixed_realistic_bell_lt0,ful_calibrated,fulfillment,uni_cluster_map_rank_norsl,cluster_map_rank,conveyable|seasonal|extra_large|pallet,11248,500,False,False,greedy_gate,2.00001522898674e-07,
k1_off_lpt,mixed_20260816_131535__mixed_realistic_bell_lt0,ful_calibrated,fulfillment,uni_cluster_map_rank_norsl,cluster_map_rank,conveyable|chemical|singleton|singleton,489,1239,True,True,lap,0.10833269999420736,
k1_off_lpt,mixed_20260816_131535__mixed_realistic_bell_lt0,ful_calibrated,fulfillment,uni_cluster_map_rank_norsl,cluster_map_rank,non-conveyable|clothing|small|pallet,524,1448,True,True,lap,0.1676733000058448,
k1_off_lpt,mixed_20260816_131535__mixed_realistic_bell_lt0,ful_calibrated,fulfillment,uni_cluster_map_rank_norsl,cluster_map_rank,non-conveyable|chemical|singleton|singleton,805,1500,True,True,lap,0.36660269999993034,
k1_off_lpt,mixed_20260816_131535__mixed_realistic_bell_lt0,ful_calibrated,fulfillment,uni_cluster_map_rank_norsl,cluster_map_rank,conveyable|chemical|small|pallet,397,1191,True,True,lap,0.08233760000439361,
k1_off_lpt,mixed_20260816_131535__mixed_realistic_bell_lt0,ful_calibrated,fulfillment,uni_cluster_map_rank_norsl,cluster_map_rank,non-conveyable|electronic|extra_large|pallet,61,183,True,True,lap,0.0006690000009257346,
k1_off_lpt,mixed_20260816_131535__mixed_realistic_bell_lt0,ful_calibrated,fulfillment,uni_cluster_map_rank_norsl,cluster_map_rank,non-conveyable|clothing|large|pallet,233,583,True,True,lap,0.013386599996010773,
k1_off_lpt,mixed_20260816_131535__mixed_realistic_bell_lt0,ful_calibrated,fulfillment,uni_map_norsl,map,fulfillment|fulfillment|ff_medium|fulfillment,1558546,74700,False,False,greedy_gate,4.00003045797348e-07,
k1_off_lpt,mixed_20260816_131535__mixed_realistic_bell_lt0,ful_calibrated,fulfillment,uni_map_norsl,map,conveyable|clothing|medium|pallet,459066,25000,False,False,greedy_gate,4.999892553314567e-07,
k1_off_lpt,mixed_20260816_131535__mixed_realistic_bell_lt0,ful_calibrated,fulfillment,uni_map_norsl,map,conveyable|clothing|singleton|singleton,16047,1500,False,False,greedy_gate,4.00003045797348e-07,
k1_off_lpt,mixed_20260816_131535__mixed_realistic_bell_lt0,ful_calibrated,fulfillment,uni_map_norsl,map,conveyable|electronic|medium|pallet,48391,3000,False,False,greedy_gate,6.00004568696022e-07,
k1_off_lpt,mixed_20260816_131535__mixed_realistic_bell_lt0,ful_calibrated,fulfillment,uni_map_norsl,map,conveyable|seasonal|medium|pallet,23648,1000,False,False,greedy_gate,2.00001522898674e-07,
k1_off_lpt,mixed_20260816_131535__mixed_realistic_bell_lt0,ful_calibrated,fulfillment,uni_map_norsl,map,fulfillment|fulfillment|ff_large|fulfillment,679203,49800,False,False,greedy_gate,5.00003807246685e-07,
k1_off_lpt,mixed_20260816_131535__mixed_realistic_bell_lt0,ful_calibrated,fulfillment,uni_map_norsl,map,fulfillment|fulfillment|ff_small|fulfillment,216173,124200,False,False,greedy_gate,9.999930625781417e-07,
k1_off_lpt,mixed_20260816_131535__mixed_realistic_bell_lt0,ful_calibrated,fulfillment,uni_map_norsl,map,non-conveyable|chemical|medium|pallet,278040,15000,False,False,greedy_gate,6.00004568696022e-07,
k1_off_lpt,mixed_20260816_131535__mixed_realistic_bell_lt0,ful_calibrated,fulfillment,uni_map_norsl,map,non-conveyable|furniture|large|pallet,26467,1300,False,False,greedy_gate,3.9998849388211966e-07,
k1_off_lpt,mixed_20260816_131535__mixed_realistic_bell_lt0,ful_calibrated,fulfillment,uni_map_norsl,map,conveyable|food|medium|pallet,519600,19000,False,False,greedy_gate,4.00003045797348e-07,
k1_off_lpt,mixed_20260816_131535__mixed_realistic_bell_lt0,ful_calibrated,fulfillment,uni_map_norsl,map,conveyable|food|singleton|singleton,48068,1500,False,False,greedy_gate,5.00003807246685e-07,
k1_off_lpt,mixed_20260816_131535__mixed_realistic_bell_lt0,ful_calibrated,fulfillment,uni_map_norsl,map,conveyable|chemical|medium|pallet,187472,10000,False,False,greedy_gate,5.00003807246685e-07,
k1_off_lpt,mixed_20260816_131535__mixed_realistic_bell_lt0,ful_calibrated,fulfillment,uni_map_norsl,map,conveyable|food|small|pallet,436699,2000,False,False,greedy_gate,5.00003807246685e-07,
k1_off_lpt,mixed_20260816_131535__mixed_realistic_bell_lt0,ful_calibrated,fulfillment,uni_map_norsl,map,non-conveyable|seasonal|large|pallet,35111,1950,False,False,greedy_gate,5.00003807246685e-07,
k1_off_lpt,mixed_20260816_131535__mixed_realistic_bell_lt0,ful_calibrated,fulfillment,uni_map_norsl,map,conveyable|clothing|small|pallet,22691,2000,False,False,greedy_gate,4.999892553314567e-07,
k1_off_lpt,mixed_20260816_131535__mixed_realistic_bell_lt0,ful_calibrated,fulfillment,uni_map_norsl,map,conveyable|electronic|small|pallet,136401,2000,False,False,greedy_gate,2.00001522898674e-07,
k1_off_lpt,mixed_20260816_131535__mixed_realistic_bell_lt0,ful_calibrated,fulfillment,uni_map_norsl,map,conveyable|electronic|singleton|singleton,46527,1500,False,False,greedy_gate,4.00003045797348e-07,
k1_off_lpt,mixed_20260816_131535__mixed_realistic_bell_lt0,ful_calibrated,fulfillment,uni_map_norsl,map,conveyable|seasonal|small|pallet,10345,2000,False,False,greedy_gate,4.00003045797348e-07,
k1_off_lpt,mixed_20260816_131535__mixed_realistic_bell_lt0,ful_calibrated,fulfillment,uni_map_norsl,map,conveyable|seasonal|singleton|singleton,10032,1500,False,False,greedy_gate,2.00001522898674e-07,
k1_off_lpt,mixed_20260816_131535__mixed_realistic_bell_lt0,ful_calibrated,fulfillment,uni_map_norsl,map,conveyable|electronic|large|pallet,117322,6500,False,False,greedy_gate,2.9998773243278265e-07,
k1_off_lpt,mixed_20260816_131535__mixed_realistic_bell_lt0,ful_calibrated,fulfillment,uni_map_norsl,map,non-conveyable|food|medium|pallet,51438,3000,False,False,greedy_gate,4.00003045797348e-07,
k1_off_lpt,mixed_20260816_131535__mixed_realistic_bell_lt0,ful_calibrated,fulfillment,uni_map_norsl,map,non-conveyable|food|small|pallet,42966,2000,False,False,greedy_gate,2.00001522898674e-07,
k1_off_lpt,mixed_20260816_131535__mixed_realistic_bell_lt0,ful_calibrated,fulfillment,uni_map_norsl,map,non-conveyable|electronic|singleton|singleton,3426,1500,False,False,greedy_gate,2.00001522898674e-07,
k1_off_lpt,mixed_20260816_131535__mixed_realistic_bell_lt0,ful_calibrated,fulfillment,uni_map_norsl,map,conveyable|seasonal|large|pallet,51738,2600,False,False,greedy_gate,2.00001522898674e-07,
k1_off_lpt,mixed_20260816_131535__mixed_realistic_bell_lt0,ful_calibrated,fulfillment,uni_map_norsl,map,non-conveyable|seasonal|small|pallet,6830,2000,False,False,greedy_gate,2.00001522898674e-07,
k1_off_lpt,mixed_20260816_131535__mixed_realistic_bell_lt0,ful_calibrated,fulfillment,uni_map_norsl,map,non-conveyable|seasonal|singleton|singleton,6667,1500,False,False,greedy_gate,2.9998773243278265e-07,
k1_off_lpt,mixed_20260816_131535__mixed_realistic_bell_lt0,ful_calibrated,fulfillment,uni_map_norsl,map,non-conveyable|electronic|medium|pallet,3896,1000,False,True,greedy_gate,2.00001522898674e-07,
k1_off_lpt,mixed_20260816_131535__mixed_realistic_bell_lt0,ful_calibrated,fulfillment,uni_map_norsl,map,non-conveyable|seasonal|medium|pallet,15113,1000,False,False,greedy_gate,3.00002284348011e-07,
k1_off_lpt,mixed_20260816_131535__mixed_realistic_bell_lt0,ful_calibrated,fulfillment,uni_map_norsl,map,conveyable|furniture|extra_large|pallet,1648,500,False,True,greedy_gate,3.00002284348011e-07,
k1_off_lpt,mixed_20260816_131535__mixed_realistic_bell_lt0,ful_calibrated,fulfillment,uni_map_norsl,map,non-conveyable|chemical|small|pallet,705,1705,True,True,lap,0.3388832999917213,
k1_off_lpt,mixed_20260816_131535__mixed_realistic_bell_lt0,ful_calibrated,fulfillment,uni_map_norsl,map,non-conveyable|clothing|medium|pallet,14249,1000,False,False,greedy_gate,5.00003807246685e-07,
k1_off_lpt,mixed_20260816_131535__mixed_realistic_bell_lt0,ful_calibrated,fulfillment,uni_map_norsl,map,non-conveyable|food|singleton|singleton,4716,1500,False,False,greedy_gate,3.00002284348011e-07,
k1_off_lpt,mixed_20260816_131535__mixed_realistic_bell_lt0,ful_calibrated,fulfillment,uni_map_norsl,map,non-conveyable|clothing|singleton|singleton,512,1262,True,True,lap,0.12403199999243952,
k1_off_lpt,mixed_20260816_131535__mixed_realistic_bell_lt0,ful_calibrated,fulfillment,uni_map_norsl,map,non-conveyable|furniture|extra_large|pallet,6518,500,False,True,greedy_gate,2.9998773243278265e-07,
k1_off_lpt,mixed_20260816_131535__mixed_realistic_bell_lt0,ful_calibrated,fulfillment,uni_map_norsl,map,conveyable|furniture|large|pallet,6414,650,False,False,greedy_gate,2.00001522898674e-07,
k1_off_lpt,mixed_20260816_131535__mixed_realistic_bell_lt0,ful_calibrated,fulfillment,uni_map_norsl,map,non-conveyable|seasonal|extra_large|pallet,7095,500,False,True,greedy_gate,2.00001522898674e-07,
k1_off_lpt,mixed_20260816_131535__mixed_realistic_bell_lt0,ful_calibrated,fulfillment,uni_map_norsl,map,non-conveyable|electronic|small|pallet,10505,2000,False,False,greedy_gate,2.00001522898674e-07,
k1_off_lpt,mixed_20260816_131535__mixed_realistic_bell_lt0,ful_calibrated,fulfillment,uni_map_norsl,map,conveyable|furniture|medium|pallet,206,612,True,True,lap,0.013312600000062957,
k1_off_lpt,mixed_20260816_131535__mixed_realistic_bell_lt0,ful_calibrated,fulfillment,uni_map_norsl,map,conveyable|clothing|large|pallet,7302,650,False,False,greedy_gate,3.00002284348011e-07,
k1_off_lpt,mixed_20260816_131535__mixed_realistic_bell_lt0,ful_calibrated,fulfillment,uni_map_norsl,map,non-conveyable|furniture|medium|pallet,729,1000,True,True,lap,0.22540290000324603,
k1_off_lpt,mixed_20260816_131535__mixed_realistic_bell_lt0,ful_calibrated,fulfillment,uni_map_norsl,map,non-conveyable|electronic|large|pallet,8619,650,False,False,greedy_gate,1.9998697098344564e-07,
k1_off_lpt,mixed_20260816_131535__mixed_realistic_bell_lt0,ful_calibrated,fulfillment,uni_map_norsl,map,conveyable|chemical|large|pallet,30887,1950,False,False,greedy_gate,3.00002284348011e-07,
k1_off_lpt,mixed_20260816_131535__mixed_realistic_bell_lt0,ful_calibrated,fulfillment,uni_map_norsl,map,non-conveyable|chemical|large|pallet,46514,2600,False,False,greedy_gate,3.00002284348011e-07,
k1_off_lpt,mixed_20260816_131535__mixed_realistic_bell_lt0,ful_calibrated,fulfillment,uni_map_norsl,map,conveyable|electronic|extra_large|pallet,1695,500,False,True,greedy_gate,2.00001522898674e-07,
k1_off_lpt,mixed_20260816_131535__mixed_realistic_bell_lt0,ful_calibrated,fulfillment,uni_map_norsl,map,conveyable|seasonal|extra_large|pallet,11248,500,False,False,greedy_gate,2.00001522898674e-07,
k1_off_lpt,mixed_20260816_131535__mixed_realistic_bell_lt0,ful_calibrated,fulfillment,uni_map_norsl,map,conveyable|chemical|singleton|singleton,489,1239,True,True,lap,0.10496979999879841,
k1_off_lpt,mixed_20260816_131535__mixed_realistic_bell_lt0,ful_calibrated,fulfillment,uni_map_norsl,map,non-conveyable|clothing|small|pallet,524,1448,True,True,lap,0.1661103000078583,
k1_off_lpt,mixed_20260816_131535__mixed_realistic_bell_lt0,ful_calibrated,fulfillment,uni_map_norsl,map,non-conveyable|chemical|singleton|singleton,805,1500,True,True,lap,0.3578745999984676,
k1_off_lpt,mixed_20260816_131535__mixed_realistic_bell_lt0,ful_calibrated,fulfillment,uni_map_norsl,map,conveyable|chemical|small|pallet,397,1191,True,True,lap,0.0818786000018008,
k1_off_lpt,mixed_20260816_131535__mixed_realistic_bell_lt0,ful_calibrated,fulfillment,uni_map_norsl,map,non-conveyable|electronic|extra_large|pallet,61,183,True,True,lap,0.000715599991963245,
k1_off_lpt,mixed_20260816_131535__mixed_realistic_bell_lt0,ful_calibrated,fulfillment,uni_map_norsl,map,non-conveyable|clothing|large|pallet,233,583,True,True,lap,0.013100299998768605,
k1_off_lpt,mixed_20260816_131535__mixed_realistic_bell_lt0,ful_calibrated,fulfillment,uni_map_rank_norsl,map_rank,fulfillment|fulfillment|ff_medium|fulfillment,1558546,74700,False,False,greedy_gate,3.9998849388211966e-07,
k1_off_lpt,mixed_20260816_131535__mixed_realistic_bell_lt0,ful_calibrated,fulfillment,uni_map_rank_norsl,map_rank,conveyable|clothing|medium|pallet,459066,25000,False,False,greedy_gate,5.00003807246685e-07,
k1_off_lpt,mixed_20260816_131535__mixed_realistic_bell_lt0,ful_calibrated,fulfillment,uni_map_rank_norsl,map_rank,conveyable|clothing|singleton|singleton,16047,1500,False,False,greedy_gate,5.00003807246685e-07,
k1_off_lpt,mixed_20260816_131535__mixed_realistic_bell_lt0,ful_calibrated,fulfillment,uni_map_rank_norsl,map_rank,conveyable|electronic|medium|pallet,48391,3000,False,False,greedy_gate,3.9998849388211966e-07,
k1_off_lpt,mixed_20260816_131535__mixed_realistic_bell_lt0,ful_calibrated,fulfillment,uni_map_rank_norsl,map_rank,conveyable|seasonal|medium|pallet,23648,1000,False,False,greedy_gate,2.00001522898674e-07,
k1_off_lpt,mixed_20260816_131535__mixed_realistic_bell_lt0,ful_calibrated,fulfillment,uni_map_rank_norsl,map_rank,fulfillment|fulfillment|ff_large|fulfillment,679203,49800,False,False,greedy_gate,6.00004568696022e-07,
k1_off_lpt,mixed_20260816_131535__mixed_realistic_bell_lt0,ful_calibrated,fulfillment,uni_map_rank_norsl,map_rank,fulfillment|fulfillment|ff_small|fulfillment,216173,124200,False,False,greedy_gate,2.00001522898674e-07,
k1_off_lpt,mixed_20260816_131535__mixed_realistic_bell_lt0,ful_calibrated,fulfillment,uni_map_rank_norsl,map_rank,non-conveyable|chemical|medium|pallet,278040,15000,False,False,greedy_gate,7.999915396794677e-07,
k1_off_lpt,mixed_20260816_131535__mixed_realistic_bell_lt0,ful_calibrated,fulfillment,uni_map_rank_norsl,map_rank,non-conveyable|furniture|large|pallet,26467,1300,False,False,greedy_gate,4.999892553314567e-07,
k1_off_lpt,mixed_20260816_131535__mixed_realistic_bell_lt0,ful_calibrated,fulfillment,uni_map_rank_norsl,map_rank,conveyable|food|medium|pallet,519600,19000,False,False,greedy_gate,6.00004568696022e-07,
k1_off_lpt,mixed_20260816_131535__mixed_realistic_bell_lt0,ful_calibrated,fulfillment,uni_map_rank_norsl,map_rank,conveyable|food|singleton|singleton,48068,1500,False,False,greedy_gate,6.00004568696022e-07,
k1_off_lpt,mixed_20260816_131535__mixed_realistic_bell_lt0,ful_calibrated,fulfillment,uni_map_rank_norsl,map_rank,conveyable|chemical|medium|pallet,187472,10000,False,False,greedy_gate,5.00003807246685e-07,
k1_off_lpt,mixed_20260816_131535__mixed_realistic_bell_lt0,ful_calibrated,fulfillment,uni_map_rank_norsl,map_rank,conveyable|food|small|pallet,436699,2000,False,False,greedy_gate,6.00004568696022e-07,
k1_off_lpt,mixed_20260816_131535__mixed_realistic_bell_lt0,ful_calibrated,fulfillment,uni_map_rank_norsl,map_rank,non-conveyable|seasonal|large|pallet,35111,1950,False,False,greedy_gate,5.00003807246685e-07,
k1_off_lpt,mixed_20260816_131535__mixed_realistic_bell_lt0,ful_calibrated,fulfillment,uni_map_rank_norsl,map_rank,conveyable|clothing|small|pallet,22691,2000,False,False,greedy_gate,4.999892553314567e-07,
k1_off_lpt,mixed_20260816_131535__mixed_realistic_bell_lt0,ful_calibrated,fulfillment,uni_map_rank_norsl,map_rank,conveyable|electronic|small|pallet,136401,2000,False,False,greedy_gate,4.00003045797348e-07,
k1_off_lpt,mixed_20260816_131535__mixed_realistic_bell_lt0,ful_calibrated,fulfillment,uni_map_rank_norsl,map_rank,conveyable|electronic|singleton|singleton,46527,1500,False,False,greedy_gate,4.999892553314567e-07,
k1_off_lpt,mixed_20260816_131535__mixed_realistic_bell_lt0,ful_calibrated,fulfillment,uni_map_rank_norsl,map_rank,conveyable|seasonal|small|pallet,10345,2000,False,False,greedy_gate,6.00004568696022e-07,
k1_off_lpt,mixed_20260816_131535__mixed_realistic_bell_lt0,ful_calibrated,fulfillment,uni_map_rank_norsl,map_rank,conveyable|seasonal|singleton|singleton,10032,1500,False,False,greedy_gate,2.00001522898674e-07,
k1_off_lpt,mixed_20260816_131535__mixed_realistic_bell_lt0,ful_calibrated,fulfillment,uni_map_rank_norsl,map_rank,conveyable|electronic|large|pallet,117322,6500,False,False,greedy_gate,1.9998697098344564e-07,
k1_off_lpt,mixed_20260816_131535__mixed_realistic_bell_lt0,ful_calibrated,fulfillment,uni_map_rank_norsl,map_rank,non-conveyable|food|medium|pallet,51438,3000,False,False,greedy_gate,3.00002284348011e-07,
k1_off_lpt,mixed_20260816_131535__mixed_realistic_bell_lt0,ful_calibrated,fulfillment,uni_map_rank_norsl,map_rank,non-conveyable|food|small|pallet,42966,2000,False,False,greedy_gate,4.00003045797348e-07,
k1_off_lpt,mixed_20260816_131535__mixed_realistic_bell_lt0,ful_calibrated,fulfillment,uni_map_rank_norsl,map_rank,non-conveyable|electronic|singleton|singleton,3426,1500,False,False,greedy_gate,2.00001522898674e-07,
k1_off_lpt,mixed_20260816_131535__mixed_realistic_bell_lt0,ful_calibrated,fulfillment,uni_map_rank_norsl,map_rank,conveyable|seasonal|large|pallet,51738,2600,False,False,greedy_gate,2.00001522898674e-07,
k1_off_lpt,mixed_20260816_131535__mixed_realistic_bell_lt0,ful_calibrated,fulfillment,uni_map_rank_norsl,map_rank,non-conveyable|seasonal|small|pallet,6830,2000,False,False,greedy_gate,2.00001522898674e-07,
k1_off_lpt,mixed_20260816_131535__mixed_realistic_bell_lt0,ful_calibrated,fulfillment,uni_map_rank_norsl,map_rank,non-conveyable|seasonal|singleton|singleton,6667,1500,False,False,greedy_gate,2.00001522898674e-07,
k1_off_lpt,mixed_20260816_131535__mixed_realistic_bell_lt0,ful_calibrated,fulfillment,uni_map_rank_norsl,map_rank,non-conveyable|electronic|medium|pallet,3896,1000,False,True,greedy_gate,2.00001522898674e-07,
k1_off_lpt,mixed_20260816_131535__mixed_realistic_bell_lt0,ful_calibrated,fulfillment,uni_map_rank_norsl,map_rank,non-conveyable|seasonal|medium|pallet,15113,1000,False,False,greedy_gate,1.9998697098344564e-07,
k1_off_lpt,mixed_20260816_131535__mixed_realistic_bell_lt0,ful_calibrated,fulfillment,uni_map_rank_norsl,map_rank,conveyable|furniture|extra_large|pallet,1648,500,False,True,greedy_gate,1.00000761449337e-07,
k1_off_lpt,mixed_20260816_131535__mixed_realistic_bell_lt0,ful_calibrated,fulfillment,uni_map_rank_norsl,map_rank,non-conveyable|chemical|small|pallet,705,1705,True,True,lap,0.3401195999904303,
k1_off_lpt,mixed_20260816_131535__mixed_realistic_bell_lt0,ful_calibrated,fulfillment,uni_map_rank_norsl,map_rank,non-conveyable|clothing|medium|pallet,14249,1000,False,False,greedy_gate,3.00002284348011e-07,
k1_off_lpt,mixed_20260816_131535__mixed_realistic_bell_lt0,ful_calibrated,fulfillment,uni_map_rank_norsl,map_rank,non-conveyable|food|singleton|singleton,4716,1500,False,False,greedy_gate,2.00001522898674e-07,
k1_off_lpt,mixed_20260816_131535__mixed_realistic_bell_lt0,ful_calibrated,fulfillment,uni_map_rank_norsl,map_rank,non-conveyable|clothing|singleton|singleton,512,1262,True,True,lap,0.12428979999094736,
k1_off_lpt,mixed_20260816_131535__mixed_realistic_bell_lt0,ful_calibrated,fulfillment,uni_map_rank_norsl,map_rank,non-conveyable|furniture|extra_large|pallet,6518,500,False,True,greedy_gate,3.00002284348011e-07,
k1_off_lpt,mixed_20260816_131535__mixed_realistic_bell_lt0,ful_calibrated,fulfillment,uni_map_rank_norsl,map_rank,conveyable|furniture|large|pallet,6414,650,False,False,greedy_gate,1.9998697098344564e-07,
k1_off_lpt,mixed_20260816_131535__mixed_realistic_bell_lt0,ful_calibrated,fulfillment,uni_map_rank_norsl,map_rank,non-conveyable|seasonal|extra_large|pallet,7095,500,False,True,greedy_gate,2.00001522898674e-07,
k1_off_lpt,mixed_20260816_131535__mixed_realistic_bell_lt0,ful_calibrated,fulfillment,uni_map_rank_norsl,map_rank,non-conveyable|electronic|small|pallet,10505,2000,False,False,greedy_gate,3.00002284348011e-07,
k1_off_lpt,mixed_20260816_131535__mixed_realistic_bell_lt0,ful_calibrated,fulfillment,uni_map_rank_norsl,map_rank,conveyable|furniture|medium|pallet,206,612,True,True,lap,0.013139699993189424,
k1_off_lpt,mixed_20260816_131535__mixed_realistic_bell_lt0,ful_calibrated,fulfillment,uni_map_rank_norsl,map_rank,conveyable|clothing|large|pallet,7302,650,False,False,greedy_gate,2.00001522898674e-07,
k1_off_lpt,mixed_20260816_131535__mixed_realistic_bell_lt0,ful_calibrated,fulfillment,uni_map_rank_norsl,map_rank,non-conveyable|furniture|medium|pallet,729,1000,True,True,lap,0.22349649999523535,
k1_off_lpt,mixed_20260816_131535__mixed_realistic_bell_lt0,ful_calibrated,fulfillment,uni_map_rank_norsl,map_rank,non-conveyable|electronic|large|pallet,8619,650,False,False,greedy_gate,3.9998849388211966e-07,
k1_off_lpt,mixed_20260816_131535__mixed_realistic_bell_lt0,ful_calibrated,fulfillment,uni_map_rank_norsl,map_rank,conveyable|chemical|large|pallet,30887,1950,False,False,greedy_gate,3.00002284348011e-07,
k1_off_lpt,mixed_20260816_131535__mixed_realistic_bell_lt0,ful_calibrated,fulfillment,uni_map_rank_norsl,map_rank,non-conveyable|chemical|large|pallet,46514,2600,False,False,greedy_gate,3.00002284348011e-07,
k1_off_lpt,mixed_20260816_131535__mixed_realistic_bell_lt0,ful_calibrated,fulfillment,uni_map_rank_norsl,map_rank,conveyable|electronic|extra_large|pallet,1695,500,False,True,greedy_gate,3.00002284348011e-07,
k1_off_lpt,mixed_20260816_131535__mixed_realistic_bell_lt0,ful_calibrated,fulfillment,uni_map_rank_norsl,map_rank,conveyable|seasonal|extra_large|pallet,11248,500,False,False,greedy_gate,3.00002284348011e-07,
k1_off_lpt,mixed_20260816_131535__mixed_realistic_bell_lt0,ful_calibrated,fulfillment,uni_map_rank_norsl,map_rank,conveyable|chemical|singleton|singleton,489,1239,True,True,lap,0.10896599999978207,
k1_off_lpt,mixed_20260816_131535__mixed_realistic_bell_lt0,ful_calibrated,fulfillment,uni_map_rank_norsl,map_rank,non-conveyable|clothing|small|pallet,524,1448,True,True,lap,0.1644630000082543,
k1_off_lpt,mixed_20260816_131535__mixed_realistic_bell_lt0,ful_calibrated,fulfillment,uni_map_rank_norsl,map_rank,non-conveyable|chemical|singleton|singleton,805,1500,True,True,lap,0.3659279000130482,
k1_off_lpt,mixed_20260816_131535__mixed_realistic_bell_lt0,ful_calibrated,fulfillment,uni_map_rank_norsl,map_rank,conveyable|chemical|small|pallet,397,1191,True,True,lap,0.08065699999860954,
k1_off_lpt,mixed_20260816_131535__mixed_realistic_bell_lt0,ful_calibrated,fulfillment,uni_map_rank_norsl,map_rank,non-conveyable|electronic|extra_large|pallet,61,183,True,True,lap,0.0006793000065954402,
k1_off_lpt,mixed_20260816_131535__mixed_realistic_bell_lt0,ful_calibrated,fulfillment,uni_map_rank_norsl,map_rank,non-conveyable|clothing|large|pallet,233,583,True,True,lap,0.016318199996021576,
k1_off_lpt,mixed_20260816_131535__mixed_realistic_bell_lt0,store,store,uni_cluster_map_norsl,cluster_map,fulfillment|fulfillment|ff_medium|fulfillment,1558546,74700,False,False,greedy_gate,3.00002284348011e-07,
k1_off_lpt,mixed_20260816_131535__mixed_realistic_bell_lt0,store,store,uni_cluster_map_norsl,cluster_map,conveyable|clothing|medium|pallet,459066,25000,False,False,greedy_gate,5.00003807246685e-07,
k1_off_lpt,mixed_20260816_131535__mixed_realistic_bell_lt0,store,store,uni_cluster_map_norsl,cluster_map,conveyable|clothing|singleton|singleton,16047,1500,False,False,greedy_gate,5.00003807246685e-07,
k1_off_lpt,mixed_20260816_131535__mixed_realistic_bell_lt0,store,store,uni_cluster_map_norsl,cluster_map,conveyable|electronic|medium|pallet,48391,3000,False,False,greedy_gate,4.00003045797348e-07,
k1_off_lpt,mixed_20260816_131535__mixed_realistic_bell_lt0,store,store,uni_cluster_map_norsl,cluster_map,conveyable|seasonal|medium|pallet,23648,1000,False,False,greedy_gate,2.9998773243278265e-07,
k1_off_lpt,mixed_20260816_131535__mixed_realistic_bell_lt0,store,store,uni_cluster_map_norsl,cluster_map,fulfillment|fulfillment|ff_large|fulfillment,679203,49800,False,False,greedy_gate,5.00003807246685e-07,
k1_off_lpt,mixed_20260816_131535__mixed_realistic_bell_lt0,store,store,uni_cluster_map_norsl,cluster_map,fulfillment|fulfillment|ff_small|fulfillment,216173,124200,False,False,greedy_gate,7.00005330145359e-07,
k1_off_lpt,mixed_20260816_131535__mixed_realistic_bell_lt0,store,store,uni_cluster_map_norsl,cluster_map,non-conveyable|chemical|medium|pallet,278040,15000,False,False,greedy_gate,4.00003045797348e-07,
k1_off_lpt,mixed_20260816_131535__mixed_realistic_bell_lt0,store,store,uni_cluster_map_norsl,cluster_map,non-conveyable|furniture|large|pallet,26467,1300,False,False,greedy_gate,5.00003807246685e-07,
k1_off_lpt,mixed_20260816_131535__mixed_realistic_bell_lt0,store,store,uni_cluster_map_norsl,cluster_map,conveyable|food|medium|pallet,519600,19000,False,False,greedy_gate,5.00003807246685e-07,
k1_off_lpt,mixed_20260816_131535__mixed_realistic_bell_lt0,store,store,uni_cluster_map_norsl,cluster_map,conveyable|food|singleton|singleton,48068,1500,False,False,greedy_gate,5.999900167807937e-07,
k1_off_lpt,mixed_20260816_131535__mixed_realistic_bell_lt0,store,store,uni_cluster_map_norsl,cluster_map,conveyable|chemical|medium|pallet,187472,10000,False,False,greedy_gate,6.999907782301307e-07,
k1_off_lpt,mixed_20260816_131535__mixed_realistic_bell_lt0,store,store,uni_cluster_map_norsl,cluster_map,conveyable|food|small|pallet,436699,2000,False,False,greedy_gate,3.9998849388211966e-07,
k1_off_lpt,mixed_20260816_131535__mixed_realistic_bell_lt0,store,store,uni_cluster_map_norsl,cluster_map,non-conveyable|seasonal|large|pallet,35111,1950,False,False,greedy_gate,4.00003045797348e-07,
k1_off_lpt,mixed_20260816_131535__mixed_realistic_bell_lt0,store,store,uni_cluster_map_norsl,cluster_map,conveyable|clothing|small|pallet,22691,2000,False,False,greedy_gate,3.00002284348011e-07,
k1_off_lpt,mixed_20260816_131535__mixed_realistic_bell_lt0,store,store,uni_cluster_map_norsl,cluster_map,conveyable|electronic|small|pallet,136401,2000,False,False,greedy_gate,4.00003045797348e-07,
k1_off_lpt,mixed_20260816_131535__mixed_realistic_bell_lt0,store,store,uni_cluster_map_norsl,cluster_map,conveyable|electronic|singleton|singleton,46527,1500,False,False,greedy_gate,4.00003045797348e-07,
k1_off_lpt,mixed_20260816_131535__mixed_realistic_bell_lt0,store,store,uni_cluster_map_norsl,cluster_map,conveyable|seasonal|small|pallet,10345,2000,False,False,greedy_gate,3.00002284348011e-07,
k1_off_lpt,mixed_20260816_131535__mixed_realistic_bell_lt0,store,store,uni_cluster_map_norsl,cluster_map,conveyable|seasonal|singleton|singleton,10032,1500,False,False,greedy_gate,3.00002284348011e-07,
k1_off_lpt,mixed_20260816_131535__mixed_realistic_bell_lt0,store,store,uni_cluster_map_norsl,cluster_map,conveyable|electronic|large|pallet,117322,6500,False,False,greedy_gate,5.00003807246685e-07,
k1_off_lpt,mixed_20260816_131535__mixed_realistic_bell_lt0,store,store,uni_cluster_map_norsl,cluster_map,non-conveyable|food|medium|pallet,51438,3000,False,False,greedy_gate,3.00002284348011e-07,
k1_off_lpt,mixed_20260816_131535__mixed_realistic_bell_lt0,store,store,uni_cluster_map_norsl,cluster_map,non-conveyable|food|small|pallet,42966,2000,False,False,greedy_gate,1.00000761449337e-07,
k1_off_lpt,mixed_20260816_131535__mixed_realistic_bell_lt0,store,store,uni_cluster_map_norsl,cluster_map,non-conveyable|electronic|singleton|singleton,3426,1500,False,False,greedy_gate,2.00001522898674e-07,
k1_off_lpt,mixed_20260816_131535__mixed_realistic_bell_lt0,store,store,uni_cluster_map_norsl,cluster_map,conveyable|seasonal|large|pallet,51738,2600,False,False,greedy_gate,2.00001522898674e-07,
k1_off_lpt,mixed_20260816_131535__mixed_realistic_bell_lt0,store,store,uni_cluster_map_norsl,cluster_map,non-conveyable|seasonal|small|pallet,6830,2000,False,False,greedy_gate,2.00001522898674e-07,
k1_off_lpt,mixed_20260816_131535__mixed_realistic_bell_lt0,store,store,uni_cluster_map_norsl,cluster_map,non-conveyable|seasonal|singleton|singleton,6667,1500,False,False,greedy_gate,3.00002284348011e-07,
k1_off_lpt,mixed_20260816_131535__mixed_realistic_bell_lt0,store,store,uni_cluster_map_norsl,cluster_map,non-conveyable|electronic|medium|pallet,3896,1000,False,True,greedy_gate,2.00001522898674e-07,
k1_off_lpt,mixed_20260816_131535__mixed_realistic_bell_lt0,store,store,uni_cluster_map_norsl,cluster_map,non-conveyable|seasonal|medium|pallet,15113,1000,False,False,greedy_gate,2.00001522898674e-07,
k1_off_lpt,mixed_20260816_131535__mixed_realistic_bell_lt0,store,store,uni_cluster_map_norsl,cluster_map,conveyable|furniture|extra_large|pallet,1648,500,False,True,greedy_gate,3.00002284348011e-07,
k1_off_lpt,mixed_20260816_131535__mixed_realistic_bell_lt0,store,store,uni_cluster_map_norsl,cluster_map,non-conveyable|chemical|small|pallet,705,1705,True,True,lap,0.3772391999955289,
k1_off_lpt,mixed_20260816_131535__mixed_realistic_bell_lt0,store,store,uni_cluster_map_norsl,cluster_map,non-conveyable|clothing|medium|pallet,14249,1000,False,False,greedy_gate,4.00003045797348e-07,
k1_off_lpt,mixed_20260816_131535__mixed_realistic_bell_lt0,store,store,uni_cluster_map_norsl,cluster_map,non-conveyable|food|singleton|singleton,4716,1500,False,False,greedy_gate,2.00001522898674e-07,
k1_off_lpt,mixed_20260816_131535__mixed_realistic_bell_lt0,store,store,uni_cluster_map_norsl,cluster_map,non-conveyable|clothing|singleton|singleton,512,1262,True,True,lap,0.11503580000135116,
k1_off_lpt,mixed_20260816_131535__mixed_realistic_bell_lt0,store,store,uni_cluster_map_norsl,cluster_map,non-conveyable|furniture|extra_large|pallet,6518,500,False,True,greedy_gate,3.00002284348011e-07,
k1_off_lpt,mixed_20260816_131535__mixed_realistic_bell_lt0,store,store,uni_cluster_map_norsl,cluster_map,conveyable|furniture|large|pallet,6414,650,False,False,greedy_gate,2.00001522898674e-07,
k1_off_lpt,mixed_20260816_131535__mixed_realistic_bell_lt0,store,store,uni_cluster_map_norsl,cluster_map,non-conveyable|seasonal|extra_large|pallet,7095,500,False,True,greedy_gate,2.00001522898674e-07,
k1_off_lpt,mixed_20260816_131535__mixed_realistic_bell_lt0,store,store,uni_cluster_map_norsl,cluster_map,non-conveyable|electronic|small|pallet,10505,2000,False,False,greedy_gate,2.9998773243278265e-07,
k1_off_lpt,mixed_20260816_131535__mixed_realistic_bell_lt0,store,store,uni_cluster_map_norsl,cluster_map,conveyable|furniture|medium|pallet,206,612,True,True,lap,0.011804399997345172,
k1_off_lpt,mixed_20260816_131535__mixed_realistic_bell_lt0,store,store,uni_cluster_map_norsl,cluster_map,conveyable|clothing|large|pallet,7302,650,False,False,greedy_gate,3.00002284348011e-07,
k1_off_lpt,mixed_20260816_131535__mixed_realistic_bell_lt0,store,store,uni_cluster_map_norsl,cluster_map,non-conveyable|furniture|medium|pallet,729,1000,True,True,lap,0.22658210000372492,
k1_off_lpt,mixed_20260816_131535__mixed_realistic_bell_lt0,store,store,uni_cluster_map_norsl,cluster_map,non-conveyable|electronic|large|pallet,8619,650,False,False,greedy_gate,3.00002284348011e-07,
k1_off_lpt,mixed_20260816_131535__mixed_realistic_bell_lt0,store,store,uni_cluster_map_norsl,cluster_map,conveyable|chemical|large|pallet,30887,1950,False,False,greedy_gate,4.00003045797348e-07,
k1_off_lpt,mixed_20260816_131535__mixed_realistic_bell_lt0,store,store,uni_cluster_map_norsl,cluster_map,non-conveyable|chemical|large|pallet,46514,2600,False,False,greedy_gate,1.00000761449337e-07,
k1_off_lpt,mixed_20260816_131535__mixed_realistic_bell_lt0,store,store,uni_cluster_map_norsl,cluster_map,conveyable|electronic|extra_large|pallet,1695,500,False,True,greedy_gate,2.00001522898674e-07,
k1_off_lpt,mixed_20260816_131535__mixed_realistic_bell_lt0,store,store,uni_cluster_map_norsl,cluster_map,conveyable|seasonal|extra_large|pallet,11248,500,False,False,greedy_gate,2.00001522898674e-07,
k1_off_lpt,mixed_20260816_131535__mixed_realistic_bell_lt0,store,store,uni_cluster_map_norsl,cluster_map,conveyable|chemical|singleton|singleton,489,1239,True,True,lap,0.12053569999989122,
k1_off_lpt,mixed_20260816_131535__mixed_realistic_bell_lt0,store,store,uni_cluster_map_norsl,cluster_map,non-conveyable|clothing|small|pallet,524,1448,True,True,lap,0.16415799999958836,
k1_off_lpt,mixed_20260816_131535__mixed_realistic_bell_lt0,store,store,uni_cluster_map_norsl,cluster_map,non-conveyable|chemical|singleton|singleton,805,1500,True,True,lap,0.36488249999820255,
k1_off_lpt,mixed_20260816_131535__mixed_realistic_bell_lt0,store,store,uni_cluster_map_norsl,cluster_map,conveyable|chemical|small|pallet,397,1191,True,True,lap,0.08218759999726899,
k1_off_lpt,mixed_20260816_131535__mixed_realistic_bell_lt0,store,store,uni_cluster_map_norsl,cluster_map,non-conveyable|electronic|extra_large|pallet,61,183,True,True,lap,0.0006360999977914616,
k1_off_lpt,mixed_20260816_131535__mixed_realistic_bell_lt0,store,store,uni_cluster_map_norsl,cluster_map,non-conveyable|clothing|large|pallet,233,583,True,True,lap,0.011704299991833977,
k1_off_lpt,mixed_20260816_131535__mixed_realistic_bell_lt0,store,store,uni_cluster_map_rank_norsl,cluster_map_rank,fulfillment|fulfillment|ff_medium|fulfillment,1558546,74700,False,False,greedy_gate,1.00000761449337e-07,
k1_off_lpt,mixed_20260816_131535__mixed_realistic_bell_lt0,store,store,uni_cluster_map_rank_norsl,cluster_map_rank,conveyable|clothing|medium|pallet,459066,25000,False,False,greedy_gate,6.00004568696022e-07,
k1_off_lpt,mixed_20260816_131535__mixed_realistic_bell_lt0,store,store,uni_cluster_map_rank_norsl,cluster_map_rank,conveyable|clothing|singleton|singleton,16047,1500,False,False,greedy_gate,4.00003045797348e-07,
k1_off_lpt,mixed_20260816_131535__mixed_realistic_bell_lt0,store,store,uni_cluster_map_rank_norsl,cluster_map_rank,conveyable|electronic|medium|pallet,48391,3000,False,False,greedy_gate,5.00003807246685e-07,
k1_off_lpt,mixed_20260816_131535__mixed_realistic_bell_lt0,store,store,uni_cluster_map_rank_norsl,cluster_map_rank,conveyable|seasonal|medium|pallet,23648,1000,False,False,greedy_gate,2.00001522898674e-07,
k1_off_lpt,mixed_20260816_131535__mixed_realistic_bell_lt0,store,store,uni_cluster_map_rank_norsl,cluster_map_rank,fulfillment|fulfillment|ff_large|fulfillment,679203,49800,False,False,greedy_gate,4.999892553314567e-07,
k1_off_lpt,mixed_20260816_131535__mixed_realistic_bell_lt0,store,store,uni_cluster_map_rank_norsl,cluster_map_rank,fulfillment|fulfillment|ff_small|fulfillment,216173,124200,False,False,greedy_gate,9.999930625781417e-07,
k1_off_lpt,mixed_20260816_131535__mixed_realistic_bell_lt0,store,store,uni_cluster_map_rank_norsl,cluster_map_rank,non-conveyable|chemical|medium|pallet,278040,15000,False,False,greedy_gate,6.00004568696022e-07,
k1_off_lpt,mixed_20260816_131535__mixed_realistic_bell_lt0,store,store,uni_cluster_map_rank_norsl,cluster_map_rank,non-conveyable|furniture|large|pallet,26467,1300,False,False,greedy_gate,4.00003045797348e-07,
k1_off_lpt,mixed_20260816_131535__mixed_realistic_bell_lt0,store,store,uni_cluster_map_rank_norsl,cluster_map_rank,conveyable|food|medium|pallet,519600,19000,False,False,greedy_gate,5.00003807246685e-07,
k1_off_lpt,mixed_20260816_131535__mixed_realistic_bell_lt0,store,store,uni_cluster_map_rank_norsl,cluster_map_rank,conveyable|food|singleton|singleton,48068,1500,False,False,greedy_gate,6.00004568696022e-07,
k1_off_lpt,mixed_20260816_131535__mixed_realistic_bell_lt0,store,store,uni_cluster_map_rank_norsl,cluster_map_rank,conveyable|chemical|medium|pallet,187472,10000,False,False,greedy_gate,3.00002284348011e-07,
k1_off_lpt,mixed_20260816_131535__mixed_realistic_bell_lt0,store,store,uni_cluster_map_rank_norsl,cluster_map_rank,conveyable|food|small|pallet,436699,2000,False,False,greedy_gate,4.00003045797348e-07,
k1_off_lpt,mixed_20260816_131535__mixed_realistic_bell_lt0,store,store,uni_cluster_map_rank_norsl,cluster_map_rank,non-conveyable|seasonal|large|pallet,35111,1950,False,False,greedy_gate,4.999892553314567e-07,
k1_off_lpt,mixed_20260816_131535__mixed_realistic_bell_lt0,store,store,uni_cluster_map_rank_norsl,cluster_map_rank,conveyable|clothing|small|pallet,22691,2000,False,False,greedy_gate,4.00003045797348e-07,
k1_off_lpt,mixed_20260816_131535__mixed_realistic_bell_lt0,store,store,uni_cluster_map_rank_norsl,cluster_map_rank,conveyable|electronic|small|pallet,136401,2000,False,False,greedy_gate,3.9998849388211966e-07,
k1_off_lpt,mixed_20260816_131535__mixed_realistic_bell_lt0,store,store,uni_cluster_map_rank_norsl,cluster_map_rank,conveyable|electronic|singleton|singleton,46527,1500,False,False,greedy_gate,7.00005330145359e-07,
k1_off_lpt,mixed_20260816_131535__mixed_realistic_bell_lt0,store,store,uni_cluster_map_rank_norsl,cluster_map_rank,conveyable|seasonal|small|pallet,10345,2000,False,False,greedy_gate,4.00003045797348e-07,
k1_off_lpt,mixed_20260816_131535__mixed_realistic_bell_lt0,store,store,uni_cluster_map_rank_norsl,cluster_map_rank,conveyable|seasonal|singleton|singleton,10032,1500,False,False,greedy_gate,2.00001522898674e-07,
k1_off_lpt,mixed_20260816_131535__mixed_realistic_bell_lt0,store,store,uni_cluster_map_rank_norsl,cluster_map_rank,conveyable|electronic|large|pallet,117322,6500,False,False,greedy_gate,2.00001522898674e-07,
k1_off_lpt,mixed_20260816_131535__mixed_realistic_bell_lt0,store,store,uni_cluster_map_rank_norsl,cluster_map_rank,non-conveyable|food|medium|pallet,51438,3000,False,False,greedy_gate,4.00003045797348e-07,
k1_off_lpt,mixed_20260816_131535__mixed_realistic_bell_lt0,store,store,uni_cluster_map_rank_norsl,cluster_map_rank,non-conveyable|food|small|pallet,42966,2000,False,False,greedy_gate,3.00002284348011e-07,
k1_off_lpt,mixed_20260816_131535__mixed_realistic_bell_lt0,store,store,uni_cluster_map_rank_norsl,cluster_map_rank,non-conveyable|electronic|singleton|singleton,3426,1500,False,False,greedy_gate,3.00002284348011e-07,
k1_off_lpt,mixed_20260816_131535__mixed_realistic_bell_lt0,store,store,uni_cluster_map_rank_norsl,cluster_map_rank,conveyable|seasonal|large|pallet,51738,2600,False,False,greedy_gate,3.00002284348011e-07,
k1_off_lpt,mixed_20260816_131535__mixed_realistic_bell_lt0,store,store,uni_cluster_map_rank_norsl,cluster_map_rank,non-conveyable|seasonal|small|pallet,6830,2000,False,False,greedy_gate,2.9998773243278265e-07,
k1_off_lpt,mixed_20260816_131535__mixed_realistic_bell_lt0,store,store,uni_cluster_map_rank_norsl,cluster_map_rank,non-conveyable|seasonal|singleton|singleton,6667,1500,False,False,greedy_gate,1.00000761449337e-07,
k1_off_lpt,mixed_20260816_131535__mixed_realistic_bell_lt0,store,store,uni_cluster_map_rank_norsl,cluster_map_rank,non-conveyable|electronic|medium|pallet,3896,1000,False,True,greedy_gate,2.00001522898674e-07,
k1_off_lpt,mixed_20260816_131535__mixed_realistic_bell_lt0,store,store,uni_cluster_map_rank_norsl,cluster_map_rank,non-conveyable|seasonal|medium|pallet,15113,1000,False,False,greedy_gate,2.00001522898674e-07,
k1_off_lpt,mixed_20260816_131535__mixed_realistic_bell_lt0,store,store,uni_cluster_map_rank_norsl,cluster_map_rank,conveyable|furniture|extra_large|pallet,1648,500,False,True,greedy_gate,3.00002284348011e-07,
k1_off_lpt,mixed_20260816_131535__mixed_realistic_bell_lt0,store,store,uni_cluster_map_rank_norsl,cluster_map_rank,non-conveyable|chemical|small|pallet,705,1705,True,True,lap,0.3774044000019785,
k1_off_lpt,mixed_20260816_131535__mixed_realistic_bell_lt0,store,store,uni_cluster_map_rank_norsl,cluster_map_rank,non-conveyable|clothing|medium|pallet,14249,1000,False,False,greedy_gate,4.00003045797348e-07,
k1_off_lpt,mixed_20260816_131535__mixed_realistic_bell_lt0,store,store,uni_cluster_map_rank_norsl,cluster_map_rank,non-conveyable|food|singleton|singleton,4716,1500,False,False,greedy_gate,2.00001522898674e-07,
k1_off_lpt,mixed_20260816_131535__mixed_realistic_bell_lt0,store,store,uni_cluster_map_rank_norsl,cluster_map_rank,non-conveyable|clothing|singleton|singleton,512,1262,True,True,lap,0.1130338000075426,
k1_off_lpt,mixed_20260816_131535__mixed_realistic_bell_lt0,store,store,uni_cluster_map_rank_norsl,cluster_map_rank,non-conveyable|furniture|extra_large|pallet,6518,500,False,True,greedy_gate,3.00002284348011e-07,
k1_off_lpt,mixed_20260816_131535__mixed_realistic_bell_lt0,store,store,uni_cluster_map_rank_norsl,cluster_map_rank,conveyable|furniture|large|pallet,6414,650,False,False,greedy_gate,1.00000761449337e-07,
k1_off_lpt,mixed_20260816_131535__mixed_realistic_bell_lt0,store,store,uni_cluster_map_rank_norsl,cluster_map_rank,non-conveyable|seasonal|extra_large|pallet,7095,500,False,True,greedy_gate,2.00001522898674e-07,
k1_off_lpt,mixed_20260816_131535__mixed_realistic_bell_lt0,store,store,uni_cluster_map_rank_norsl,cluster_map_rank,non-conveyable|electronic|small|pallet,10505,2000,False,False,greedy_gate,2.00001522898674e-07,
k1_off_lpt,mixed_20260816_131535__mixed_realistic_bell_lt0,store,store,uni_cluster_map_rank_norsl,cluster_map_rank,conveyable|furniture|medium|pallet,206,612,True,True,lap,0.011468900003819726,
k1_off_lpt,mixed_20260816_131535__mixed_realistic_bell_lt0,store,store,uni_cluster_map_rank_norsl,cluster_map_rank,conveyable|clothing|large|pallet,7302,650,False,False,greedy_gate,2.00001522898674e-07,
k1_off_lpt,mixed_20260816_131535__mixed_realistic_bell_lt0,store,store,uni_cluster_map_rank_norsl,cluster_map_rank,non-conveyable|furniture|medium|pallet,729,1000,True,True,lap,0.22916030000487808,
k1_off_lpt,mixed_20260816_131535__mixed_realistic_bell_lt0,store,store,uni_cluster_map_rank_norsl,cluster_map_rank,non-conveyable|electronic|large|pallet,8619,650,False,False,greedy_gate,3.00002284348011e-07,
k1_off_lpt,mixed_20260816_131535__mixed_realistic_bell_lt0,store,store,uni_cluster_map_rank_norsl,cluster_map_rank,conveyable|chemical|large|pallet,30887,1950,False,False,greedy_gate,3.00002284348011e-07,
k1_off_lpt,mixed_20260816_131535__mixed_realistic_bell_lt0,store,store,uni_cluster_map_rank_norsl,cluster_map_rank,non-conveyable|chemical|large|pallet,46514,2600,False,False,greedy_gate,3.00002284348011e-07,
k1_off_lpt,mixed_20260816_131535__mixed_realistic_bell_lt0,store,store,uni_cluster_map_rank_norsl,cluster_map_rank,conveyable|electronic|extra_large|pallet,1695,500,False,True,greedy_gate,2.00001522898674e-07,
k1_off_lpt,mixed_20260816_131535__mixed_realistic_bell_lt0,store,store,uni_cluster_map_rank_norsl,cluster_map_rank,conveyable|seasonal|extra_large|pallet,11248,500,False,False,greedy_gate,1.00000761449337e-07,
k1_off_lpt,mixed_20260816_131535__mixed_realistic_bell_lt0,store,store,uni_cluster_map_rank_norsl,cluster_map_rank,conveyable|chemical|singleton|singleton,489,1239,True,True,lap,0.1129157999966992,
k1_off_lpt,mixed_20260816_131535__mixed_realistic_bell_lt0,store,store,uni_cluster_map_rank_norsl,cluster_map_rank,non-conveyable|clothing|small|pallet,524,1448,True,True,lap,0.16351790000044275,
k1_off_lpt,mixed_20260816_131535__mixed_realistic_bell_lt0,store,store,uni_cluster_map_rank_norsl,cluster_map_rank,non-conveyable|chemical|singleton|singleton,805,1500,True,True,lap,0.3673413999931654,
k1_off_lpt,mixed_20260816_131535__mixed_realistic_bell_lt0,store,store,uni_cluster_map_rank_norsl,cluster_map_rank,conveyable|chemical|small|pallet,397,1191,True,True,lap,0.08179150000796653,
k1_off_lpt,mixed_20260816_131535__mixed_realistic_bell_lt0,store,store,uni_cluster_map_rank_norsl,cluster_map_rank,non-conveyable|electronic|extra_large|pallet,61,183,True,True,lap,0.000636800003121607,
k1_off_lpt,mixed_20260816_131535__mixed_realistic_bell_lt0,store,store,uni_cluster_map_rank_norsl,cluster_map_rank,non-conveyable|clothing|large|pallet,233,583,True,True,lap,0.011602200000197627,
k1_off_lpt,mixed_20260816_131535__mixed_realistic_bell_lt0,store,store,uni_map_norsl,map,fulfillment|fulfillment|ff_medium|fulfillment,1558546,74700,False,False,greedy_gate,3.00002284348011e-07,
k1_off_lpt,mixed_20260816_131535__mixed_realistic_bell_lt0,store,store,uni_map_norsl,map,conveyable|clothing|medium|pallet,459066,25000,False,False,greedy_gate,4.00003045797348e-07,
k1_off_lpt,mixed_20260816_131535__mixed_realistic_bell_lt0,store,store,uni_map_norsl,map,conveyable|clothing|singleton|singleton,16047,1500,False,False,greedy_gate,4.00003045797348e-07,
k1_off_lpt,mixed_20260816_131535__mixed_realistic_bell_lt0,store,store,uni_map_norsl,map,conveyable|electronic|medium|pallet,48391,3000,False,False,greedy_gate,3.00002284348011e-07,
k1_off_lpt,mixed_20260816_131535__mixed_realistic_bell_lt0,store,store,uni_map_norsl,map,conveyable|seasonal|medium|pallet,23648,1000,False,False,greedy_gate,2.00001522898674e-07,
k1_off_lpt,mixed_20260816_131535__mixed_realistic_bell_lt0,store,store,uni_map_norsl,map,fulfillment|fulfillment|ff_large|fulfillment,679203,49800,False,False,greedy_gate,2.00001522898674e-07,
k1_off_lpt,mixed_20260816_131535__mixed_realistic_bell_lt0,store,store,uni_map_norsl,map,fulfillment|fulfillment|ff_small|fulfillment,216173,124200,False,False,greedy_gate,7.999915396794677e-07,
k1_off_lpt,mixed_20260816_131535__mixed_realistic_bell_lt0,store,store,uni_map_norsl,map,non-conveyable|chemical|medium|pallet,278040,15000,False,False,greedy_gate,6.00004568696022e-07,
k1_off_lpt,mixed_20260816_131535__mixed_realistic_bell_lt0,store,store,uni_map_norsl,map,non-conveyable|furniture|large|pallet,26467,1300,False,False,greedy_gate,3.00002284348011e-07,
k1_off_lpt,mixed_20260816_131535__mixed_realistic_bell_lt0,store,store,uni_map_norsl,map,conveyable|food|medium|pallet,519600,19000,False,False,greedy_gate,5.00003807246685e-07,
k1_off_lpt,mixed_20260816_131535__mixed_realistic_bell_lt0,store,store,uni_map_norsl,map,conveyable|food|singleton|singleton,48068,1500,False,False,greedy_gate,4.00003045797348e-07,
k1_off_lpt,mixed_20260816_131535__mixed_realistic_bell_lt0,store,store,uni_map_norsl,map,conveyable|chemical|medium|pallet,187472,10000,False,False,greedy_gate,3.9998849388211966e-07,
k1_off_lpt,mixed_20260816_131535__mixed_realistic_bell_lt0,store,store,uni_map_norsl,map,conveyable|food|small|pallet,436699,2000,False,False,greedy_gate,4.00003045797348e-07,
k1_off_lpt,mixed_20260816_131535__mixed_realistic_bell_lt0,store,store,uni_map_norsl,map,non-conveyable|seasonal|large|pallet,35111,1950,False,False,greedy_gate,4.00003045797348e-07,
k1_off_lpt,mixed_20260816_131535__mixed_realistic_bell_lt0,store,store,uni_map_norsl,map,conveyable|clothing|small|pallet,22691,2000,False,False,greedy_gate,2.00001522898674e-07,
k1_off_lpt,mixed_20260816_131535__mixed_realistic_bell_lt0,store,store,uni_map_norsl,map,conveyable|electronic|small|pallet,136401,2000,False,False,greedy_gate,3.00002284348011e-07,
k1_off_lpt,mixed_20260816_131535__mixed_realistic_bell_lt0,store,store,uni_map_norsl,map,conveyable|electronic|singleton|singleton,46527,1500,False,False,greedy_gate,5.00003807246685e-07,
k1_off_lpt,mixed_20260816_131535__mixed_realistic_bell_lt0,store,store,uni_map_norsl,map,conveyable|seasonal|small|pallet,10345,2000,False,False,greedy_gate,6.00004568696022e-07,
k1_off_lpt,mixed_20260816_131535__mixed_realistic_bell_lt0,store,store,uni_map_norsl,map,conveyable|seasonal|singleton|singleton,10032,1500,False,False,greedy_gate,2.00001522898674e-07,
k1_off_lpt,mixed_20260816_131535__mixed_realistic_bell_lt0,store,store,uni_map_norsl,map,conveyable|electronic|large|pallet,117322,6500,False,False,greedy_gate,2.9998773243278265e-07,
k1_off_lpt,mixed_20260816_131535__mixed_realistic_bell_lt0,store,store,uni_map_norsl,map,non-conveyable|food|medium|pallet,51438,3000,False,False,greedy_gate,3.9998849388211966e-07,
k1_off_lpt,mixed_20260816_131535__mixed_realistic_bell_lt0,store,store,uni_map_norsl,map,non-conveyable|food|small|pallet,42966,2000,False,False,greedy_gate,4.00003045797348e-07,
k1_off_lpt,mixed_20260816_131535__mixed_realistic_bell_lt0,store,store,uni_map_norsl,map,non-conveyable|electronic|singleton|singleton,3426,1500,False,False,greedy_gate,2.00001522898674e-07,
k1_off_lpt,mixed_20260816_131535__mixed_realistic_bell_lt0,store,store,uni_map_norsl,map,conveyable|seasonal|large|pallet,51738,2600,False,False,greedy_gate,5.00003807246685e-07,
k1_off_lpt,mixed_20260816_131535__mixed_realistic_bell_lt0,store,store,uni_map_norsl,map,non-conveyable|seasonal|small|pallet,6830,2000,False,False,greedy_gate,2.9998773243278265e-07,
k1_off_lpt,mixed_20260816_131535__mixed_realistic_bell_lt0,store,store,uni_map_norsl,map,non-conveyable|seasonal|singleton|singleton,6667,1500,False,False,greedy_gate,3.00002284348011e-07,
k1_off_lpt,mixed_20260816_131535__mixed_realistic_bell_lt0,store,store,uni_map_norsl,map,non-conveyable|electronic|medium|pallet,3896,1000,False,True,greedy_gate,2.00001522898674e-07,
k1_off_lpt,mixed_20260816_131535__mixed_realistic_bell_lt0,store,store,uni_map_norsl,map,non-conveyable|seasonal|medium|pallet,15113,1000,False,False,greedy_gate,2.00001522898674e-07,
k1_off_lpt,mixed_20260816_131535__mixed_realistic_bell_lt0,store,store,uni_map_norsl,map,conveyable|furniture|extra_large|pallet,1648,500,False,True,greedy_gate,2.00001522898674e-07,
k1_off_lpt,mixed_20260816_131535__mixed_realistic_bell_lt0,store,store,uni_map_norsl,map,non-conveyable|chemical|small|pallet,705,1705,True,True,lap,0.3756248999998206,
k1_off_lpt,mixed_20260816_131535__mixed_realistic_bell_lt0,store,store,uni_map_norsl,map,non-conveyable|clothing|medium|pallet,14249,1000,False,False,greedy_gate,5.999900167807937e-07,
k1_off_lpt,mixed_20260816_131535__mixed_realistic_bell_lt0,store,store,uni_map_norsl,map,non-conveyable|food|singleton|singleton,4716,1500,False,False,greedy_gate,3.00002284348011e-07,
k1_off_lpt,mixed_20260816_131535__mixed_realistic_bell_lt0,store,store,uni_map_norsl,map,non-conveyable|clothing|singleton|singleton,512,1262,True,True,lap,0.11373060000187252,
k1_off_lpt,mixed_20260816_131535__mixed_realistic_bell_lt0,store,store,uni_map_norsl,map,non-conveyable|furniture|extra_large|pallet,6518,500,False,True,greedy_gate,2.00001522898674e-07,
k1_off_lpt,mixed_20260816_131535__mixed_realistic_bell_lt0,store,store,uni_map_norsl,map,conveyable|furniture|large|pallet,6414,650,False,False,greedy_gate,2.00001522898674e-07,
k1_off_lpt,mixed_20260816_131535__mixed_realistic_bell_lt0,store,store,uni_map_norsl,map,non-conveyable|seasonal|extra_large|pallet,7095,500,False,True,greedy_gate,2.00001522898674e-07,
k1_off_lpt,mixed_20260816_131535__mixed_realistic_bell_lt0,store,store,uni_map_norsl,map,non-conveyable|electronic|small|pallet,10505,2000,False,False,greedy_gate,1.00000761449337e-07,
k1_off_lpt,mixed_20260816_131535__mixed_realistic_bell_lt0,store,store,uni_map_norsl,map,conveyable|furniture|medium|pallet,206,612,True,True,lap,0.011598400000366382,
k1_off_lpt,mixed_20260816_131535__mixed_realistic_bell_lt0,store,store,uni_map_norsl,map,conveyable|clothing|large|pallet,7302,650,False,False,greedy_gate,2.00001522898674e-07,
k1_off_lpt,mixed_20260816_131535__mixed_realistic_bell_lt0,store,store,uni_map_norsl,map,non-conveyable|furniture|medium|pallet,729,1000,True,True,lap,0.22776509998948313,
k1_off_lpt,mixed_20260816_131535__mixed_realistic_bell_lt0,store,store,uni_map_norsl,map,non-conveyable|electronic|large|pallet,8619,650,False,False,greedy_gate,3.00002284348011e-07,
k1_off_lpt,mixed_20260816_131535__mixed_realistic_bell_lt0,store,store,uni_map_norsl,map,conveyable|chemical|large|pallet,30887,1950,False,False,greedy_gate,2.00001522898674e-07,
k1_off_lpt,mixed_20260816_131535__mixed_realistic_bell_lt0,store,store,uni_map_norsl,map,non-conveyable|chemical|large|pallet,46514,2600,False,False,greedy_gate,2.9998773243278265e-07,
k1_off_lpt,mixed_20260816_131535__mixed_realistic_bell_lt0,store,store,uni_map_norsl,map,conveyable|electronic|extra_large|pallet,1695,500,False,True,greedy_gate,2.00001522898674e-07,
k1_off_lpt,mixed_20260816_131535__mixed_realistic_bell_lt0,store,store,uni_map_norsl,map,conveyable|seasonal|extra_large|pallet,11248,500,False,False,greedy_gate,2.00001522898674e-07,
k1_off_lpt,mixed_20260816_131535__mixed_realistic_bell_lt0,store,store,uni_map_norsl,map,conveyable|chemical|singleton|singleton,489,1239,True,True,lap,0.11960659999749623,
k1_off_lpt,mixed_20260816_131535__mixed_realistic_bell_lt0,store,store,uni_map_norsl,map,non-conveyable|clothing|small|pallet,524,1448,True,True,lap,0.16687960000126623,
k1_off_lpt,mixed_20260816_131535__mixed_realistic_bell_lt0,store,store,uni_map_norsl,map,non-conveyable|chemical|singleton|singleton,805,1500,True,True,lap,0.36472389999835286,
k1_off_lpt,mixed_20260816_131535__mixed_realistic_bell_lt0,store,store,uni_map_norsl,map,conveyable|chemical|small|pallet,397,1191,True,True,lap,0.08263319999969099,
k1_off_lpt,mixed_20260816_131535__mixed_realistic_bell_lt0,store,store,uni_map_norsl,map,non-conveyable|electronic|extra_large|pallet,61,183,True,True,lap,0.0006596000021090731,
k1_off_lpt,mixed_20260816_131535__mixed_realistic_bell_lt0,store,store,uni_map_norsl,map,non-conveyable|clothing|large|pallet,233,583,True,True,lap,0.011800200009020045,
k1_off_lpt,mixed_20260816_131535__mixed_realistic_bell_lt0,store,store,uni_map_rank_norsl,map_rank,fulfillment|fulfillment|ff_medium|fulfillment,1558546,74700,False,False,greedy_gate,1.00000761449337e-07,
k1_off_lpt,mixed_20260816_131535__mixed_realistic_bell_lt0,store,store,uni_map_rank_norsl,map_rank,conveyable|clothing|medium|pallet,459066,25000,False,False,greedy_gate,5.00003807246685e-07,
k1_off_lpt,mixed_20260816_131535__mixed_realistic_bell_lt0,store,store,uni_map_rank_norsl,map_rank,conveyable|clothing|singleton|singleton,16047,1500,False,False,greedy_gate,3.00002284348011e-07,
k1_off_lpt,mixed_20260816_131535__mixed_realistic_bell_lt0,store,store,uni_map_rank_norsl,map_rank,conveyable|electronic|medium|pallet,48391,3000,False,False,greedy_gate,3.00002284348011e-07,
k1_off_lpt,mixed_20260816_131535__mixed_realistic_bell_lt0,store,store,uni_map_rank_norsl,map_rank,conveyable|seasonal|medium|pallet,23648,1000,False,False,greedy_gate,3.00002284348011e-07,
k1_off_lpt,mixed_20260816_131535__mixed_realistic_bell_lt0,store,store,uni_map_rank_norsl,map_rank,fulfillment|fulfillment|ff_large|fulfillment,679203,49800,False,False,greedy_gate,4.00003045797348e-07,
k1_off_lpt,mixed_20260816_131535__mixed_realistic_bell_lt0,store,store,uni_map_rank_norsl,map_rank,fulfillment|fulfillment|ff_small|fulfillment,216173,124200,False,False,greedy_gate,9.999930625781417e-07,
k1_off_lpt,mixed_20260816_131535__mixed_realistic_bell_lt0,store,store,uni_map_rank_norsl,map_rank,non-conveyable|chemical|medium|pallet,278040,15000,False,False,greedy_gate,7.999915396794677e-07,
k1_off_lpt,mixed_20260816_131535__mixed_realistic_bell_lt0,store,store,uni_map_rank_norsl,map_rank,non-conveyable|furniture|large|pallet,26467,1300,False,False,greedy_gate,5.999900167807937e-07,
k1_off_lpt,mixed_20260816_131535__mixed_realistic_bell_lt0,store,store,uni_map_rank_norsl,map_rank,conveyable|food|medium|pallet,519600,19000,False,False,greedy_gate,5.00003807246685e-07,
k1_off_lpt,mixed_20260816_131535__mixed_realistic_bell_lt0,store,store,uni_map_rank_norsl,map_rank,conveyable|food|singleton|singleton,48068,1500,False,False,greedy_gate,5.00003807246685e-07,
k1_off_lpt,mixed_20260816_131535__mixed_realistic_bell_lt0,store,store,uni_map_rank_norsl,map_rank,conveyable|chemical|medium|pallet,187472,10000,False,False,greedy_gate,4.00003045797348e-07,
k1_off_lpt,mixed_20260816_131535__mixed_realistic_bell_lt0,store,store,uni_map_rank_norsl,map_rank,conveyable|food|small|pallet,436699,2000,False,False,greedy_gate,4.999892553314567e-07,
k1_off_lpt,mixed_20260816_131535__mixed_realistic_bell_lt0,store,store,uni_map_rank_norsl,map_rank,non-conveyable|seasonal|large|pallet,35111,1950,False,False,greedy_gate,3.00002284348011e-07,
k1_off_lpt,mixed_20260816_131535__mixed_realistic_bell_lt0,store,store,uni_map_rank_norsl,map_rank,conveyable|clothing|small|pallet,22691,2000,False,False,greedy_gate,5.00003807246685e-07,
k1_off_lpt,mixed_20260816_131535__mixed_realistic_bell_lt0,store,store,uni_map_rank_norsl,map_rank,conveyable|electronic|small|pallet,136401,2000,False,False,greedy_gate,2.00001522898674e-07,
k1_off_lpt,mixed_20260816_131535__mixed_realistic_bell_lt0,store,store,uni_map_rank_norsl,map_rank,conveyable|electronic|singleton|singleton,46527,1500,False,False,greedy_gate,4.00003045797348e-07,
k1_off_lpt,mixed_20260816_131535__mixed_realistic_bell_lt0,store,store,uni_map_rank_norsl,map_rank,conveyable|seasonal|small|pallet,10345,2000,False,False,greedy_gate,3.00002284348011e-07,
k1_off_lpt,mixed_20260816_131535__mixed_realistic_bell_lt0,store,store,uni_map_rank_norsl,map_rank,conveyable|seasonal|singleton|singleton,10032,1500,False,False,greedy_gate,3.00002284348011e-07,
k1_off_lpt,mixed_20260816_131535__mixed_realistic_bell_lt0,store,store,uni_map_rank_norsl,map_rank,conveyable|electronic|large|pallet,117322,6500,False,False,greedy_gate,4.00003045797348e-07,
k1_off_lpt,mixed_20260816_131535__mixed_realistic_bell_lt0,store,store,uni_map_rank_norsl,map_rank,non-conveyable|food|medium|pallet,51438,3000,False,False,greedy_gate,3.00002284348011e-07,
k1_off_lpt,mixed_20260816_131535__mixed_realistic_bell_lt0,store,store,uni_map_rank_norsl,map_rank,non-conveyable|food|small|pallet,42966,2000,False,False,greedy_gate,3.00002284348011e-07,
k1_off_lpt,mixed_20260816_131535__mixed_realistic_bell_lt0,store,store,uni_map_rank_norsl,map_rank,non-conveyable|electronic|singleton|singleton,3426,1500,False,False,greedy_gate,1.00000761449337e-07,
k1_off_lpt,mixed_20260816_131535__mixed_realistic_bell_lt0,store,store,uni_map_rank_norsl,map_rank,conveyable|seasonal|large|pallet,51738,2600,False,False,greedy_gate,2.9998773243278265e-07,
k1_off_lpt,mixed_20260816_131535__mixed_realistic_bell_lt0,store,store,uni_map_rank_norsl,map_rank,non-conveyable|seasonal|small|pallet,6830,2000,False,False,greedy_gate,2.00001522898674e-07,
k1_off_lpt,mixed_20260816_131535__mixed_realistic_bell_lt0,store,store,uni_map_rank_norsl,map_rank,non-conveyable|seasonal|singleton|singleton,6667,1500,False,False,greedy_gate,2.00001522898674e-07,
k1_off_lpt,mixed_20260816_131535__mixed_realistic_bell_lt0,store,store,uni_map_rank_norsl,map_rank,non-conveyable|electronic|medium|pallet,3896,1000,False,True,greedy_gate,2.9998773243278265e-07,
k1_off_lpt,mixed_20260816_131535__mixed_realistic_bell_lt0,store,store,uni_map_rank_norsl,map_rank,non-conveyable|seasonal|medium|pallet,15113,1000,False,False,greedy_gate,2.00001522898674e-07,
k1_off_lpt,mixed_20260816_131535__mixed_realistic_bell_lt0,store,store,uni_map_rank_norsl,map_rank,conveyable|furniture|extra_large|pallet,1648,500,False,True,greedy_gate,2.00001522898674e-07,
k1_off_lpt,mixed_20260816_131535__mixed_realistic_bell_lt0,store,store,uni_map_rank_norsl,map_rank,non-conveyable|chemical|small|pallet,705,1705,True,True,lap,0.3729557000042405,
k1_off_lpt,mixed_20260816_131535__mixed_realistic_bell_lt0,store,store,uni_map_rank_norsl,map_rank,non-conveyable|clothing|medium|pallet,14249,1000,False,False,greedy_gate,4.00003045797348e-07,
k1_off_lpt,mixed_20260816_131535__mixed_realistic_bell_lt0,store,store,uni_map_rank_norsl,map_rank,non-conveyable|food|singleton|singleton,4716,1500,False,False,greedy_gate,2.00001522898674e-07,
k1_off_lpt,mixed_20260816_131535__mixed_realistic_bell_lt0,store,store,uni_map_rank_norsl,map_rank,non-conveyable|clothing|singleton|singleton,512,1262,True,True,lap,0.1139444000000367,
k1_off_lpt,mixed_20260816_131535__mixed_realistic_bell_lt0,store,store,uni_map_rank_norsl,map_rank,non-conveyable|furniture|extra_large|pallet,6518,500,False,True,greedy_gate,3.00002284348011e-07,
k1_off_lpt,mixed_20260816_131535__mixed_realistic_bell_lt0,store,store,uni_map_rank_norsl,map_rank,conveyable|furniture|large|pallet,6414,650,False,False,greedy_gate,1.00000761449337e-07,
k1_off_lpt,mixed_20260816_131535__mixed_realistic_bell_lt0,store,store,uni_map_rank_norsl,map_rank,non-conveyable|seasonal|extra_large|pallet,7095,500,False,True,greedy_gate,2.00001522898674e-07,
k1_off_lpt,mixed_20260816_131535__mixed_realistic_bell_lt0,store,store,uni_map_rank_norsl,map_rank,non-conveyable|electronic|small|pallet,10505,2000,False,False,greedy_gate,2.00001522898674e-07,
k1_off_lpt,mixed_20260816_131535__mixed_realistic_bell_lt0,store,store,uni_map_rank_norsl,map_rank,conveyable|furniture|medium|pallet,206,612,True,True,lap,0.011316999996779487,
k1_off_lpt,mixed_20260816_131535__mixed_realistic_bell_lt0,store,store,uni_map_rank_norsl,map_rank,conveyable|clothing|large|pallet,7302,650,False,False,greedy_gate,1.00000761449337e-07,
k1_off_lpt,mixed_20260816_131535__mixed_realistic_bell_lt0,store,store,uni_map_rank_norsl,map_rank,non-conveyable|furniture|medium|pallet,729,1000,True,True,lap,0.22650550000253133,
k1_off_lpt,mixed_20260816_131535__mixed_realistic_bell_lt0,store,store,uni_map_rank_norsl,map_rank,non-conveyable|electronic|large|pallet,8619,650,False,False,greedy_gate,2.00001522898674e-07,
k1_off_lpt,mixed_20260816_131535__mixed_realistic_bell_lt0,store,store,uni_map_rank_norsl,map_rank,conveyable|chemical|large|pallet,30887,1950,False,False,greedy_gate,2.00001522898674e-07,
k1_off_lpt,mixed_20260816_131535__mixed_realistic_bell_lt0,store,store,uni_map_rank_norsl,map_rank,non-conveyable|chemical|large|pallet,46514,2600,False,False,greedy_gate,2.00001522898674e-07,
k1_off_lpt,mixed_20260816_131535__mixed_realistic_bell_lt0,store,store,uni_map_rank_norsl,map_rank,conveyable|electronic|extra_large|pallet,1695,500,False,True,greedy_gate,1.00000761449337e-07,
k1_off_lpt,mixed_20260816_131535__mixed_realistic_bell_lt0,store,store,uni_map_rank_norsl,map_rank,conveyable|seasonal|extra_large|pallet,11248,500,False,False,greedy_gate,1.00000761449337e-07,
k1_off_lpt,mixed_20260816_131535__mixed_realistic_bell_lt0,store,store,uni_map_rank_norsl,map_rank,conveyable|chemical|singleton|singleton,489,1239,True,True,lap,0.11452770000323653,
k1_off_lpt,mixed_20260816_131535__mixed_realistic_bell_lt0,store,store,uni_map_rank_norsl,map_rank,non-conveyable|clothing|small|pallet,524,1448,True,True,lap,0.16112129999964964,
k1_off_lpt,mixed_20260816_131535__mixed_realistic_bell_lt0,store,store,uni_map_rank_norsl,map_rank,non-conveyable|chemical|singleton|singleton,805,1500,True,True,lap,0.3596585000050254,
k1_off_lpt,mixed_20260816_131535__mixed_realistic_bell_lt0,store,store,uni_map_rank_norsl,map_rank,conveyable|chemical|small|pallet,397,1191,True,True,lap,0.08248080000339542,
k1_off_lpt,mixed_20260816_131535__mixed_realistic_bell_lt0,store,store,uni_map_rank_norsl,map_rank,non-conveyable|electronic|extra_large|pallet,61,183,True,True,lap,0.0006610999989788979,
k1_off_lpt,mixed_20260816_131535__mixed_realistic_bell_lt0,store,store,uni_map_rank_norsl,map_rank,non-conveyable|clothing|large|pallet,233,583,True,True,lap,0.011649399995803833,
k1_off_rr,mixed_20260816_131535__mixed_realistic_bell_ltrand0-5,ful_calibrated,fulfillment,uni_cluster_map_norsl,cluster_map,fulfillment|fulfillment|ff_medium|fulfillment,1558546,74700,False,False,greedy_gate,3.00002284348011e-07,
k1_off_rr,mixed_20260816_131535__mixed_realistic_bell_ltrand0-5,ful_calibrated,fulfillment,uni_cluster_map_norsl,cluster_map,conveyable|clothing|medium|pallet,459066,25000,False,False,greedy_gate,3.9998849388211966e-07,
k1_off_rr,mixed_20260816_131535__mixed_realistic_bell_ltrand0-5,ful_calibrated,fulfillment,uni_cluster_map_norsl,cluster_map,conveyable|clothing|singleton|singleton,16047,1500,False,False,greedy_gate,6.00004568696022e-07,
k1_off_rr,mixed_20260816_131535__mixed_realistic_bell_ltrand0-5,ful_calibrated,fulfillment,uni_cluster_map_norsl,cluster_map,conveyable|electronic|medium|pallet,48391,3000,False,False,greedy_gate,4.00003045797348e-07,
k1_off_rr,mixed_20260816_131535__mixed_realistic_bell_ltrand0-5,ful_calibrated,fulfillment,uni_cluster_map_norsl,cluster_map,conveyable|seasonal|medium|pallet,23648,1000,False,False,greedy_gate,3.00002284348011e-07,
k1_off_rr,mixed_20260816_131535__mixed_realistic_bell_ltrand0-5,ful_calibrated,fulfillment,uni_cluster_map_norsl,cluster_map,fulfillment|fulfillment|ff_large|fulfillment,679203,49800,False,False,greedy_gate,4.00003045797348e-07,
k1_off_rr,mixed_20260816_131535__mixed_realistic_bell_ltrand0-5,ful_calibrated,fulfillment,uni_cluster_map_norsl,cluster_map,fulfillment|fulfillment|ff_small|fulfillment,216173,124200,False,False,greedy_gate,9.999930625781417e-07,
k1_off_rr,mixed_20260816_131535__mixed_realistic_bell_ltrand0-5,ful_calibrated,fulfillment,uni_cluster_map_norsl,cluster_map,non-conveyable|chemical|medium|pallet,278040,15000,False,False,greedy_gate,7.00005330145359e-07,
k1_off_rr,mixed_20260816_131535__mixed_realistic_bell_ltrand0-5,ful_calibrated,fulfillment,uni_cluster_map_norsl,cluster_map,non-conveyable|furniture|large|pallet,26467,1300,False,False,greedy_gate,4.00003045797348e-07,
k1_off_rr,mixed_20260816_131535__mixed_realistic_bell_ltrand0-5,ful_calibrated,fulfillment,uni_cluster_map_norsl,cluster_map,conveyable|food|medium|pallet,519600,19000,False,False,greedy_gate,6.999907782301307e-07,
k1_off_rr,mixed_20260816_131535__mixed_realistic_bell_ltrand0-5,ful_calibrated,fulfillment,uni_cluster_map_norsl,cluster_map,conveyable|food|singleton|singleton,48068,1500,False,False,greedy_gate,4.00003045797348e-07,
k1_off_rr,mixed_20260816_131535__mixed_realistic_bell_ltrand0-5,ful_calibrated,fulfillment,uni_cluster_map_norsl,cluster_map,conveyable|chemical|medium|pallet,187472,10000,False,False,greedy_gate,5.00003807246685e-07,
k1_off_rr,mixed_20260816_131535__mixed_realistic_bell_ltrand0-5,ful_calibrated,fulfillment,uni_cluster_map_norsl,cluster_map,conveyable|food|small|pallet,436699,2000,False,False,greedy_gate,4.00003045797348e-07,
k1_off_rr,mixed_20260816_131535__mixed_realistic_bell_ltrand0-5,ful_calibrated,fulfillment,uni_cluster_map_norsl,cluster_map,non-conveyable|seasonal|large|pallet,35111,1950,False,False,greedy_gate,4.00003045797348e-07,
k1_off_rr,mixed_20260816_131535__mixed_realistic_bell_ltrand0-5,ful_calibrated,fulfillment,uni_cluster_map_norsl,cluster_map,conveyable|clothing|small|pallet,22691,2000,False,False,greedy_gate,3.00002284348011e-07,
k1_off_rr,mixed_20260816_131535__mixed_realistic_bell_ltrand0-5,ful_calibrated,fulfillment,uni_cluster_map_norsl,cluster_map,conveyable|electronic|small|pallet,136401,2000,False,False,greedy_gate,3.00002284348011e-07,
k1_off_rr,mixed_20260816_131535__mixed_realistic_bell_ltrand0-5,ful_calibrated,fulfillment,uni_cluster_map_norsl,cluster_map,conveyable|electronic|singleton|singleton,46527,1500,False,False,greedy_gate,5.00003807246685e-07,
k1_off_rr,mixed_20260816_131535__mixed_realistic_bell_ltrand0-5,ful_calibrated,fulfillment,uni_cluster_map_norsl,cluster_map,conveyable|seasonal|small|pallet,10345,2000,False,False,greedy_gate,4.999892553314567e-07,
k1_off_rr,mixed_20260816_131535__mixed_realistic_bell_ltrand0-5,ful_calibrated,fulfillment,uni_cluster_map_norsl,cluster_map,conveyable|seasonal|singleton|singleton,10032,1500,False,False,greedy_gate,2.00001522898674e-07,
k1_off_rr,mixed_20260816_131535__mixed_realistic_bell_ltrand0-5,ful_calibrated,fulfillment,uni_cluster_map_norsl,cluster_map,conveyable|electronic|large|pallet,117322,6500,False,False,greedy_gate,3.00002284348011e-07,
k1_off_rr,mixed_20260816_131535__mixed_realistic_bell_ltrand0-5,ful_calibrated,fulfillment,uni_cluster_map_norsl,cluster_map,non-conveyable|food|medium|pallet,51438,3000,False,False,greedy_gate,2.00001522898674e-07,
k1_off_rr,mixed_20260816_131535__mixed_realistic_bell_ltrand0-5,ful_calibrated,fulfillment,uni_cluster_map_norsl,cluster_map,non-conveyable|food|small|pallet,42966,2000,False,False,greedy_gate,3.00002284348011e-07,
k1_off_rr,mixed_20260816_131535__mixed_realistic_bell_ltrand0-5,ful_calibrated,fulfillment,uni_cluster_map_norsl,cluster_map,non-conveyable|electronic|singleton|singleton,3426,1500,False,False,greedy_gate,2.00001522898674e-07,
k1_off_rr,mixed_20260816_131535__mixed_realistic_bell_ltrand0-5,ful_calibrated,fulfillment,uni_cluster_map_norsl,cluster_map,conveyable|seasonal|large|pallet,51738,2600,False,False,greedy_gate,3.00002284348011e-07,
k1_off_rr,mixed_20260816_131535__mixed_realistic_bell_ltrand0-5,ful_calibrated,fulfillment,uni_cluster_map_norsl,cluster_map,non-conveyable|seasonal|small|pallet,6830,2000,False,False,greedy_gate,2.00001522898674e-07,
k1_off_rr,mixed_20260816_131535__mixed_realistic_bell_ltrand0-5,ful_calibrated,fulfillment,uni_cluster_map_norsl,cluster_map,non-conveyable|seasonal|singleton|singleton,6667,1500,False,False,greedy_gate,2.00001522898674e-07,
k1_off_rr,mixed_20260816_131535__mixed_realistic_bell_ltrand0-5,ful_calibrated,fulfillment,uni_cluster_map_norsl,cluster_map,non-conveyable|electronic|medium|pallet,3896,1000,False,True,greedy_gate,2.00001522898674e-07,
k1_off_rr,mixed_20260816_131535__mixed_realistic_bell_ltrand0-5,ful_calibrated,fulfillment,uni_cluster_map_norsl,cluster_map,non-conveyable|seasonal|medium|pallet,15113,1000,False,False,greedy_gate,2.9998773243278265e-07,
k1_off_rr,mixed_20260816_131535__mixed_realistic_bell_ltrand0-5,ful_calibrated,fulfillment,uni_cluster_map_norsl,cluster_map,conveyable|furniture|extra_large|pallet,1648,500,False,True,greedy_gate,3.00002284348011e-07,
k1_off_rr,mixed_20260816_131535__mixed_realistic_bell_ltrand0-5,ful_calibrated,fulfillment,uni_cluster_map_norsl,cluster_map,non-conveyable|chemical|small|pallet,705,1705,True,True,lap,0.3358830999932252,
k1_off_rr,mixed_20260816_131535__mixed_realistic_bell_ltrand0-5,ful_calibrated,fulfillment,uni_cluster_map_norsl,cluster_map,non-conveyable|clothing|medium|pallet,14249,1000,False,False,greedy_gate,3.00002284348011e-07,
k1_off_rr,mixed_20260816_131535__mixed_realistic_bell_ltrand0-5,ful_calibrated,fulfillment,uni_cluster_map_norsl,cluster_map,non-conveyable|food|singleton|singleton,4716,1500,False,False,greedy_gate,4.00003045797348e-07,
k1_off_rr,mixed_20260816_131535__mixed_realistic_bell_ltrand0-5,ful_calibrated,fulfillment,uni_cluster_map_norsl,cluster_map,non-conveyable|clothing|singleton|singleton,512,1262,True,True,lap,0.12687849999929313,
k1_off_rr,mixed_20260816_131535__mixed_realistic_bell_ltrand0-5,ful_calibrated,fulfillment,uni_cluster_map_norsl,cluster_map,non-conveyable|furniture|extra_large|pallet,6518,500,False,True,greedy_gate,5.00003807246685e-07,
k1_off_rr,mixed_20260816_131535__mixed_realistic_bell_ltrand0-5,ful_calibrated,fulfillment,uni_cluster_map_norsl,cluster_map,conveyable|furniture|large|pallet,6414,650,False,False,greedy_gate,2.00001522898674e-07,
k1_off_rr,mixed_20260816_131535__mixed_realistic_bell_ltrand0-5,ful_calibrated,fulfillment,uni_cluster_map_norsl,cluster_map,non-conveyable|seasonal|extra_large|pallet,7095,500,False,True,greedy_gate,2.00001522898674e-07,
k1_off_rr,mixed_20260816_131535__mixed_realistic_bell_ltrand0-5,ful_calibrated,fulfillment,uni_cluster_map_norsl,cluster_map,non-conveyable|electronic|small|pallet,10505,2000,False,False,greedy_gate,1.9998697098344564e-07,
k1_off_rr,mixed_20260816_131535__mixed_realistic_bell_ltrand0-5,ful_calibrated,fulfillment,uni_cluster_map_norsl,cluster_map,conveyable|furniture|medium|pallet,206,612,True,True,lap,0.013500000000931323,
k1_off_rr,mixed_20260816_131535__mixed_realistic_bell_ltrand0-5,ful_calibrated,fulfillment,uni_cluster_map_norsl,cluster_map,conveyable|clothing|large|pallet,7302,650,False,False,greedy_gate,1.9998697098344564e-07,
k1_off_rr,mixed_20260816_131535__mixed_realistic_bell_ltrand0-5,ful_calibrated,fulfillment,uni_cluster_map_norsl,cluster_map,non-conveyable|furniture|medium|pallet,729,1000,True,True,lap,0.22465040000679437,
k1_off_rr,mixed_20260816_131535__mixed_realistic_bell_ltrand0-5,ful_calibrated,fulfillment,uni_cluster_map_norsl,cluster_map,non-conveyable|electronic|large|pallet,8619,650,False,False,greedy_gate,4.00003045797348e-07,
k1_off_rr,mixed_20260816_131535__mixed_realistic_bell_ltrand0-5,ful_calibrated,fulfillment,uni_cluster_map_norsl,cluster_map,conveyable|chemical|large|pallet,30887,1950,False,False,greedy_gate,2.00001522898674e-07,
k1_off_rr,mixed_20260816_131535__mixed_realistic_bell_ltrand0-5,ful_calibrated,fulfillment,uni_cluster_map_norsl,cluster_map,non-conveyable|chemical|large|pallet,46514,2600,False,False,greedy_gate,2.00001522898674e-07,
k1_off_rr,mixed_20260816_131535__mixed_realistic_bell_ltrand0-5,ful_calibrated,fulfillment,uni_cluster_map_norsl,cluster_map,conveyable|electronic|extra_large|pallet,1695,500,False,True,greedy_gate,3.00002284348011e-07,
k1_off_rr,mixed_20260816_131535__mixed_realistic_bell_ltrand0-5,ful_calibrated,fulfillment,uni_cluster_map_norsl,cluster_map,conveyable|seasonal|extra_large|pallet,11248,500,False,False,greedy_gate,2.00001522898674e-07,
k1_off_rr,mixed_20260816_131535__mixed_realistic_bell_ltrand0-5,ful_calibrated,fulfillment,uni_cluster_map_norsl,cluster_map,conveyable|chemical|singleton|singleton,489,1239,True,True,lap,0.11139370000455528,
k1_off_rr,mixed_20260816_131535__mixed_realistic_bell_ltrand0-5,ful_calibrated,fulfillment,uni_cluster_map_norsl,cluster_map,non-conveyable|clothing|small|pallet,524,1448,True,True,lap,0.1637656000093557,
k1_off_rr,mixed_20260816_131535__mixed_realistic_bell_ltrand0-5,ful_calibrated,fulfillment,uni_cluster_map_norsl,cluster_map,non-conveyable|chemical|singleton|singleton,805,1500,True,True,lap,0.3600618000054965,
k1_off_rr,mixed_20260816_131535__mixed_realistic_bell_ltrand0-5,ful_calibrated,fulfillment,uni_cluster_map_norsl,cluster_map,conveyable|chemical|small|pallet,397,1191,True,True,lap,0.08066900000267196,
k1_off_rr,mixed_20260816_131535__mixed_realistic_bell_ltrand0-5,ful_calibrated,fulfillment,uni_cluster_map_norsl,cluster_map,non-conveyable|electronic|extra_large|pallet,61,183,True,True,lap,0.0006655000033788383,
k1_off_rr,mixed_20260816_131535__mixed_realistic_bell_ltrand0-5,ful_calibrated,fulfillment,uni_cluster_map_norsl,cluster_map,non-conveyable|clothing|large|pallet,233,583,True,True,lap,0.013052299997070804,
k1_off_rr,mixed_20260816_131535__mixed_realistic_bell_ltrand0-5,ful_calibrated,fulfillment,uni_cluster_map_rank_norsl,cluster_map_rank,fulfillment|fulfillment|ff_medium|fulfillment,1558546,74700,False,False,greedy_gate,4.00003045797348e-07,
k1_off_rr,mixed_20260816_131535__mixed_realistic_bell_ltrand0-5,ful_calibrated,fulfillment,uni_cluster_map_rank_norsl,cluster_map_rank,conveyable|clothing|medium|pallet,459066,25000,False,False,greedy_gate,4.999892553314567e-07,
k1_off_rr,mixed_20260816_131535__mixed_realistic_bell_ltrand0-5,ful_calibrated,fulfillment,uni_cluster_map_rank_norsl,cluster_map_rank,conveyable|clothing|singleton|singleton,16047,1500,False,False,greedy_gate,5.00003807246685e-07,
k1_off_rr,mixed_20260816_131535__mixed_realistic_bell_ltrand0-5,ful_calibrated,fulfillment,uni_cluster_map_rank_norsl,cluster_map_rank,conveyable|electronic|medium|pallet,48391,3000,False,False,greedy_gate,4.00003045797348e-07,
k1_off_rr,mixed_20260816_131535__mixed_realistic_bell_ltrand0-5,ful_calibrated,fulfillment,uni_cluster_map_rank_norsl,cluster_map_rank,conveyable|seasonal|medium|pallet,23648,1000,False,False,greedy_gate,4.00003045797348e-07,
k1_off_rr,mixed_20260816_131535__mixed_realistic_bell_ltrand0-5,ful_calibrated,fulfillment,uni_cluster_map_rank_norsl,cluster_map_rank,fulfillment|fulfillment|ff_large|fulfillment,679203,49800,False,False,greedy_gate,4.00003045797348e-07,
k1_off_rr,mixed_20260816_131535__mixed_realistic_bell_ltrand0-5,ful_calibrated,fulfillment,uni_cluster_map_rank_norsl,cluster_map_rank,fulfillment|fulfillment|ff_small|fulfillment,216173,124200,False,False,greedy_gate,1.0999938240274787e-06,
k1_off_rr,mixed_20260816_131535__mixed_realistic_bell_ltrand0-5,ful_calibrated,fulfillment,uni_cluster_map_rank_norsl,cluster_map_rank,non-conveyable|chemical|medium|pallet,278040,15000,False,False,greedy_gate,4.00003045797348e-07,
k1_off_rr,mixed_20260816_131535__mixed_realistic_bell_ltrand0-5,ful_calibrated,fulfillment,uni_cluster_map_rank_norsl,cluster_map_rank,non-conveyable|furniture|large|pallet,26467,1300,False,False,greedy_gate,3.9998849388211966e-07,
k1_off_rr,mixed_20260816_131535__mixed_realistic_bell_ltrand0-5,ful_calibrated,fulfillment,uni_cluster_map_rank_norsl,cluster_map_rank,conveyable|food|medium|pallet,519600,19000,False,False,greedy_gate,4.00003045797348e-07,
k1_off_rr,mixed_20260816_131535__mixed_realistic_bell_ltrand0-5,ful_calibrated,fulfillment,uni_cluster_map_rank_norsl,cluster_map_rank,conveyable|food|singleton|singleton,48068,1500,False,False,greedy_gate,5.00003807246685e-07,
k1_off_rr,mixed_20260816_131535__mixed_realistic_bell_ltrand0-5,ful_calibrated,fulfillment,uni_cluster_map_rank_norsl,cluster_map_rank,conveyable|chemical|medium|pallet,187472,10000,False,False,greedy_gate,4.00003045797348e-07,
k1_off_rr,mixed_20260816_131535__mixed_realistic_bell_ltrand0-5,ful_calibrated,fulfillment,uni_cluster_map_rank_norsl,cluster_map_rank,conveyable|food|small|pallet,436699,2000,False,False,greedy_gate,5.00003807246685e-07,
k1_off_rr,mixed_20260816_131535__mixed_realistic_bell_ltrand0-5,ful_calibrated,fulfillment,uni_cluster_map_rank_norsl,cluster_map_rank,non-conveyable|seasonal|large|pallet,35111,1950,False,False,greedy_gate,4.00003045797348e-07,
k1_off_rr,mixed_20260816_131535__mixed_realistic_bell_ltrand0-5,ful_calibrated,fulfillment,uni_cluster_map_rank_norsl,cluster_map_rank,conveyable|clothing|small|pallet,22691,2000,False,False,greedy_gate,3.00002284348011e-07,
k1_off_rr,mixed_20260816_131535__mixed_realistic_bell_ltrand0-5,ful_calibrated,fulfillment,uni_cluster_map_rank_norsl,cluster_map_rank,conveyable|electronic|small|pallet,136401,2000,False,False,greedy_gate,2.00001522898674e-07,
k1_off_rr,mixed_20260816_131535__mixed_realistic_bell_ltrand0-5,ful_calibrated,fulfillment,uni_cluster_map_rank_norsl,cluster_map_rank,conveyable|electronic|singleton|singleton,46527,1500,False,False,greedy_gate,4.00003045797348e-07,
k1_off_rr,mixed_20260816_131535__mixed_realistic_bell_ltrand0-5,ful_calibrated,fulfillment,uni_cluster_map_rank_norsl,cluster_map_rank,conveyable|seasonal|small|pallet,10345,2000,False,False,greedy_gate,3.00002284348011e-07,
k1_off_rr,mixed_20260816_131535__mixed_realistic_bell_ltrand0-5,ful_calibrated,fulfillment,uni_cluster_map_rank_norsl,cluster_map_rank,conveyable|seasonal|singleton|singleton,10032,1500,False,False,greedy_gate,3.00002284348011e-07,
k1_off_rr,mixed_20260816_131535__mixed_realistic_bell_ltrand0-5,ful_calibrated,fulfillment,uni_cluster_map_rank_norsl,cluster_map_rank,conveyable|electronic|large|pallet,117322,6500,False,False,greedy_gate,3.00002284348011e-07,
k1_off_rr,mixed_20260816_131535__mixed_realistic_bell_ltrand0-5,ful_calibrated,fulfillment,uni_cluster_map_rank_norsl,cluster_map_rank,non-conveyable|food|medium|pallet,51438,3000,False,False,greedy_gate,3.9998849388211966e-07,
k1_off_rr,mixed_20260816_131535__mixed_realistic_bell_ltrand0-5,ful_calibrated,fulfillment,uni_cluster_map_rank_norsl,cluster_map_rank,non-conveyable|food|small|pallet,42966,2000,False,False,greedy_gate,2.00001522898674e-07,
k1_off_rr,mixed_20260816_131535__mixed_realistic_bell_ltrand0-5,ful_calibrated,fulfillment,uni_cluster_map_rank_norsl,cluster_map_rank,non-conveyable|electronic|singleton|singleton,3426,1500,False,False,greedy_gate,2.00001522898674e-07,
k1_off_rr,mixed_20260816_131535__mixed_realistic_bell_ltrand0-5,ful_calibrated,fulfillment,uni_cluster_map_rank_norsl,cluster_map_rank,conveyable|seasonal|large|pallet,51738,2600,False,False,greedy_gate,4.00003045797348e-07,
k1_off_rr,mixed_20260816_131535__mixed_realistic_bell_ltrand0-5,ful_calibrated,fulfillment,uni_cluster_map_rank_norsl,cluster_map_rank,non-conveyable|seasonal|small|pallet,6830,2000,False,False,greedy_gate,3.00002284348011e-07,
k1_off_rr,mixed_20260816_131535__mixed_realistic_bell_ltrand0-5,ful_calibrated,fulfillment,uni_cluster_map_rank_norsl,cluster_map_rank,non-conveyable|seasonal|singleton|singleton,6667,1500,False,False,greedy_gate,2.00001522898674e-07,
k1_off_rr,mixed_20260816_131535__mixed_realistic_bell_ltrand0-5,ful_calibrated,fulfillment,uni_cluster_map_rank_norsl,cluster_map_rank,non-conveyable|electronic|medium|pallet,3896,1000,False,True,greedy_gate,3.00002284348011e-07,
k1_off_rr,mixed_20260816_131535__mixed_realistic_bell_ltrand0-5,ful_calibrated,fulfillment,uni_cluster_map_rank_norsl,cluster_map_rank,non-conveyable|seasonal|medium|pallet,15113,1000,False,False,greedy_gate,2.00001522898674e-07,
k1_off_rr,mixed_20260816_131535__mixed_realistic_bell_ltrand0-5,ful_calibrated,fulfillment,uni_cluster_map_rank_norsl,cluster_map_rank,conveyable|furniture|extra_large|pallet,1648,500,False,True,greedy_gate,2.00001522898674e-07,
k1_off_rr,mixed_20260816_131535__mixed_realistic_bell_ltrand0-5,ful_calibrated,fulfillment,uni_cluster_map_rank_norsl,cluster_map_rank,non-conveyable|chemical|small|pallet,705,1705,True,True,lap,0.3470346999965841,
k1_off_rr,mixed_20260816_131535__mixed_realistic_bell_ltrand0-5,ful_calibrated,fulfillment,uni_cluster_map_rank_norsl,cluster_map_rank,non-conveyable|clothing|medium|pallet,14249,1000,False,False,greedy_gate,3.00002284348011e-07,
k1_off_rr,mixed_20260816_131535__mixed_realistic_bell_ltrand0-5,ful_calibrated,fulfillment,uni_cluster_map_rank_norsl,cluster_map_rank,non-conveyable|food|singleton|singleton,4716,1500,False,False,greedy_gate,3.00002284348011e-07,
k1_off_rr,mixed_20260816_131535__mixed_realistic_bell_ltrand0-5,ful_calibrated,fulfillment,uni_cluster_map_rank_norsl,cluster_map_rank,non-conveyable|clothing|singleton|singleton,512,1262,True,True,lap,0.12722299998858944,
k1_off_rr,mixed_20260816_131535__mixed_realistic_bell_ltrand0-5,ful_calibrated,fulfillment,uni_cluster_map_rank_norsl,cluster_map_rank,non-conveyable|furniture|extra_large|pallet,6518,500,False,True,greedy_gate,2.9998773243278265e-07,
k1_off_rr,mixed_20260816_131535__mixed_realistic_bell_ltrand0-5,ful_calibrated,fulfillment,uni_cluster_map_rank_norsl,cluster_map_rank,conveyable|furniture|large|pallet,6414,650,False,False,greedy_gate,2.00001522898674e-07,
k1_off_rr,mixed_20260816_131535__mixed_realistic_bell_ltrand0-5,ful_calibrated,fulfillment,uni_cluster_map_rank_norsl,cluster_map_rank,non-conveyable|seasonal|extra_large|pallet,7095,500,False,True,greedy_gate,2.00001522898674e-07,
k1_off_rr,mixed_20260816_131535__mixed_realistic_bell_ltrand0-5,ful_calibrated,fulfillment,uni_cluster_map_rank_norsl,cluster_map_rank,non-conveyable|electronic|small|pallet,10505,2000,False,False,greedy_gate,2.00001522898674e-07,
k1_off_rr,mixed_20260816_131535__mixed_realistic_bell_ltrand0-5,ful_calibrated,fulfillment,uni_cluster_map_rank_norsl,cluster_map_rank,conveyable|furniture|medium|pallet,206,612,True,True,lap,0.01357010001083836,
k1_off_rr,mixed_20260816_131535__mixed_realistic_bell_ltrand0-5,ful_calibrated,fulfillment,uni_cluster_map_rank_norsl,cluster_map_rank,conveyable|clothing|large|pallet,7302,650,False,False,greedy_gate,3.00002284348011e-07,
k1_off_rr,mixed_20260816_131535__mixed_realistic_bell_ltrand0-5,ful_calibrated,fulfillment,uni_cluster_map_rank_norsl,cluster_map_rank,non-conveyable|furniture|medium|pallet,729,1000,True,True,lap,0.2238350999978138,
k1_off_rr,mixed_20260816_131535__mixed_realistic_bell_ltrand0-5,ful_calibrated,fulfillment,uni_cluster_map_rank_norsl,cluster_map_rank,non-conveyable|electronic|large|pallet,8619,650,False,False,greedy_gate,3.00002284348011e-07,
k1_off_rr,mixed_20260816_131535__mixed_realistic_bell_ltrand0-5,ful_calibrated,fulfillment,uni_cluster_map_rank_norsl,cluster_map_rank,conveyable|chemical|large|pallet,30887,1950,False,False,greedy_gate,3.00002284348011e-07,
k1_off_rr,mixed_20260816_131535__mixed_realistic_bell_ltrand0-5,ful_calibrated,fulfillment,uni_cluster_map_rank_norsl,cluster_map_rank,non-conveyable|chemical|large|pallet,46514,2600,False,False,greedy_gate,3.00002284348011e-07,
k1_off_rr,mixed_20260816_131535__mixed_realistic_bell_ltrand0-5,ful_calibrated,fulfillment,uni_cluster_map_rank_norsl,cluster_map_rank,conveyable|electronic|extra_large|pallet,1695,500,False,True,greedy_gate,3.00002284348011e-07,
k1_off_rr,mixed_20260816_131535__mixed_realistic_bell_ltrand0-5,ful_calibrated,fulfillment,uni_cluster_map_rank_norsl,cluster_map_rank,conveyable|seasonal|extra_large|pallet,11248,500,False,False,greedy_gate,1.9998697098344564e-07,
k1_off_rr,mixed_20260816_131535__mixed_realistic_bell_ltrand0-5,ful_calibrated,fulfillment,uni_cluster_map_rank_norsl,cluster_map_rank,conveyable|chemical|singleton|singleton,489,1239,True,True,lap,0.10757029999513179,
k1_off_rr,mixed_20260816_131535__mixed_realistic_bell_ltrand0-5,ful_calibrated,fulfillment,uni_cluster_map_rank_norsl,cluster_map_rank,non-conveyable|clothing|small|pallet,524,1448,True,True,lap,0.1685412999941036,
k1_off_rr,mixed_20260816_131535__mixed_realistic_bell_ltrand0-5,ful_calibrated,fulfillment,uni_cluster_map_rank_norsl,cluster_map_rank,non-conveyable|chemical|singleton|singleton,805,1500,True,True,lap,0.36888390000967775,
k1_off_rr,mixed_20260816_131535__mixed_realistic_bell_ltrand0-5,ful_calibrated,fulfillment,uni_cluster_map_rank_norsl,cluster_map_rank,conveyable|chemical|small|pallet,397,1191,True,True,lap,0.08063919999403879,
k1_off_rr,mixed_20260816_131535__mixed_realistic_bell_ltrand0-5,ful_calibrated,fulfillment,uni_cluster_map_rank_norsl,cluster_map_rank,non-conveyable|electronic|extra_large|pallet,61,183,True,True,lap,0.0006708000000799075,
k1_off_rr,mixed_20260816_131535__mixed_realistic_bell_ltrand0-5,ful_calibrated,fulfillment,uni_cluster_map_rank_norsl,cluster_map_rank,non-conveyable|clothing|large|pallet,233,583,True,True,lap,0.013104300000122748,
k1_off_rr,mixed_20260816_131535__mixed_realistic_bell_ltrand0-5,ful_calibrated,fulfillment,uni_map_norsl,map,fulfillment|fulfillment|ff_medium|fulfillment,1558546,74700,False,False,greedy_gate,9.998620953410864e-08,
k1_off_rr,mixed_20260816_131535__mixed_realistic_bell_ltrand0-5,ful_calibrated,fulfillment,uni_map_norsl,map,conveyable|clothing|medium|pallet,459066,25000,False,False,greedy_gate,4.999892553314567e-07,
k1_off_rr,mixed_20260816_131535__mixed_realistic_bell_ltrand0-5,ful_calibrated,fulfillment,uni_map_norsl,map,conveyable|clothing|singleton|singleton,16047,1500,False,False,greedy_gate,5.00003807246685e-07,
k1_off_rr,mixed_20260816_131535__mixed_realistic_bell_ltrand0-5,ful_calibrated,fulfillment,uni_map_norsl,map,conveyable|electronic|medium|pallet,48391,3000,False,False,greedy_gate,2.00001522898674e-07,
k1_off_rr,mixed_20260816_131535__mixed_realistic_bell_ltrand0-5,ful_calibrated,fulfillment,uni_map_norsl,map,conveyable|seasonal|medium|pallet,23648,1000,False,False,greedy_gate,4.00003045797348e-07,
k1_off_rr,mixed_20260816_131535__mixed_realistic_bell_ltrand0-5,ful_calibrated,fulfillment,uni_map_norsl,map,fulfillment|fulfillment|ff_large|fulfillment,679203,49800,False,False,greedy_gate,3.00002284348011e-07,
k1_off_rr,mixed_20260816_131535__mixed_realistic_bell_ltrand0-5,ful_calibrated,fulfillment,uni_map_norsl,map,fulfillment|fulfillment|ff_small|fulfillment,216173,124200,False,False,greedy_gate,7.00005330145359e-07,
k1_off_rr,mixed_20260816_131535__mixed_realistic_bell_ltrand0-5,ful_calibrated,fulfillment,uni_map_norsl,map,non-conveyable|chemical|medium|pallet,278040,15000,False,False,greedy_gate,2.00001522898674e-07,
k1_off_rr,mixed_20260816_131535__mixed_realistic_bell_ltrand0-5,ful_calibrated,fulfillment,uni_map_norsl,map,non-conveyable|furniture|large|pallet,26467,1300,False,False,greedy_gate,4.00003045797348e-07,
k1_off_rr,mixed_20260816_131535__mixed_realistic_bell_ltrand0-5,ful_calibrated,fulfillment,uni_map_norsl,map,conveyable|food|medium|pallet,519600,19000,False,False,greedy_gate,4.00003045797348e-07,
k1_off_rr,mixed_20260816_131535__mixed_realistic_bell_ltrand0-5,ful_calibrated,fulfillment,uni_map_norsl,map,conveyable|food|singleton|singleton,48068,1500,False,False,greedy_gate,6.00004568696022e-07,
k1_off_rr,mixed_20260816_131535__mixed_realistic_bell_ltrand0-5,ful_calibrated,fulfillment,uni_map_norsl,map,conveyable|chemical|medium|pallet,187472,10000,False,False,greedy_gate,6.00004568696022e-07,
k1_off_rr,mixed_20260816_131535__mixed_realistic_bell_ltrand0-5,ful_calibrated,fulfillment,uni_map_norsl,map,conveyable|food|small|pallet,436699,2000,False,False,greedy_gate,4.999892553314567e-07,
k1_off_rr,mixed_20260816_131535__mixed_realistic_bell_ltrand0-5,ful_calibrated,fulfillment,uni_map_norsl,map,non-conveyable|seasonal|large|pallet,35111,1950,False,False,greedy_gate,5.00003807246685e-07,
k1_off_rr,mixed_20260816_131535__mixed_realistic_bell_ltrand0-5,ful_calibrated,fulfillment,uni_map_norsl,map,conveyable|clothing|small|pallet,22691,2000,False,False,greedy_gate,2.00001522898674e-07,
k1_off_rr,mixed_20260816_131535__mixed_realistic_bell_ltrand0-5,ful_calibrated,fulfillment,uni_map_norsl,map,conveyable|electronic|small|pallet,136401,2000,False,False,greedy_gate,5.00003807246685e-07,
k1_off_rr,mixed_20260816_131535__mixed_realistic_bell_ltrand0-5,ful_calibrated,fulfillment,uni_map_norsl,map,conveyable|electronic|singleton|singleton,46527,1500,False,False,greedy_gate,3.9998849388211966e-07,
k1_off_rr,mixed_20260816_131535__mixed_realistic_bell_ltrand0-5,ful_calibrated,fulfillment,uni_map_norsl,map,conveyable|seasonal|small|pallet,10345,2000,False,False,greedy_gate,3.00002284348011e-07,
k1_off_rr,mixed_20260816_131535__mixed_realistic_bell_ltrand0-5,ful_calibrated,fulfillment,uni_map_norsl,map,conveyable|seasonal|singleton|singleton,10032,1500,False,False,greedy_gate,1.9998697098344564e-07,
k1_off_rr,mixed_20260816_131535__mixed_realistic_bell_ltrand0-5,ful_calibrated,fulfillment,uni_map_norsl,map,conveyable|electronic|large|pallet,117322,6500,False,False,greedy_gate,3.00002284348011e-07,
k1_off_rr,mixed_20260816_131535__mixed_realistic_bell_ltrand0-5,ful_calibrated,fulfillment,uni_map_norsl,map,non-conveyable|food|medium|pallet,51438,3000,False,False,greedy_gate,3.9998849388211966e-07,
k1_off_rr,mixed_20260816_131535__mixed_realistic_bell_ltrand0-5,ful_calibrated,fulfillment,uni_map_norsl,map,non-conveyable|food|small|pallet,42966,2000,False,False,greedy_gate,3.00002284348011e-07,
k1_off_rr,mixed_20260816_131535__mixed_realistic_bell_ltrand0-5,ful_calibrated,fulfillment,uni_map_norsl,map,non-conveyable|electronic|singleton|singleton,3426,1500,False,False,greedy_gate,3.00002284348011e-07,
k1_off_rr,mixed_20260816_131535__mixed_realistic_bell_ltrand0-5,ful_calibrated,fulfillment,uni_map_norsl,map,conveyable|seasonal|large|pallet,51738,2600,False,False,greedy_gate,3.9998849388211966e-07,
k1_off_rr,mixed_20260816_131535__mixed_realistic_bell_ltrand0-5,ful_calibrated,fulfillment,uni_map_norsl,map,non-conveyable|seasonal|small|pallet,6830,2000,False,False,greedy_gate,3.00002284348011e-07,
k1_off_rr,mixed_20260816_131535__mixed_realistic_bell_ltrand0-5,ful_calibrated,fulfillment,uni_map_norsl,map,non-conveyable|seasonal|singleton|singleton,6667,1500,False,False,greedy_gate,2.00001522898674e-07,
k1_off_rr,mixed_20260816_131535__mixed_realistic_bell_ltrand0-5,ful_calibrated,fulfillment,uni_map_norsl,map,non-conveyable|electronic|medium|pallet,3896,1000,False,True,greedy_gate,3.00002284348011e-07,
k1_off_rr,mixed_20260816_131535__mixed_realistic_bell_ltrand0-5,ful_calibrated,fulfillment,uni_map_norsl,map,non-conveyable|seasonal|medium|pallet,15113,1000,False,False,greedy_gate,2.00001522898674e-07,
k1_off_rr,mixed_20260816_131535__mixed_realistic_bell_ltrand0-5,ful_calibrated,fulfillment,uni_map_norsl,map,conveyable|furniture|extra_large|pallet,1648,500,False,True,greedy_gate,3.00002284348011e-07,
k1_off_rr,mixed_20260816_131535__mixed_realistic_bell_ltrand0-5,ful_calibrated,fulfillment,uni_map_norsl,map,non-conveyable|chemical|small|pallet,705,1705,True,True,lap,0.34011659999669064,
k1_off_rr,mixed_20260816_131535__mixed_realistic_bell_ltrand0-5,ful_calibrated,fulfillment,uni_map_norsl,map,non-conveyable|clothing|medium|pallet,14249,1000,False,False,greedy_gate,4.00003045797348e-07,
k1_off_rr,mixed_20260816_131535__mixed_realistic_bell_ltrand0-5,ful_calibrated,fulfillment,uni_map_norsl,map,non-conveyable|food|singleton|singleton,4716,1500,False,False,greedy_gate,3.00002284348011e-07,
k1_off_rr,mixed_20260816_131535__mixed_realistic_bell_ltrand0-5,ful_calibrated,fulfillment,uni_map_norsl,map,non-conveyable|clothing|singleton|singleton,512,1262,True,True,lap,0.125677199990605,
k1_off_rr,mixed_20260816_131535__mixed_realistic_bell_ltrand0-5,ful_calibrated,fulfillment,uni_map_norsl,map,non-conveyable|furniture|extra_large|pallet,6518,500,False,True,greedy_gate,2.00001522898674e-07,
k1_off_rr,mixed_20260816_131535__mixed_realistic_bell_ltrand0-5,ful_calibrated,fulfillment,uni_map_norsl,map,conveyable|furniture|large|pallet,6414,650,False,False,greedy_gate,2.00001522898674e-07,
k1_off_rr,mixed_20260816_131535__mixed_realistic_bell_ltrand0-5,ful_calibrated,fulfillment,uni_map_norsl,map,non-conveyable|seasonal|extra_large|pallet,7095,500,False,True,greedy_gate,2.00001522898674e-07,
k1_off_rr,mixed_20260816_131535__mixed_realistic_bell_ltrand0-5,ful_calibrated,fulfillment,uni_map_norsl,map,non-conveyable|electronic|small|pallet,10505,2000,False,False,greedy_gate,2.00001522898674e-07,
k1_off_rr,mixed_20260816_131535__mixed_realistic_bell_ltrand0-5,ful_calibrated,fulfillment,uni_map_norsl,map,conveyable|furniture|medium|pallet,206,612,True,True,lap,0.013330799993127584,
k1_off_rr,mixed_20260816_131535__mixed_realistic_bell_ltrand0-5,ful_calibrated,fulfillment,uni_map_norsl,map,conveyable|clothing|large|pallet,7302,650,False,False,greedy_gate,2.00001522898674e-07,
k1_off_rr,mixed_20260816_131535__mixed_realistic_bell_ltrand0-5,ful_calibrated,fulfillment,uni_map_norsl,map,non-conveyable|furniture|medium|pallet,729,1000,True,True,lap,0.2217887000006158,
k1_off_rr,mixed_20260816_131535__mixed_realistic_bell_ltrand0-5,ful_calibrated,fulfillment,uni_map_norsl,map,non-conveyable|electronic|large|pallet,8619,650,False,False,greedy_gate,2.00001522898674e-07,
k1_off_rr,mixed_20260816_131535__mixed_realistic_bell_ltrand0-5,ful_calibrated,fulfillment,uni_map_norsl,map,conveyable|chemical|large|pallet,30887,1950,False,False,greedy_gate,2.00001522898674e-07,
k1_off_rr,mixed_20260816_131535__mixed_realistic_bell_ltrand0-5,ful_calibrated,fulfillment,uni_map_norsl,map,non-conveyable|chemical|large|pallet,46514,2600,False,False,greedy_gate,3.9998849388211966e-07,
k1_off_rr,mixed_20260816_131535__mixed_realistic_bell_ltrand0-5,ful_calibrated,fulfillment,uni_map_norsl,map,conveyable|electronic|extra_large|pallet,1695,500,False,True,greedy_gate,2.00001522898674e-07,
k1_off_rr,mixed_20260816_131535__mixed_realistic_bell_ltrand0-5,ful_calibrated,fulfillment,uni_map_norsl,map,conveyable|seasonal|extra_large|pallet,11248,500,False,False,greedy_gate,2.00001522898674e-07,
k1_off_rr,mixed_20260816_131535__mixed_realistic_bell_ltrand0-5,ful_calibrated,fulfillment,uni_map_norsl,map,conveyable|chemical|singleton|singleton,489,1239,True,True,lap,0.10490869999921415,
k1_off_rr,mixed_20260816_131535__mixed_realistic_bell_ltrand0-5,ful_calibrated,fulfillment,uni_map_norsl,map,non-conveyable|clothing|small|pallet,524,1448,True,True,lap,0.16424980000010692,
k1_off_rr,mixed_20260816_131535__mixed_realistic_bell_ltrand0-5,ful_calibrated,fulfillment,uni_map_norsl,map,non-conveyable|chemical|singleton|singleton,805,1500,True,True,lap,0.364262700008112,
k1_off_rr,mixed_20260816_131535__mixed_realistic_bell_ltrand0-5,ful_calibrated,fulfillment,uni_map_norsl,map,conveyable|chemical|small|pallet,397,1191,True,True,lap,0.07996479999565054,
k1_off_rr,mixed_20260816_131535__mixed_realistic_bell_ltrand0-5,ful_calibrated,fulfillment,uni_map_norsl,map,non-conveyable|electronic|extra_large|pallet,61,183,True,True,lap,0.000673700007610023,
k1_off_rr,mixed_20260816_131535__mixed_realistic_bell_ltrand0-5,ful_calibrated,fulfillment,uni_map_norsl,map,non-conveyable|clothing|large|pallet,233,583,True,True,lap,0.013067499996395782,
k1_off_rr,mixed_20260816_131535__mixed_realistic_bell_ltrand0-5,ful_calibrated,fulfillment,uni_map_rank_norsl,map_rank,fulfillment|fulfillment|ff_medium|fulfillment,1558546,74700,False,False,greedy_gate,3.00002284348011e-07,
k1_off_rr,mixed_20260816_131535__mixed_realistic_bell_ltrand0-5,ful_calibrated,fulfillment,uni_map_rank_norsl,map_rank,conveyable|clothing|medium|pallet,459066,25000,False,False,greedy_gate,5.00003807246685e-07,
k1_off_rr,mixed_20260816_131535__mixed_realistic_bell_ltrand0-5,ful_calibrated,fulfillment,uni_map_rank_norsl,map_rank,conveyable|clothing|singleton|singleton,16047,1500,False,False,greedy_gate,4.999892553314567e-07,
k1_off_rr,mixed_20260816_131535__mixed_realistic_bell_ltrand0-5,ful_calibrated,fulfillment,uni_map_rank_norsl,map_rank,conveyable|electronic|medium|pallet,48391,3000,False,False,greedy_gate,4.00003045797348e-07,
k1_off_rr,mixed_20260816_131535__mixed_realistic_bell_ltrand0-5,ful_calibrated,fulfillment,uni_map_rank_norsl,map_rank,conveyable|seasonal|medium|pallet,23648,1000,False,False,greedy_gate,2.00001522898674e-07,
k1_off_rr,mixed_20260816_131535__mixed_realistic_bell_ltrand0-5,ful_calibrated,fulfillment,uni_map_rank_norsl,map_rank,fulfillment|fulfillment|ff_large|fulfillment,679203,49800,False,False,greedy_gate,4.00003045797348e-07,
k1_off_rr,mixed_20260816_131535__mixed_realistic_bell_ltrand0-5,ful_calibrated,fulfillment,uni_map_rank_norsl,map_rank,fulfillment|fulfillment|ff_small|fulfillment,216173,124200,False,False,greedy_gate,7.00005330145359e-07,
k1_off_rr,mixed_20260816_131535__mixed_realistic_bell_ltrand0-5,ful_calibrated,fulfillment,uni_map_rank_norsl,map_rank,non-conveyable|chemical|medium|pallet,278040,15000,False,False,greedy_gate,6.999907782301307e-07,
k1_off_rr,mixed_20260816_131535__mixed_realistic_bell_ltrand0-5,ful_calibrated,fulfillment,uni_map_rank_norsl,map_rank,non-conveyable|furniture|large|pallet,26467,1300,False,False,greedy_gate,4.00003045797348e-07,
k1_off_rr,mixed_20260816_131535__mixed_realistic_bell_ltrand0-5,ful_calibrated,fulfillment,uni_map_rank_norsl,map_rank,conveyable|food|medium|pallet,519600,19000,False,False,greedy_gate,5.00003807246685e-07,
k1_off_rr,mixed_20260816_131535__mixed_realistic_bell_ltrand0-5,ful_calibrated,fulfillment,uni_map_rank_norsl,map_rank,conveyable|food|singleton|singleton,48068,1500,False,False,greedy_gate,4.00003045797348e-07,
k1_off_rr,mixed_20260816_131535__mixed_realistic_bell_ltrand0-5,ful_calibrated,fulfillment,uni_map_rank_norsl,map_rank,conveyable|chemical|medium|pallet,187472,10000,False,False,greedy_gate,4.00003045797348e-07,
k1_off_rr,mixed_20260816_131535__mixed_realistic_bell_ltrand0-5,ful_calibrated,fulfillment,uni_map_rank_norsl,map_rank,conveyable|food|small|pallet,436699,2000,False,False,greedy_gate,4.999892553314567e-07,
k1_off_rr,mixed_20260816_131535__mixed_realistic_bell_ltrand0-5,ful_calibrated,fulfillment,uni_map_rank_norsl,map_rank,non-conveyable|seasonal|large|pallet,35111,1950,False,False,greedy_gate,6.00004568696022e-07,
k1_off_rr,mixed_20260816_131535__mixed_realistic_bell_ltrand0-5,ful_calibrated,fulfillment,uni_map_rank_norsl,map_rank,conveyable|clothing|small|pallet,22691,2000,False,False,greedy_gate,5.00003807246685e-07,
k1_off_rr,mixed_20260816_131535__mixed_realistic_bell_ltrand0-5,ful_calibrated,fulfillment,uni_map_rank_norsl,map_rank,conveyable|electronic|small|pallet,136401,2000,False,False,greedy_gate,5.00003807246685e-07,
k1_off_rr,mixed_20260816_131535__mixed_realistic_bell_ltrand0-5,ful_calibrated,fulfillment,uni_map_rank_norsl,map_rank,conveyable|electronic|singleton|singleton,46527,1500,False,False,greedy_gate,4.00003045797348e-07,
k1_off_rr,mixed_20260816_131535__mixed_realistic_bell_ltrand0-5,ful_calibrated,fulfillment,uni_map_rank_norsl,map_rank,conveyable|seasonal|small|pallet,10345,2000,False,False,greedy_gate,5.00003807246685e-07,
k1_off_rr,mixed_20260816_131535__mixed_realistic_bell_ltrand0-5,ful_calibrated,fulfillment,uni_map_rank_norsl,map_rank,conveyable|seasonal|singleton|singleton,10032,1500,False,False,greedy_gate,2.00001522898674e-07,
k1_off_rr,mixed_20260816_131535__mixed_realistic_bell_ltrand0-5,ful_calibrated,fulfillment,uni_map_rank_norsl,map_rank,conveyable|electronic|large|pallet,117322,6500,False,False,greedy_gate,4.00003045797348e-07,
k1_off_rr,mixed_20260816_131535__mixed_realistic_bell_ltrand0-5,ful_calibrated,fulfillment,uni_map_rank_norsl,map_rank,non-conveyable|food|medium|pallet,51438,3000,False,False,greedy_gate,3.00002284348011e-07,
k1_off_rr,mixed_20260816_131535__mixed_realistic_bell_ltrand0-5,ful_calibrated,fulfillment,uni_map_rank_norsl,map_rank,non-conveyable|food|small|pallet,42966,2000,False,False,greedy_gate,4.999892553314567e-07,
k1_off_rr,mixed_20260816_131535__mixed_realistic_bell_ltrand0-5,ful_calibrated,fulfillment,uni_map_rank_norsl,map_rank,non-conveyable|electronic|singleton|singleton,3426,1500,False,False,greedy_gate,3.00002284348011e-07,
k1_off_rr,mixed_20260816_131535__mixed_realistic_bell_ltrand0-5,ful_calibrated,fulfillment,uni_map_rank_norsl,map_rank,conveyable|seasonal|large|pallet,51738,2600,False,False,greedy_gate,3.00002284348011e-07,
k1_off_rr,mixed_20260816_131535__mixed_realistic_bell_ltrand0-5,ful_calibrated,fulfillment,uni_map_rank_norsl,map_rank,non-conveyable|seasonal|small|pallet,6830,2000,False,False,greedy_gate,2.00001522898674e-07,
k1_off_rr,mixed_20260816_131535__mixed_realistic_bell_ltrand0-5,ful_calibrated,fulfillment,uni_map_rank_norsl,map_rank,non-conveyable|seasonal|singleton|singleton,6667,1500,False,False,greedy_gate,2.00001522898674e-07,
k1_off_rr,mixed_20260816_131535__mixed_realistic_bell_ltrand0-5,ful_calibrated,fulfillment,uni_map_rank_norsl,map_rank,non-conveyable|electronic|medium|pallet,3896,1000,False,True,greedy_gate,2.00001522898674e-07,
k1_off_rr,mixed_20260816_131535__mixed_realistic_bell_ltrand0-5,ful_calibrated,fulfillment,uni_map_rank_norsl,map_rank,non-conveyable|seasonal|medium|pallet,15113,1000,False,False,greedy_gate,1.00000761449337e-07,
k1_off_rr,mixed_20260816_131535__mixed_realistic_bell_ltrand0-5,ful_calibrated,fulfillment,uni_map_rank_norsl,map_rank,conveyable|furniture|extra_large|pallet,1648,500,False,True,greedy_gate,2.00001522898674e-07,
k1_off_rr,mixed_20260816_131535__mixed_realistic_bell_ltrand0-5,ful_calibrated,fulfillment,uni_map_rank_norsl,map_rank,non-conveyable|chemical|small|pallet,705,1705,True,True,lap,0.3402125999855343,
k1_off_rr,mixed_20260816_131535__mixed_realistic_bell_ltrand0-5,ful_calibrated,fulfillment,uni_map_rank_norsl,map_rank,non-conveyable|clothing|medium|pallet,14249,1000,False,False,greedy_gate,3.00002284348011e-07,
k1_off_rr,mixed_20260816_131535__mixed_realistic_bell_ltrand0-5,ful_calibrated,fulfillment,uni_map_rank_norsl,map_rank,non-conveyable|food|singleton|singleton,4716,1500,False,False,greedy_gate,1.9998697098344564e-07,
k1_off_rr,mixed_20260816_131535__mixed_realistic_bell_ltrand0-5,ful_calibrated,fulfillment,uni_map_rank_norsl,map_rank,non-conveyable|clothing|singleton|singleton,512,1262,True,True,lap,0.12454979999165516,
k1_off_rr,mixed_20260816_131535__mixed_realistic_bell_ltrand0-5,ful_calibrated,fulfillment,uni_map_rank_norsl,map_rank,non-conveyable|furniture|extra_large|pallet,6518,500,False,True,greedy_gate,3.00002284348011e-07,
k1_off_rr,mixed_20260816_131535__mixed_realistic_bell_ltrand0-5,ful_calibrated,fulfillment,uni_map_rank_norsl,map_rank,conveyable|furniture|large|pallet,6414,650,False,False,greedy_gate,2.00001522898674e-07,
k1_off_rr,mixed_20260816_131535__mixed_realistic_bell_ltrand0-5,ful_calibrated,fulfillment,uni_map_rank_norsl,map_rank,non-conveyable|seasonal|extra_large|pallet,7095,500,False,True,greedy_gate,2.00001522898674e-07,
k1_off_rr,mixed_20260816_131535__mixed_realistic_bell_ltrand0-5,ful_calibrated,fulfillment,uni_map_rank_norsl,map_rank,non-conveyable|electronic|small|pallet,10505,2000,False,False,greedy_gate,2.00001522898674e-07,
k1_off_rr,mixed_20260816_131535__mixed_realistic_bell_ltrand0-5,ful_calibrated,fulfillment,uni_map_rank_norsl,map_rank,conveyable|furniture|medium|pallet,206,612,True,True,lap,0.013210400007665157,
k1_off_rr,mixed_20260816_131535__mixed_realistic_bell_ltrand0-5,ful_calibrated,fulfillment,uni_map_rank_norsl,map_rank,conveyable|clothing|large|pallet,7302,650,False,False,greedy_gate,1.00000761449337e-07,
k1_off_rr,mixed_20260816_131535__mixed_realistic_bell_ltrand0-5,ful_calibrated,fulfillment,uni_map_rank_norsl,map_rank,non-conveyable|furniture|medium|pallet,729,1000,True,True,lap,0.2154385000030743,
k1_off_rr,mixed_20260816_131535__mixed_realistic_bell_ltrand0-5,ful_calibrated,fulfillment,uni_map_rank_norsl,map_rank,non-conveyable|electronic|large|pallet,8619,650,False,False,greedy_gate,3.00002284348011e-07,
k1_off_rr,mixed_20260816_131535__mixed_realistic_bell_ltrand0-5,ful_calibrated,fulfillment,uni_map_rank_norsl,map_rank,conveyable|chemical|large|pallet,30887,1950,False,False,greedy_gate,3.00002284348011e-07,
k1_off_rr,mixed_20260816_131535__mixed_realistic_bell_ltrand0-5,ful_calibrated,fulfillment,uni_map_rank_norsl,map_rank,non-conveyable|chemical|large|pallet,46514,2600,False,False,greedy_gate,2.00001522898674e-07,
k1_off_rr,mixed_20260816_131535__mixed_realistic_bell_ltrand0-5,ful_calibrated,fulfillment,uni_map_rank_norsl,map_rank,conveyable|electronic|extra_large|pallet,1695,500,False,True,greedy_gate,2.00001522898674e-07,
k1_off_rr,mixed_20260816_131535__mixed_realistic_bell_ltrand0-5,ful_calibrated,fulfillment,uni_map_rank_norsl,map_rank,conveyable|seasonal|extra_large|pallet,11248,500,False,False,greedy_gate,2.00001522898674e-07,
k1_off_rr,mixed_20260816_131535__mixed_realistic_bell_ltrand0-5,ful_calibrated,fulfillment,uni_map_rank_norsl,map_rank,conveyable|chemical|singleton|singleton,489,1239,True,True,lap,0.11552059999667108,
k1_off_rr,mixed_20260816_131535__mixed_realistic_bell_ltrand0-5,ful_calibrated,fulfillment,uni_map_rank_norsl,map_rank,non-conveyable|clothing|small|pallet,524,1448,True,True,lap,0.16390459999092855,
k1_off_rr,mixed_20260816_131535__mixed_realistic_bell_ltrand0-5,ful_calibrated,fulfillment,uni_map_rank_norsl,map_rank,non-conveyable|chemical|singleton|singleton,805,1500,True,True,lap,0.3593456999951741,
k1_off_rr,mixed_20260816_131535__mixed_realistic_bell_ltrand0-5,ful_calibrated,fulfillment,uni_map_rank_norsl,map_rank,conveyable|chemical|small|pallet,397,1191,True,True,lap,0.08020630000100937,
k1_off_rr,mixed_20260816_131535__mixed_realistic_bell_ltrand0-5,ful_calibrated,fulfillment,uni_map_rank_norsl,map_rank,non-conveyable|electronic|extra_large|pallet,61,183,True,True,lap,0.0006635000027017668,
k1_off_rr,mixed_20260816_131535__mixed_realistic_bell_ltrand0-5,ful_calibrated,fulfillment,uni_map_rank_norsl,map_rank,non-conveyable|clothing|large|pallet,233,583,True,True,lap,0.013103000004775822,
k1_off_rr,mixed_20260816_131535__mixed_realistic_bell_ltrand0-5,store,store,uni_cluster_map_norsl,cluster_map,fulfillment|fulfillment|ff_medium|fulfillment,1558546,74700,False,False,greedy_gate,3.00002284348011e-07,
k1_off_rr,mixed_20260816_131535__mixed_realistic_bell_ltrand0-5,store,store,uni_cluster_map_norsl,cluster_map,conveyable|clothing|medium|pallet,459066,25000,False,False,greedy_gate,2.00001522898674e-07,
k1_off_rr,mixed_20260816_131535__mixed_realistic_bell_ltrand0-5,store,store,uni_cluster_map_norsl,cluster_map,conveyable|clothing|singleton|singleton,16047,1500,False,False,greedy_gate,4.999892553314567e-07,
k1_off_rr,mixed_20260816_131535__mixed_realistic_bell_ltrand0-5,store,store,uni_cluster_map_norsl,cluster_map,conveyable|electronic|medium|pallet,48391,3000,False,False,greedy_gate,4.999892553314567e-07,
k1_off_rr,mixed_20260816_131535__mixed_realistic_bell_ltrand0-5,store,store,uni_cluster_map_norsl,cluster_map,conveyable|seasonal|medium|pallet,23648,1000,False,False,greedy_gate,4.00003045797348e-07,
k1_off_rr,mixed_20260816_131535__mixed_realistic_bell_ltrand0-5,store,store,uni_cluster_map_norsl,cluster_map,fulfillment|fulfillment|ff_large|fulfillment,679203,49800,False,False,greedy_gate,1.1999945854768157e-06,
k1_off_rr,mixed_20260816_131535__mixed_realistic_bell_ltrand0-5,store,store,uni_cluster_map_norsl,cluster_map,fulfillment|fulfillment|ff_small|fulfillment,216173,124200,False,False,greedy_gate,7.00005330145359e-07,
k1_off_rr,mixed_20260816_131535__mixed_realistic_bell_ltrand0-5,store,store,uni_cluster_map_norsl,cluster_map,non-conveyable|chemical|medium|pallet,278040,15000,False,False,greedy_gate,6.00004568696022e-07,
k1_off_rr,mixed_20260816_131535__mixed_realistic_bell_ltrand0-5,store,store,uni_cluster_map_norsl,cluster_map,non-conveyable|furniture|large|pallet,26467,1300,False,False,greedy_gate,8.999923011288047e-07,
k1_off_rr,mixed_20260816_131535__mixed_realistic_bell_ltrand0-5,store,store,uni_cluster_map_norsl,cluster_map,conveyable|food|medium|pallet,519600,19000,False,False,greedy_gate,6.999907782301307e-07,
k1_off_rr,mixed_20260816_131535__mixed_realistic_bell_ltrand0-5,store,store,uni_cluster_map_norsl,cluster_map,conveyable|food|singleton|singleton,48068,1500,False,False,greedy_gate,7.999915396794677e-07,
k1_off_rr,mixed_20260816_131535__mixed_realistic_bell_ltrand0-5,store,store,uni_cluster_map_norsl,cluster_map,conveyable|chemical|medium|pallet,187472,10000,False,False,greedy_gate,7.00005330145359e-07,
k1_off_rr,mixed_20260816_131535__mixed_realistic_bell_ltrand0-5,store,store,uni_cluster_map_norsl,cluster_map,conveyable|food|small|pallet,436699,2000,False,False,greedy_gate,1.00000761449337e-06,
k1_off_rr,mixed_20260816_131535__mixed_realistic_bell_ltrand0-5,store,store,uni_cluster_map_norsl,cluster_map,non-conveyable|seasonal|large|pallet,35111,1950,False,False,greedy_gate,9.999930625781417e-07,
k1_off_rr,mixed_20260816_131535__mixed_realistic_bell_ltrand0-5,store,store,uni_cluster_map_norsl,cluster_map,conveyable|clothing|small|pallet,22691,2000,False,False,greedy_gate,7.999915396794677e-07,
k1_off_rr,mixed_20260816_131535__mixed_realistic_bell_ltrand0-5,store,store,uni_cluster_map_norsl,cluster_map,conveyable|electronic|small|pallet,136401,2000,False,False,greedy_gate,1.100008375942707e-06,
k1_off_rr,mixed_20260816_131535__mixed_realistic_bell_ltrand0-5,store,store,uni_cluster_map_norsl,cluster_map,conveyable|electronic|singleton|singleton,46527,1500,False,False,greedy_gate,1.00000761449337e-06,
k1_off_rr,mixed_20260816_131535__mixed_realistic_bell_ltrand0-5,store,store,uni_cluster_map_norsl,cluster_map,conveyable|seasonal|small|pallet,10345,2000,False,False,greedy_gate,6.999907782301307e-07,
k1_off_rr,mixed_20260816_131535__mixed_realistic_bell_ltrand0-5,store,store,uni_cluster_map_norsl,cluster_map,conveyable|seasonal|singleton|singleton,10032,1500,False,False,greedy_gate,6.999907782301307e-07,
k1_off_rr,mixed_20260816_131535__mixed_realistic_bell_ltrand0-5,store,store,uni_cluster_map_norsl,cluster_map,conveyable|electronic|large|pallet,117322,6500,False,False,greedy_gate,6.00004568696022e-07,
k1_off_rr,mixed_20260816_131535__mixed_realistic_bell_ltrand0-5,store,store,uni_cluster_map_norsl,cluster_map,non-conveyable|food|medium|pallet,51438,3000,False,False,greedy_gate,9.00006853044033e-07,
k1_off_rr,mixed_20260816_131535__mixed_realistic_bell_ltrand0-5,store,store,uni_cluster_map_norsl,cluster_map,non-conveyable|food|small|pallet,42966,2000,False,False,greedy_gate,7.999915396794677e-07,
k1_off_rr,mixed_20260816_131535__mixed_realistic_bell_ltrand0-5,store,store,uni_cluster_map_norsl,cluster_map,non-conveyable|electronic|singleton|singleton,3426,1500,False,False,greedy_gate,7.00005330145359e-07,
k1_off_rr,mixed_20260816_131535__mixed_realistic_bell_ltrand0-5,store,store,uni_cluster_map_norsl,cluster_map,conveyable|seasonal|large|pallet,51738,2600,False,False,greedy_gate,7.00005330145359e-07,
k1_off_rr,mixed_20260816_131535__mixed_realistic_bell_ltrand0-5,store,store,uni_cluster_map_norsl,cluster_map,non-conveyable|seasonal|small|pallet,6830,2000,False,False,greedy_gate,8.00006091594696e-07,
k1_off_rr,mixed_20260816_131535__mixed_realistic_bell_ltrand0-5,store,store,uni_cluster_map_norsl,cluster_map,non-conveyable|seasonal|singleton|singleton,6667,1500,False,False,greedy_gate,4.00003045797348e-07,
k1_off_rr,mixed_20260816_131535__mixed_realistic_bell_ltrand0-5,store,store,uni_cluster_map_norsl,cluster_map,non-conveyable|electronic|medium|pallet,3896,1000,False,True,greedy_gate,3.00002284348011e-07,
k1_off_rr,mixed_20260816_131535__mixed_realistic_bell_ltrand0-5,store,store,uni_cluster_map_norsl,cluster_map,non-conveyable|seasonal|medium|pallet,15113,1000,False,False,greedy_gate,4.999892553314567e-07,
k1_off_rr,mixed_20260816_131535__mixed_realistic_bell_ltrand0-5,store,store,uni_cluster_map_norsl,cluster_map,conveyable|furniture|extra_large|pallet,1648,500,False,True,greedy_gate,4.00003045797348e-07,
k1_off_rr,mixed_20260816_131535__mixed_realistic_bell_ltrand0-5,store,store,uni_cluster_map_norsl,cluster_map,non-conveyable|chemical|small|pallet,705,1705,True,True,lap,0.6571666000090772,
k1_off_rr,mixed_20260816_131535__mixed_realistic_bell_ltrand0-5,store,store,uni_cluster_map_norsl,cluster_map,non-conveyable|clothing|medium|pallet,14249,1000,False,False,greedy_gate,7.999915396794677e-07,
k1_off_rr,mixed_20260816_131535__mixed_realistic_bell_ltrand0-5,store,store,uni_cluster_map_norsl,cluster_map,non-conveyable|food|singleton|singleton,4716,1500,False,False,greedy_gate,3.00002284348011e-07,
k1_off_rr,mixed_20260816_131535__mixed_realistic_bell_ltrand0-5,store,store,uni_cluster_map_norsl,cluster_map,non-conveyable|clothing|singleton|singleton,512,1262,True,True,lap,0.23029140000289772,
k1_off_rr,mixed_20260816_131535__mixed_realistic_bell_ltrand0-5,store,store,uni_cluster_map_norsl,cluster_map,non-conveyable|furniture|extra_large|pallet,6518,500,False,True,greedy_gate,4.00003045797348e-07,
k1_off_rr,mixed_20260816_131535__mixed_realistic_bell_ltrand0-5,store,store,uni_cluster_map_norsl,cluster_map,conveyable|furniture|large|pallet,6414,650,False,False,greedy_gate,5.999900167807937e-07,
k1_off_rr,mixed_20260816_131535__mixed_realistic_bell_ltrand0-5,store,store,uni_cluster_map_norsl,cluster_map,non-conveyable|seasonal|extra_large|pallet,7095,500,False,True,greedy_gate,4.00003045797348e-07,
k1_off_rr,mixed_20260816_131535__mixed_realistic_bell_ltrand0-5,store,store,uni_cluster_map_norsl,cluster_map,non-conveyable|electronic|small|pallet,10505,2000,False,False,greedy_gate,6.999907782301307e-07,
k1_off_rr,mixed_20260816_131535__mixed_realistic_bell_ltrand0-5,store,store,uni_cluster_map_norsl,cluster_map,conveyable|furniture|medium|pallet,206,612,True,True,lap,0.02090150000003632,
k1_off_rr,mixed_20260816_131535__mixed_realistic_bell_ltrand0-5,store,store,uni_cluster_map_norsl,cluster_map,conveyable|clothing|large|pallet,7302,650,False,False,greedy_gate,4.00003045797348e-07,
k1_off_rr,mixed_20260816_131535__mixed_realistic_bell_ltrand0-5,store,store,uni_cluster_map_norsl,cluster_map,non-conveyable|furniture|medium|pallet,729,1000,True,True,lap,0.3551311000046553,
k1_off_rr,mixed_20260816_131535__mixed_realistic_bell_ltrand0-5,store,store,uni_cluster_map_norsl,cluster_map,non-conveyable|electronic|large|pallet,8619,650,False,False,greedy_gate,6.999907782301307e-07,
k1_off_rr,mixed_20260816_131535__mixed_realistic_bell_ltrand0-5,store,store,uni_cluster_map_norsl,cluster_map,conveyable|chemical|large|pallet,30887,1950,False,False,greedy_gate,7.999915396794677e-07,
k1_off_rr,mixed_20260816_131535__mixed_realistic_bell_ltrand0-5,store,store,uni_cluster_map_norsl,cluster_map,non-conveyable|chemical|large|pallet,46514,2600,False,False,greedy_gate,1.9998697098344564e-07,
k1_off_rr,mixed_20260816_131535__mixed_realistic_bell_ltrand0-5,store,store,uni_cluster_map_norsl,cluster_map,conveyable|electronic|extra_large|pallet,1695,500,False,True,greedy_gate,2.00001522898674e-07,
k1_off_rr,mixed_20260816_131535__mixed_realistic_bell_ltrand0-5,store,store,uni_cluster_map_norsl,cluster_map,conveyable|seasonal|extra_large|pallet,11248,500,False,False,greedy_gate,2.00001522898674e-07,
k1_off_rr,mixed_20260816_131535__mixed_realistic_bell_ltrand0-5,store,store,uni_cluster_map_norsl,cluster_map,conveyable|chemical|singleton|singleton,489,1239,True,True,lap,0.11666620000323746,
k1_off_rr,mixed_20260816_131535__mixed_realistic_bell_ltrand0-5,store,store,uni_cluster_map_norsl,cluster_map,non-conveyable|clothing|small|pallet,524,1448,True,True,lap,0.16462830000091344,
k1_off_rr,mixed_20260816_131535__mixed_realistic_bell_ltrand0-5,store,store,uni_cluster_map_norsl,cluster_map,non-conveyable|chemical|singleton|singleton,805,1500,True,True,lap,0.3839196000044467,
k1_off_rr,mixed_20260816_131535__mixed_realistic_bell_ltrand0-5,store,store,uni_cluster_map_norsl,cluster_map,conveyable|chemical|small|pallet,397,1191,True,True,lap,0.08269699999073055,
k1_off_rr,mixed_20260816_131535__mixed_realistic_bell_ltrand0-5,store,store,uni_cluster_map_norsl,cluster_map,non-conveyable|electronic|extra_large|pallet,61,183,True,True,lap,0.0006552999984705821,
k1_off_rr,mixed_20260816_131535__mixed_realistic_bell_ltrand0-5,store,store,uni_cluster_map_norsl,cluster_map,non-conveyable|clothing|large|pallet,233,583,True,True,lap,0.011912799993297085,
k1_off_rr,mixed_20260816_131535__mixed_realistic_bell_ltrand0-5,store,store,uni_cluster_map_rank_norsl,cluster_map_rank,fulfillment|fulfillment|ff_medium|fulfillment,1558546,74700,False,False,greedy_gate,2.00001522898674e-07,
k1_off_rr,mixed_20260816_131535__mixed_realistic_bell_ltrand0-5,store,store,uni_cluster_map_rank_norsl,cluster_map_rank,conveyable|clothing|medium|pallet,459066,25000,False,False,greedy_gate,5.00003807246685e-07,
k1_off_rr,mixed_20260816_131535__mixed_realistic_bell_ltrand0-5,store,store,uni_cluster_map_rank_norsl,cluster_map_rank,conveyable|clothing|singleton|singleton,16047,1500,False,False,greedy_gate,3.00002284348011e-07,
k1_off_rr,mixed_20260816_131535__mixed_realistic_bell_ltrand0-5,store,store,uni_cluster_map_rank_norsl,cluster_map_rank,conveyable|electronic|medium|pallet,48391,3000,False,False,greedy_gate,3.9998849388211966e-07,
k1_off_rr,mixed_20260816_131535__mixed_realistic_bell_ltrand0-5,store,store,uni_cluster_map_rank_norsl,cluster_map_rank,conveyable|seasonal|medium|pallet,23648,1000,False,False,greedy_gate,3.9998849388211966e-07,
k1_off_rr,mixed_20260816_131535__mixed_realistic_bell_ltrand0-5,store,store,uni_cluster_map_rank_norsl,cluster_map_rank,fulfillment|fulfillment|ff_large|fulfillment,679203,49800,False,False,greedy_gate,8.00006091594696e-07,
k1_off_rr,mixed_20260816_131535__mixed_realistic_bell_ltrand0-5,store,store,uni_cluster_map_rank_norsl,cluster_map_rank,fulfillment|fulfillment|ff_small|fulfillment,216173,124200,False,False,greedy_gate,8.00006091594696e-07,
k1_off_rr,mixed_20260816_131535__mixed_realistic_bell_ltrand0-5,store,store,uni_cluster_map_rank_norsl,cluster_map_rank,non-conveyable|chemical|medium|pallet,278040,15000,False,False,greedy_gate,7.00005330145359e-07,
k1_off_rr,mixed_20260816_131535__mixed_realistic_bell_ltrand0-5,store,store,uni_cluster_map_rank_norsl,cluster_map_rank,non-conveyable|furniture|large|pallet,26467,1300,False,False,greedy_gate,3.00002284348011e-07,
k1_off_rr,mixed_20260816_131535__mixed_realistic_bell_ltrand0-5,store,store,uni_cluster_map_rank_norsl,cluster_map_rank,conveyable|food|medium|pallet,519600,19000,False,False,greedy_gate,4.00003045797348e-07,
k1_off_rr,mixed_20260816_131535__mixed_realistic_bell_ltrand0-5,store,store,uni_cluster_map_rank_norsl,cluster_map_rank,conveyable|food|singleton|singleton,48068,1500,False,False,greedy_gate,6.00004568696022e-07,
k1_off_rr,mixed_20260816_131535__mixed_realistic_bell_ltrand0-5,store,store,uni_cluster_map_rank_norsl,cluster_map_rank,conveyable|chemical|medium|pallet,187472,10000,False,False,greedy_gate,5.999900167807937e-07,
k1_off_rr,mixed_20260816_131535__mixed_realistic_bell_ltrand0-5,store,store,uni_cluster_map_rank_norsl,cluster_map_rank,conveyable|food|small|pallet,436699,2000,False,False,greedy_gate,5.00003807246685e-07,
k1_off_rr,mixed_20260816_131535__mixed_realistic_bell_ltrand0-5,store,store,uni_cluster_map_rank_norsl,cluster_map_rank,non-conveyable|seasonal|large|pallet,35111,1950,False,False,greedy_gate,5.00003807246685e-07,
k1_off_rr,mixed_20260816_131535__mixed_realistic_bell_ltrand0-5,store,store,uni_cluster_map_rank_norsl,cluster_map_rank,conveyable|clothing|small|pallet,22691,2000,False,False,greedy_gate,2.00001522898674e-07,
k1_off_rr,mixed_20260816_131535__mixed_realistic_bell_ltrand0-5,store,store,uni_cluster_map_rank_norsl,cluster_map_rank,conveyable|electronic|small|pallet,136401,2000,False,False,greedy_gate,3.00002284348011e-07,
k1_off_rr,mixed_20260816_131535__mixed_realistic_bell_ltrand0-5,store,store,uni_cluster_map_rank_norsl,cluster_map_rank,conveyable|electronic|singleton|singleton,46527,1500,False,False,greedy_gate,3.9998849388211966e-07,
k1_off_rr,mixed_20260816_131535__mixed_realistic_bell_ltrand0-5,store,store,uni_cluster_map_rank_norsl,cluster_map_rank,conveyable|seasonal|small|pallet,10345,2000,False,False,greedy_gate,3.00002284348011e-07,
k1_off_rr,mixed_20260816_131535__mixed_realistic_bell_ltrand0-5,store,store,uni_cluster_map_rank_norsl,cluster_map_rank,conveyable|seasonal|singleton|singleton,10032,1500,False,False,greedy_gate,1.9998697098344564e-07,
k1_off_rr,mixed_20260816_131535__mixed_realistic_bell_ltrand0-5,store,store,uni_cluster_map_rank_norsl,cluster_map_rank,conveyable|electronic|large|pallet,117322,6500,False,False,greedy_gate,2.9998773243278265e-07,
k1_off_rr,mixed_20260816_131535__mixed_realistic_bell_ltrand0-5,store,store,uni_cluster_map_rank_norsl,cluster_map_rank,non-conveyable|food|medium|pallet,51438,3000,False,False,greedy_gate,6.00004568696022e-07,
k1_off_rr,mixed_20260816_131535__mixed_realistic_bell_ltrand0-5,store,store,uni_cluster_map_rank_norsl,cluster_map_rank,non-conveyable|food|small|pallet,42966,2000,False,False,greedy_gate,3.00002284348011e-07,
k1_off_rr,mixed_20260816_131535__mixed_realistic_bell_ltrand0-5,store,store,uni_cluster_map_rank_norsl,cluster_map_rank,non-conveyable|electronic|singleton|singleton,3426,1500,False,False,greedy_gate,2.00001522898674e-07,
k1_off_rr,mixed_20260816_131535__mixed_realistic_bell_ltrand0-5,store,store,uni_cluster_map_rank_norsl,cluster_map_rank,conveyable|seasonal|large|pallet,51738,2600,False,False,greedy_gate,5.00003807246685e-07,
k1_off_rr,mixed_20260816_131535__mixed_realistic_bell_ltrand0-5,store,store,uni_cluster_map_rank_norsl,cluster_map_rank,non-conveyable|seasonal|small|pallet,6830,2000,False,False,greedy_gate,2.00001522898674e-07,
k1_off_rr,mixed_20260816_131535__mixed_realistic_bell_ltrand0-5,store,store,uni_cluster_map_rank_norsl,cluster_map_rank,non-conveyable|seasonal|singleton|singleton,6667,1500,False,False,greedy_gate,3.00002284348011e-07,
k1_off_rr,mixed_20260816_131535__mixed_realistic_bell_ltrand0-5,store,store,uni_cluster_map_rank_norsl,cluster_map_rank,non-conveyable|electronic|medium|pallet,3896,1000,False,True,greedy_gate,2.00001522898674e-07,
k1_off_rr,mixed_20260816_131535__mixed_realistic_bell_ltrand0-5,store,store,uni_cluster_map_rank_norsl,cluster_map_rank,non-conveyable|seasonal|medium|pallet,15113,1000,False,False,greedy_gate,3.00002284348011e-07,
k1_off_rr,mixed_20260816_131535__mixed_realistic_bell_ltrand0-5,store,store,uni_cluster_map_rank_norsl,cluster_map_rank,conveyable|furniture|extra_large|pallet,1648,500,False,True,greedy_gate,2.00001522898674e-07,
k1_off_rr,mixed_20260816_131535__mixed_realistic_bell_ltrand0-5,store,store,uni_cluster_map_rank_norsl,cluster_map_rank,non-conveyable|chemical|small|pallet,705,1705,True,True,lap,0.3656176000076812,
k1_off_rr,mixed_20260816_131535__mixed_realistic_bell_ltrand0-5,store,store,uni_cluster_map_rank_norsl,cluster_map_rank,non-conveyable|clothing|medium|pallet,14249,1000,False,False,greedy_gate,4.00003045797348e-07,
k1_off_rr,mixed_20260816_131535__mixed_realistic_bell_ltrand0-5,store,store,uni_cluster_map_rank_norsl,cluster_map_rank,non-conveyable|food|singleton|singleton,4716,1500,False,False,greedy_gate,4.00003045797348e-07,
k1_off_rr,mixed_20260816_131535__mixed_realistic_bell_ltrand0-5,store,store,uni_cluster_map_rank_norsl,cluster_map_rank,non-conveyable|clothing|singleton|singleton,512,1262,True,True,lap,0.19553199999791104,
k1_off_rr,mixed_20260816_131535__mixed_realistic_bell_ltrand0-5,store,store,uni_cluster_map_rank_norsl,cluster_map_rank,non-conveyable|furniture|extra_large|pallet,6518,500,False,True,greedy_gate,4.00003045797348e-07,
k1_off_rr,mixed_20260816_131535__mixed_realistic_bell_ltrand0-5,store,store,uni_cluster_map_rank_norsl,cluster_map_rank,conveyable|furniture|large|pallet,6414,650,False,False,greedy_gate,2.00001522898674e-07,
k1_off_rr,mixed_20260816_131535__mixed_realistic_bell_ltrand0-5,store,store,uni_cluster_map_rank_norsl,cluster_map_rank,non-conveyable|seasonal|extra_large|pallet,7095,500,False,True,greedy_gate,1.00000761449337e-07,
k1_off_rr,mixed_20260816_131535__mixed_realistic_bell_ltrand0-5,store,store,uni_cluster_map_rank_norsl,cluster_map_rank,non-conveyable|electronic|small|pallet,10505,2000,False,False,greedy_gate,2.00001522898674e-07,
k1_off_rr,mixed_20260816_131535__mixed_realistic_bell_ltrand0-5,store,store,uni_cluster_map_rank_norsl,cluster_map_rank,conveyable|furniture|medium|pallet,206,612,True,True,lap,0.011140599992359057,
k1_off_rr,mixed_20260816_131535__mixed_realistic_bell_ltrand0-5,store,store,uni_cluster_map_rank_norsl,cluster_map_rank,conveyable|clothing|large|pallet,7302,650,False,False,greedy_gate,2.00001522898674e-07,
k1_off_rr,mixed_20260816_131535__mixed_realistic_bell_ltrand0-5,store,store,uni_cluster_map_rank_norsl,cluster_map_rank,non-conveyable|furniture|medium|pallet,729,1000,True,True,lap,0.22416700000758283,
k1_off_rr,mixed_20260816_131535__mixed_realistic_bell_ltrand0-5,store,store,uni_cluster_map_rank_norsl,cluster_map_rank,non-conveyable|electronic|large|pallet,8619,650,False,False,greedy_gate,3.9998849388211966e-07,
k1_off_rr,mixed_20260816_131535__mixed_realistic_bell_ltrand0-5,store,store,uni_cluster_map_rank_norsl,cluster_map_rank,conveyable|chemical|large|pallet,30887,1950,False,False,greedy_gate,3.00002284348011e-07,
k1_off_rr,mixed_20260816_131535__mixed_realistic_bell_ltrand0-5,store,store,uni_cluster_map_rank_norsl,cluster_map_rank,non-conveyable|chemical|large|pallet,46514,2600,False,False,greedy_gate,2.00001522898674e-07,
k1_off_rr,mixed_20260816_131535__mixed_realistic_bell_ltrand0-5,store,store,uni_cluster_map_rank_norsl,cluster_map_rank,conveyable|electronic|extra_large|pallet,1695,500,False,True,greedy_gate,2.00001522898674e-07,
k1_off_rr,mixed_20260816_131535__mixed_realistic_bell_ltrand0-5,store,store,uni_cluster_map_rank_norsl,cluster_map_rank,conveyable|seasonal|extra_large|pallet,11248,500,False,False,greedy_gate,3.00002284348011e-07,
k1_off_rr,mixed_20260816_131535__mixed_realistic_bell_ltrand0-5,store,store,uni_cluster_map_rank_norsl,cluster_map_rank,conveyable|chemical|singleton|singleton,489,1239,True,True,lap,0.11386420000053477,
k1_off_rr,mixed_20260816_131535__mixed_realistic_bell_ltrand0-5,store,store,uni_cluster_map_rank_norsl,cluster_map_rank,non-conveyable|clothing|small|pallet,524,1448,True,True,lap,0.16114169999491423,
k1_off_rr,mixed_20260816_131535__mixed_realistic_bell_ltrand0-5,store,store,uni_cluster_map_rank_norsl,cluster_map_rank,non-conveyable|chemical|singleton|singleton,805,1500,True,True,lap,0.3586094999918714,
k1_off_rr,mixed_20260816_131535__mixed_realistic_bell_ltrand0-5,store,store,uni_cluster_map_rank_norsl,cluster_map_rank,conveyable|chemical|small|pallet,397,1191,True,True,lap,0.08362689999921713,
k1_off_rr,mixed_20260816_131535__mixed_realistic_bell_ltrand0-5,store,store,uni_cluster_map_rank_norsl,cluster_map_rank,non-conveyable|electronic|extra_large|pallet,61,183,True,True,lap,0.0006490999949164689,
k1_off_rr,mixed_20260816_131535__mixed_realistic_bell_ltrand0-5,store,store,uni_cluster_map_rank_norsl,cluster_map_rank,non-conveyable|clothing|large|pallet,233,583,True,True,lap,0.011737499997252598,
k1_off_rr,mixed_20260816_131535__mixed_realistic_bell_ltrand0-5,store,store,uni_map_norsl,map,fulfillment|fulfillment|ff_medium|fulfillment,1558546,74700,False,False,greedy_gate,3.00002284348011e-07,
k1_off_rr,mixed_20260816_131535__mixed_realistic_bell_ltrand0-5,store,store,uni_map_norsl,map,conveyable|clothing|medium|pallet,459066,25000,False,False,greedy_gate,5.00003807246685e-07,
k1_off_rr,mixed_20260816_131535__mixed_realistic_bell_ltrand0-5,store,store,uni_map_norsl,map,conveyable|clothing|singleton|singleton,16047,1500,False,False,greedy_gate,4.00003045797348e-07,
k1_off_rr,mixed_20260816_131535__mixed_realistic_bell_ltrand0-5,store,store,uni_map_norsl,map,conveyable|electronic|medium|pallet,48391,3000,False,False,greedy_gate,5.999900167807937e-07,
k1_off_rr,mixed_20260816_131535__mixed_realistic_bell_ltrand0-5,store,store,uni_map_norsl,map,conveyable|seasonal|medium|pallet,23648,1000,False,False,greedy_gate,3.00002284348011e-07,
k1_off_rr,mixed_20260816_131535__mixed_realistic_bell_ltrand0-5,store,store,uni_map_norsl,map,fulfillment|fulfillment|ff_large|fulfillment,679203,49800,False,False,greedy_gate,4.00003045797348e-07,
k1_off_rr,mixed_20260816_131535__mixed_realistic_bell_ltrand0-5,store,store,uni_map_norsl,map,fulfillment|fulfillment|ff_small|fulfillment,216173,124200,False,False,greedy_gate,6.00004568696022e-07,
k1_off_rr,mixed_20260816_131535__mixed_realistic_bell_ltrand0-5,store,store,uni_map_norsl,map,non-conveyable|chemical|medium|pallet,278040,15000,False,False,greedy_gate,5.00003807246685e-07,
k1_off_rr,mixed_20260816_131535__mixed_realistic_bell_ltrand0-5,store,store,uni_map_norsl,map,non-conveyable|furniture|large|pallet,26467,1300,False,False,greedy_gate,4.00003045797348e-07,
k1_off_rr,mixed_20260816_131535__mixed_realistic_bell_ltrand0-5,store,store,uni_map_norsl,map,conveyable|food|medium|pallet,519600,19000,False,False,greedy_gate,4.00003045797348e-07,
k1_off_rr,mixed_20260816_131535__mixed_realistic_bell_ltrand0-5,store,store,uni_map_norsl,map,conveyable|food|singleton|singleton,48068,1500,False,False,greedy_gate,5.00003807246685e-07,
k1_off_rr,mixed_20260816_131535__mixed_realistic_bell_ltrand0-5,store,store,uni_map_norsl,map,conveyable|chemical|medium|pallet,187472,10000,False,False,greedy_gate,4.00003045797348e-07,
k1_off_rr,mixed_20260816_131535__mixed_realistic_bell_ltrand0-5,store,store,uni_map_norsl,map,conveyable|food|small|pallet,436699,2000,False,False,greedy_gate,4.00003045797348e-07,
k1_off_rr,mixed_20260816_131535__mixed_realistic_bell_ltrand0-5,store,store,uni_map_norsl,map,non-conveyable|seasonal|large|pallet,35111,1950,False,False,greedy_gate,4.00003045797348e-07,
k1_off_rr,mixed_20260816_131535__mixed_realistic_bell_ltrand0-5,store,store,uni_map_norsl,map,conveyable|clothing|small|pallet,22691,2000,False,False,greedy_gate,2.9998773243278265e-07,
k1_off_rr,mixed_20260816_131535__mixed_realistic_bell_ltrand0-5,store,store,uni_map_norsl,map,conveyable|electronic|small|pallet,136401,2000,False,False,greedy_gate,3.9998849388211966e-07,
k1_off_rr,mixed_20260816_131535__mixed_realistic_bell_ltrand0-5,store,store,uni_map_norsl,map,conveyable|electronic|singleton|singleton,46527,1500,False,False,greedy_gate,3.00002284348011e-07,
k1_off_rr,mixed_20260816_131535__mixed_realistic_bell_ltrand0-5,store,store,uni_map_norsl,map,conveyable|seasonal|small|pallet,10345,2000,False,False,greedy_gate,3.00002284348011e-07,
k1_off_rr,mixed_20260816_131535__mixed_realistic_bell_ltrand0-5,store,store,uni_map_norsl,map,conveyable|seasonal|singleton|singleton,10032,1500,False,False,greedy_gate,1.9998697098344564e-07,
k1_off_rr,mixed_20260816_131535__mixed_realistic_bell_ltrand0-5,store,store,uni_map_norsl,map,conveyable|electronic|large|pallet,117322,6500,False,False,greedy_gate,4.00003045797348e-07,
k1_off_rr,mixed_20260816_131535__mixed_realistic_bell_ltrand0-5,store,store,uni_map_norsl,map,non-conveyable|food|medium|pallet,51438,3000,False,False,greedy_gate,3.00002284348011e-07,
k1_off_rr,mixed_20260816_131535__mixed_realistic_bell_ltrand0-5,store,store,uni_map_norsl,map,non-conveyable|food|small|pallet,42966,2000,False,False,greedy_gate,5.00003807246685e-07,
k1_off_rr,mixed_20260816_131535__mixed_realistic_bell_ltrand0-5,store,store,uni_map_norsl,map,non-conveyable|electronic|singleton|singleton,3426,1500,False,False,greedy_gate,3.00002284348011e-07,
k1_off_rr,mixed_20260816_131535__mixed_realistic_bell_ltrand0-5,store,store,uni_map_norsl,map,conveyable|seasonal|large|pallet,51738,2600,False,False,greedy_gate,2.00001522898674e-07,
k1_off_rr,mixed_20260816_131535__mixed_realistic_bell_ltrand0-5,store,store,uni_map_norsl,map,non-conveyable|seasonal|small|pallet,6830,2000,False,False,greedy_gate,2.00001522898674e-07,
k1_off_rr,mixed_20260816_131535__mixed_realistic_bell_ltrand0-5,store,store,uni_map_norsl,map,non-conveyable|seasonal|singleton|singleton,6667,1500,False,False,greedy_gate,2.00001522898674e-07,
k1_off_rr,mixed_20260816_131535__mixed_realistic_bell_ltrand0-5,store,store,uni_map_norsl,map,non-conveyable|electronic|medium|pallet,3896,1000,False,True,greedy_gate,1.00000761449337e-07,
k1_off_rr,mixed_20260816_131535__mixed_realistic_bell_ltrand0-5,store,store,uni_map_norsl,map,non-conveyable|seasonal|medium|pallet,15113,1000,False,False,greedy_gate,1.00000761449337e-07,
k1_off_rr,mixed_20260816_131535__mixed_realistic_bell_ltrand0-5,store,store,uni_map_norsl,map,conveyable|furniture|extra_large|pallet,1648,500,False,True,greedy_gate,1.00000761449337e-07,
k1_off_rr,mixed_20260816_131535__mixed_realistic_bell_ltrand0-5,store,store,uni_map_norsl,map,non-conveyable|chemical|small|pallet,705,1705,True,True,lap,0.37219970001024194,
k1_off_rr,mixed_20260816_131535__mixed_realistic_bell_ltrand0-5,store,store,uni_map_norsl,map,non-conveyable|clothing|medium|pallet,14249,1000,False,False,greedy_gate,3.00002284348011e-07,
k1_off_rr,mixed_20260816_131535__mixed_realistic_bell_ltrand0-5,store,store,uni_map_norsl,map,non-conveyable|food|singleton|singleton,4716,1500,False,False,greedy_gate,1.00000761449337e-07,
k1_off_rr,mixed_20260816_131535__mixed_realistic_bell_ltrand0-5,store,store,uni_map_norsl,map,non-conveyable|clothing|singleton|singleton,512,1262,True,True,lap,0.11300630000187084,
k1_off_rr,mixed_20260816_131535__mixed_realistic_bell_ltrand0-5,store,store,uni_map_norsl,map,non-conveyable|furniture|extra_large|pallet,6518,500,False,True,greedy_gate,1.9998697098344564e-07,
k1_off_rr,mixed_20260816_131535__mixed_realistic_bell_ltrand0-5,store,store,uni_map_norsl,map,conveyable|furniture|large|pallet,6414,650,False,False,greedy_gate,2.00001522898674e-07,
k1_off_rr,mixed_20260816_131535__mixed_realistic_bell_ltrand0-5,store,store,uni_map_norsl,map,non-conveyable|seasonal|extra_large|pallet,7095,500,False,True,greedy_gate,2.00001522898674e-07,
k1_off_rr,mixed_20260816_131535__mixed_realistic_bell_ltrand0-5,store,store,uni_map_norsl,map,non-conveyable|electronic|small|pallet,10505,2000,False,False,greedy_gate,2.00001522898674e-07,
k1_off_rr,mixed_20260816_131535__mixed_realistic_bell_ltrand0-5,store,store,uni_map_norsl,map,conveyable|furniture|medium|pallet,206,612,True,True,lap,0.011419599992223084,
k1_off_rr,mixed_20260816_131535__mixed_realistic_bell_ltrand0-5,store,store,uni_map_norsl,map,conveyable|clothing|large|pallet,7302,650,False,False,greedy_gate,2.00001522898674e-07,
k1_off_rr,mixed_20260816_131535__mixed_realistic_bell_ltrand0-5,store,store,uni_map_norsl,map,non-conveyable|furniture|medium|pallet,729,1000,True,True,lap,0.22904320000088774,
k1_off_rr,mixed_20260816_131535__mixed_realistic_bell_ltrand0-5,store,store,uni_map_norsl,map,non-conveyable|electronic|large|pallet,8619,650,False,False,greedy_gate,4.00003045797348e-07,
k1_off_rr,mixed_20260816_131535__mixed_realistic_bell_ltrand0-5,store,store,uni_map_norsl,map,conveyable|chemical|large|pallet,30887,1950,False,False,greedy_gate,4.00003045797348e-07,
k1_off_rr,mixed_20260816_131535__mixed_realistic_bell_ltrand0-5,store,store,uni_map_norsl,map,non-conveyable|chemical|large|pallet,46514,2600,False,False,greedy_gate,3.00002284348011e-07,
k1_off_rr,mixed_20260816_131535__mixed_realistic_bell_ltrand0-5,store,store,uni_map_norsl,map,conveyable|electronic|extra_large|pallet,1695,500,False,True,greedy_gate,2.00001522898674e-07,
k1_off_rr,mixed_20260816_131535__mixed_realistic_bell_ltrand0-5,store,store,uni_map_norsl,map,conveyable|seasonal|extra_large|pallet,11248,500,False,False,greedy_gate,1.00000761449337e-07,
k1_off_rr,mixed_20260816_131535__mixed_realistic_bell_ltrand0-5,store,store,uni_map_norsl,map,conveyable|chemical|singleton|singleton,489,1239,True,True,lap,0.1123243000038201,
k1_off_rr,mixed_20260816_131535__mixed_realistic_bell_ltrand0-5,store,store,uni_map_norsl,map,non-conveyable|clothing|small|pallet,524,1448,True,True,lap,0.15902239999559242,
k1_off_rr,mixed_20260816_131535__mixed_realistic_bell_ltrand0-5,store,store,uni_map_norsl,map,non-conveyable|chemical|singleton|singleton,805,1500,True,True,lap,0.36876050000137184,
k1_off_rr,mixed_20260816_131535__mixed_realistic_bell_ltrand0-5,store,store,uni_map_norsl,map,conveyable|chemical|small|pallet,397,1191,True,True,lap,0.08017560000007506,
k1_off_rr,mixed_20260816_131535__mixed_realistic_bell_ltrand0-5,store,store,uni_map_norsl,map,non-conveyable|electronic|extra_large|pallet,61,183,True,True,lap,0.0006409999914467335,
k1_off_rr,mixed_20260816_131535__mixed_realistic_bell_ltrand0-5,store,store,uni_map_norsl,map,non-conveyable|clothing|large|pallet,233,583,True,True,lap,0.01178089999302756,
k1_off_rr,mixed_20260816_131535__mixed_realistic_bell_ltrand0-5,store,store,uni_map_rank_norsl,map_rank,fulfillment|fulfillment|ff_medium|fulfillment,1558546,74700,False,False,greedy_gate,2.9998773243278265e-07,
k1_off_rr,mixed_20260816_131535__mixed_realistic_bell_ltrand0-5,store,store,uni_map_rank_norsl,map_rank,conveyable|clothing|medium|pallet,459066,25000,False,False,greedy_gate,4.00003045797348e-07,
k1_off_rr,mixed_20260816_131535__mixed_realistic_bell_ltrand0-5,store,store,uni_map_rank_norsl,map_rank,conveyable|clothing|singleton|singleton,16047,1500,False,False,greedy_gate,5.00003807246685e-07,
k1_off_rr,mixed_20260816_131535__mixed_realistic_bell_ltrand0-5,store,store,uni_map_rank_norsl,map_rank,conveyable|electronic|medium|pallet,48391,3000,False,False,greedy_gate,4.999892553314567e-07,
k1_off_rr,mixed_20260816_131535__mixed_realistic_bell_ltrand0-5,store,store,uni_map_rank_norsl,map_rank,conveyable|seasonal|medium|pallet,23648,1000,False,False,greedy_gate,4.00003045797348e-07,
k1_off_rr,mixed_20260816_131535__mixed_realistic_bell_ltrand0-5,store,store,uni_map_rank_norsl,map_rank,fulfillment|fulfillment|ff_large|fulfillment,679203,49800,False,False,greedy_gate,4.00003045797348e-07,
k1_off_rr,mixed_20260816_131535__mixed_realistic_bell_ltrand0-5,store,store,uni_map_rank_norsl,map_rank,fulfillment|fulfillment|ff_small|fulfillment,216173,124200,False,False,greedy_gate,5.00003807246685e-07,
k1_off_rr,mixed_20260816_131535__mixed_realistic_bell_ltrand0-5,store,store,uni_map_rank_norsl,map_rank,non-conveyable|chemical|medium|pallet,278040,15000,False,False,greedy_gate,6.999907782301307e-07,
k1_off_rr,mixed_20260816_131535__mixed_realistic_bell_ltrand0-5,store,store,uni_map_rank_norsl,map_rank,non-conveyable|furniture|large|pallet,26467,1300,False,False,greedy_gate,4.999892553314567e-07,
k1_off_rr,mixed_20260816_131535__mixed_realistic_bell_ltrand0-5,store,store,uni_map_rank_norsl,map_rank,conveyable|food|medium|pallet,519600,19000,False,False,greedy_gate,5.00003807246685e-07,
k1_off_rr,mixed_20260816_131535__mixed_realistic_bell_ltrand0-5,store,store,uni_map_rank_norsl,map_rank,conveyable|food|singleton|singleton,48068,1500,False,False,greedy_gate,5.999900167807937e-07,
k1_off_rr,mixed_20260816_131535__mixed_realistic_bell_ltrand0-5,store,store,uni_map_rank_norsl,map_rank,conveyable|chemical|medium|pallet,187472,10000,False,False,greedy_gate,6.00004568696022e-07,
k1_off_rr,mixed_20260816_131535__mixed_realistic_bell_ltrand0-5,store,store,uni_map_rank_norsl,map_rank,conveyable|food|small|pallet,436699,2000,False,False,greedy_gate,5.999900167807937e-07,
k1_off_rr,mixed_20260816_131535__mixed_realistic_bell_ltrand0-5,store,store,uni_map_rank_norsl,map_rank,non-conveyable|seasonal|large|pallet,35111,1950,False,False,greedy_gate,1.00000761449337e-07,
k1_off_rr,mixed_20260816_131535__mixed_realistic_bell_ltrand0-5,store,store,uni_map_rank_norsl,map_rank,conveyable|clothing|small|pallet,22691,2000,False,False,greedy_gate,3.00002284348011e-07,
k1_off_rr,mixed_20260816_131535__mixed_realistic_bell_ltrand0-5,store,store,uni_map_rank_norsl,map_rank,conveyable|electronic|small|pallet,136401,2000,False,False,greedy_gate,3.00002284348011e-07,
k1_off_rr,mixed_20260816_131535__mixed_realistic_bell_ltrand0-5,store,store,uni_map_rank_norsl,map_rank,conveyable|electronic|singleton|singleton,46527,1500,False,False,greedy_gate,5.00003807246685e-07,
k1_off_rr,mixed_20260816_131535__mixed_realistic_bell_ltrand0-5,store,store,uni_map_rank_norsl,map_rank,conveyable|seasonal|small|pallet,10345,2000,False,False,greedy_gate,3.00002284348011e-07,
k1_off_rr,mixed_20260816_131535__mixed_realistic_bell_ltrand0-5,store,store,uni_map_rank_norsl,map_rank,conveyable|seasonal|singleton|singleton,10032,1500,False,False,greedy_gate,2.00001522898674e-07,
k1_off_rr,mixed_20260816_131535__mixed_realistic_bell_ltrand0-5,store,store,uni_map_rank_norsl,map_rank,conveyable|electronic|large|pallet,117322,6500,False,False,greedy_gate,2.9998773243278265e-07,
k1_off_rr,mixed_20260816_131535__mixed_realistic_bell_ltrand0-5,store,store,uni_map_rank_norsl,map_rank,non-conveyable|food|medium|pallet,51438,3000,False,False,greedy_gate,3.00002284348011e-07,
k1_off_rr,mixed_20260816_131535__mixed_realistic_bell_ltrand0-5,store,store,uni_map_rank_norsl,map_rank,non-conveyable|food|small|pallet,42966,2000,False,False,greedy_gate,3.00002284348011e-07,
k1_off_rr,mixed_20260816_131535__mixed_realistic_bell_ltrand0-5,store,store,uni_map_rank_norsl,map_rank,non-conveyable|electronic|singleton|singleton,3426,1500,False,False,greedy_gate,2.00001522898674e-07,
k1_off_rr,mixed_20260816_131535__mixed_realistic_bell_ltrand0-5,store,store,uni_map_rank_norsl,map_rank,conveyable|seasonal|large|pallet,51738,2600,False,False,greedy_gate,2.00001522898674e-07,
k1_off_rr,mixed_20260816_131535__mixed_realistic_bell_ltrand0-5,store,store,uni_map_rank_norsl,map_rank,non-conveyable|seasonal|small|pallet,6830,2000,False,False,greedy_gate,2.00001522898674e-07,
k1_off_rr,mixed_20260816_131535__mixed_realistic_bell_ltrand0-5,store,store,uni_map_rank_norsl,map_rank,non-conveyable|seasonal|singleton|singleton,6667,1500,False,False,greedy_gate,2.00001522898674e-07,
k1_off_rr,mixed_20260816_131535__mixed_realistic_bell_ltrand0-5,store,store,uni_map_rank_norsl,map_rank,non-conveyable|electronic|medium|pallet,3896,1000,False,True,greedy_gate,2.00001522898674e-07,
k1_off_rr,mixed_20260816_131535__mixed_realistic_bell_ltrand0-5,store,store,uni_map_rank_norsl,map_rank,non-conveyable|seasonal|medium|pallet,15113,1000,False,False,greedy_gate,2.00001522898674e-07,
k1_off_rr,mixed_20260816_131535__mixed_realistic_bell_ltrand0-5,store,store,uni_map_rank_norsl,map_rank,conveyable|furniture|extra_large|pallet,1648,500,False,True,greedy_gate,1.00000761449337e-07,
k1_off_rr,mixed_20260816_131535__mixed_realistic_bell_ltrand0-5,store,store,uni_map_rank_norsl,map_rank,non-conveyable|chemical|small|pallet,705,1705,True,True,lap,0.36941379999916535,
k1_off_rr,mixed_20260816_131535__mixed_realistic_bell_ltrand0-5,store,store,uni_map_rank_norsl,map_rank,non-conveyable|clothing|medium|pallet,14249,1000,False,False,greedy_gate,4.00003045797348e-07,
k1_off_rr,mixed_20260816_131535__mixed_realistic_bell_ltrand0-5,store,store,uni_map_rank_norsl,map_rank,non-conveyable|food|singleton|singleton,4716,1500,False,False,greedy_gate,2.00001522898674e-07,
k1_off_rr,mixed_20260816_131535__mixed_realistic_bell_ltrand0-5,store,store,uni_map_rank_norsl,map_rank,non-conveyable|clothing|singleton|singleton,512,1262,True,True,lap,0.11340719999861903,
k1_off_rr,mixed_20260816_131535__mixed_realistic_bell_ltrand0-5,store,store,uni_map_rank_norsl,map_rank,non-conveyable|furniture|extra_large|pallet,6518,500,False,True,greedy_gate,4.00003045797348e-07,
k1_off_rr,mixed_20260816_131535__mixed_realistic_bell_ltrand0-5,store,store,uni_map_rank_norsl,map_rank,conveyable|furniture|large|pallet,6414,650,False,False,greedy_gate,3.00002284348011e-07,
k1_off_rr,mixed_20260816_131535__mixed_realistic_bell_ltrand0-5,store,store,uni_map_rank_norsl,map_rank,non-conveyable|seasonal|extra_large|pallet,7095,500,False,True,greedy_gate,2.00001522898674e-07,
k1_off_rr,mixed_20260816_131535__mixed_realistic_bell_ltrand0-5,store,store,uni_map_rank_norsl,map_rank,non-conveyable|electronic|small|pallet,10505,2000,False,False,greedy_gate,2.00001522898674e-07,
k1_off_rr,mixed_20260816_131535__mixed_realistic_bell_ltrand0-5,store,store,uni_map_rank_norsl,map_rank,conveyable|furniture|medium|pallet,206,612,True,True,lap,0.011639899996225722,
k1_off_rr,mixed_20260816_131535__mixed_realistic_bell_ltrand0-5,store,store,uni_map_rank_norsl,map_rank,conveyable|clothing|large|pallet,7302,650,False,False,greedy_gate,2.00001522898674e-07,
k1_off_rr,mixed_20260816_131535__mixed_realistic_bell_ltrand0-5,store,store,uni_map_rank_norsl,map_rank,non-conveyable|furniture|medium|pallet,729,1000,True,True,lap,0.22981119999894872,
k1_off_rr,mixed_20260816_131535__mixed_realistic_bell_ltrand0-5,store,store,uni_map_rank_norsl,map_rank,non-conveyable|electronic|large|pallet,8619,650,False,False,greedy_gate,4.00003045797348e-07,
k1_off_rr,mixed_20260816_131535__mixed_realistic_bell_ltrand0-5,store,store,uni_map_rank_norsl,map_rank,conveyable|chemical|large|pallet,30887,1950,False,False,greedy_gate,2.00001522898674e-07,
k1_off_rr,mixed_20260816_131535__mixed_realistic_bell_ltrand0-5,store,store,uni_map_rank_norsl,map_rank,non-conveyable|chemical|large|pallet,46514,2600,False,False,greedy_gate,2.00001522898674e-07,
k1_off_rr,mixed_20260816_131535__mixed_realistic_bell_ltrand0-5,store,store,uni_map_rank_norsl,map_rank,conveyable|electronic|extra_large|pallet,1695,500,False,True,greedy_gate,2.00001522898674e-07,
k1_off_rr,mixed_20260816_131535__mixed_realistic_bell_ltrand0-5,store,store,uni_map_rank_norsl,map_rank,conveyable|seasonal|extra_large|pallet,11248,500,False,False,greedy_gate,2.9998773243278265e-07,
k1_off_rr,mixed_20260816_131535__mixed_realistic_bell_ltrand0-5,store,store,uni_map_rank_norsl,map_rank,conveyable|chemical|singleton|singleton,489,1239,True,True,lap,0.1131827999925008,
k1_off_rr,mixed_20260816_131535__mixed_realistic_bell_ltrand0-5,store,store,uni_map_rank_norsl,map_rank,non-conveyable|clothing|small|pallet,524,1448,True,True,lap,0.16054880000592675,
k1_off_rr,mixed_20260816_131535__mixed_realistic_bell_ltrand0-5,store,store,uni_map_rank_norsl,map_rank,non-conveyable|chemical|singleton|singleton,805,1500,True,True,lap,0.3626012000022456,
k1_off_rr,mixed_20260816_131535__mixed_realistic_bell_ltrand0-5,store,store,uni_map_rank_norsl,map_rank,conveyable|chemical|small|pallet,397,1191,True,True,lap,0.08244159999594558,
k1_off_rr,mixed_20260816_131535__mixed_realistic_bell_ltrand0-5,store,store,uni_map_rank_norsl,map_rank,non-conveyable|electronic|extra_large|pallet,61,183,True,True,lap,0.0006659000064246356,
k1_off_rr,mixed_20260816_131535__mixed_realistic_bell_ltrand0-5,store,store,uni_map_rank_norsl,map_rank,non-conveyable|clothing|large|pallet,233,583,True,True,lap,0.013340199991944246,
k1_off_lpt,mixed_20260816_131535__mixed_realistic_bell_ltrand0-5,ful_calibrated,fulfillment,uni_cluster_map_norsl,cluster_map,fulfillment|fulfillment|ff_medium|fulfillment,1558546,74700,False,False,greedy_gate,2.00001522898674e-07,
k1_off_lpt,mixed_20260816_131535__mixed_realistic_bell_ltrand0-5,ful_calibrated,fulfillment,uni_cluster_map_norsl,cluster_map,conveyable|clothing|medium|pallet,459066,25000,False,False,greedy_gate,5.00003807246685e-07,
k1_off_lpt,mixed_20260816_131535__mixed_realistic_bell_ltrand0-5,ful_calibrated,fulfillment,uni_cluster_map_norsl,cluster_map,conveyable|clothing|singleton|singleton,16047,1500,False,False,greedy_gate,3.9998849388211966e-07,
k1_off_lpt,mixed_20260816_131535__mixed_realistic_bell_ltrand0-5,ful_calibrated,fulfillment,uni_cluster_map_norsl,cluster_map,conveyable|electronic|medium|pallet,48391,3000,False,False,greedy_gate,4.00003045797348e-07,
k1_off_lpt,mixed_20260816_131535__mixed_realistic_bell_ltrand0-5,ful_calibrated,fulfillment,uni_cluster_map_norsl,cluster_map,conveyable|seasonal|medium|pallet,23648,1000,False,False,greedy_gate,2.00001522898674e-07,
k1_off_lpt,mixed_20260816_131535__mixed_realistic_bell_ltrand0-5,ful_calibrated,fulfillment,uni_cluster_map_norsl,cluster_map,fulfillment|fulfillment|ff_large|fulfillment,679203,49800,False,False,greedy_gate,3.00002284348011e-07,
k1_off_lpt,mixed_20260816_131535__mixed_realistic_bell_ltrand0-5,ful_calibrated,fulfillment,uni_cluster_map_norsl,cluster_map,fulfillment|fulfillment|ff_small|fulfillment,216173,124200,False,False,greedy_gate,6.999907782301307e-07,
k1_off_lpt,mixed_20260816_131535__mixed_realistic_bell_ltrand0-5,ful_calibrated,fulfillment,uni_cluster_map_norsl,cluster_map,non-conveyable|chemical|medium|pallet,278040,15000,False,False,greedy_gate,1.100008375942707e-06,
k1_off_lpt,mixed_20260816_131535__mixed_realistic_bell_ltrand0-5,ful_calibrated,fulfillment,uni_cluster_map_norsl,cluster_map,non-conveyable|furniture|large|pallet,26467,1300,False,False,greedy_gate,4.00003045797348e-07,
k1_off_lpt,mixed_20260816_131535__mixed_realistic_bell_ltrand0-5,ful_calibrated,fulfillment,uni_cluster_map_norsl,cluster_map,conveyable|food|medium|pallet,519600,19000,False,False,greedy_gate,4.00003045797348e-07,
k1_off_lpt,mixed_20260816_131535__mixed_realistic_bell_ltrand0-5,ful_calibrated,fulfillment,uni_cluster_map_norsl,cluster_map,conveyable|food|singleton|singleton,48068,1500,False,False,greedy_gate,4.999892553314567e-07,
k1_off_lpt,mixed_20260816_131535__mixed_realistic_bell_ltrand0-5,ful_calibrated,fulfillment,uni_cluster_map_norsl,cluster_map,conveyable|chemical|medium|pallet,187472,10000,False,False,greedy_gate,4.00003045797348e-07,
k1_off_lpt,mixed_20260816_131535__mixed_realistic_bell_ltrand0-5,ful_calibrated,fulfillment,uni_cluster_map_norsl,cluster_map,conveyable|food|small|pallet,436699,2000,False,False,greedy_gate,4.999892553314567e-07,
k1_off_lpt,mixed_20260816_131535__mixed_realistic_bell_ltrand0-5,ful_calibrated,fulfillment,uni_cluster_map_norsl,cluster_map,non-conveyable|seasonal|large|pallet,35111,1950,False,False,greedy_gate,4.999892553314567e-07,
k1_off_lpt,mixed_20260816_131535__mixed_realistic_bell_ltrand0-5,ful_calibrated,fulfillment,uni_cluster_map_norsl,cluster_map,conveyable|clothing|small|pallet,22691,2000,False,False,greedy_gate,4.00003045797348e-07,
k1_off_lpt,mixed_20260816_131535__mixed_realistic_bell_ltrand0-5,ful_calibrated,fulfillment,uni_cluster_map_norsl,cluster_map,conveyable|electronic|small|pallet,136401,2000,False,False,greedy_gate,5.00003807246685e-07,
k1_off_lpt,mixed_20260816_131535__mixed_realistic_bell_ltrand0-5,ful_calibrated,fulfillment,uni_cluster_map_norsl,cluster_map,conveyable|electronic|singleton|singleton,46527,1500,False,False,greedy_gate,4.00003045797348e-07,
k1_off_lpt,mixed_20260816_131535__mixed_realistic_bell_ltrand0-5,ful_calibrated,fulfillment,uni_cluster_map_norsl,cluster_map,conveyable|seasonal|small|pallet,10345,2000,False,False,greedy_gate,3.00002284348011e-07,
k1_off_lpt,mixed_20260816_131535__mixed_realistic_bell_ltrand0-5,ful_calibrated,fulfillment,uni_cluster_map_norsl,cluster_map,conveyable|seasonal|singleton|singleton,10032,1500,False,False,greedy_gate,2.00001522898674e-07,
k1_off_lpt,mixed_20260816_131535__mixed_realistic_bell_ltrand0-5,ful_calibrated,fulfillment,uni_cluster_map_norsl,cluster_map,conveyable|electronic|large|pallet,117322,6500,False,False,greedy_gate,3.00002284348011e-07,
k1_off_lpt,mixed_20260816_131535__mixed_realistic_bell_ltrand0-5,ful_calibrated,fulfillment,uni_cluster_map_norsl,cluster_map,non-conveyable|food|medium|pallet,51438,3000,False,False,greedy_gate,3.00002284348011e-07,
k1_off_lpt,mixed_20260816_131535__mixed_realistic_bell_ltrand0-5,ful_calibrated,fulfillment,uni_cluster_map_norsl,cluster_map,non-conveyable|food|small|pallet,42966,2000,False,False,greedy_gate,6.999907782301307e-07,
k1_off_lpt,mixed_20260816_131535__mixed_realistic_bell_ltrand0-5,ful_calibrated,fulfillment,uni_cluster_map_norsl,cluster_map,non-conveyable|electronic|singleton|singleton,3426,1500,False,False,greedy_gate,3.00002284348011e-07,
k1_off_lpt,mixed_20260816_131535__mixed_realistic_bell_ltrand0-5,ful_calibrated,fulfillment,uni_cluster_map_norsl,cluster_map,conveyable|seasonal|large|pallet,51738,2600,False,False,greedy_gate,3.00002284348011e-07,
k1_off_lpt,mixed_20260816_131535__mixed_realistic_bell_ltrand0-5,ful_calibrated,fulfillment,uni_cluster_map_norsl,cluster_map,non-conveyable|seasonal|small|pallet,6830,2000,False,False,greedy_gate,3.00002284348011e-07,
k1_off_lpt,mixed_20260816_131535__mixed_realistic_bell_ltrand0-5,ful_calibrated,fulfillment,uni_cluster_map_norsl,cluster_map,non-conveyable|seasonal|singleton|singleton,6667,1500,False,False,greedy_gate,2.00001522898674e-07,
k1_off_lpt,mixed_20260816_131535__mixed_realistic_bell_ltrand0-5,ful_calibrated,fulfillment,uni_cluster_map_norsl,cluster_map,non-conveyable|electronic|medium|pallet,3896,1000,False,True,greedy_gate,2.00001522898674e-07,
k1_off_lpt,mixed_20260816_131535__mixed_realistic_bell_ltrand0-5,ful_calibrated,fulfillment,uni_cluster_map_norsl,cluster_map,non-conveyable|seasonal|medium|pallet,15113,1000,False,False,greedy_gate,3.00002284348011e-07,
k1_off_lpt,mixed_20260816_131535__mixed_realistic_bell_ltrand0-5,ful_calibrated,fulfillment,uni_cluster_map_norsl,cluster_map,conveyable|furniture|extra_large|pallet,1648,500,False,True,greedy_gate,2.00001522898674e-07,
k1_off_lpt,mixed_20260816_131535__mixed_realistic_bell_ltrand0-5,ful_calibrated,fulfillment,uni_cluster_map_norsl,cluster_map,non-conveyable|chemical|small|pallet,705,1705,True,True,lap,0.3385870000056457,
k1_off_lpt,mixed_20260816_131535__mixed_realistic_bell_ltrand0-5,ful_calibrated,fulfillment,uni_cluster_map_norsl,cluster_map,non-conveyable|clothing|medium|pallet,14249,1000,False,False,greedy_gate,3.00002284348011e-07,
k1_off_lpt,mixed_20260816_131535__mixed_realistic_bell_ltrand0-5,ful_calibrated,fulfillment,uni_cluster_map_norsl,cluster_map,non-conveyable|food|singleton|singleton,4716,1500,False,False,greedy_gate,2.00001522898674e-07,
k1_off_lpt,mixed_20260816_131535__mixed_realistic_bell_ltrand0-5,ful_calibrated,fulfillment,uni_cluster_map_norsl,cluster_map,non-conveyable|clothing|singleton|singleton,512,1262,True,True,lap,0.1244079000025522,
k1_off_lpt,mixed_20260816_131535__mixed_realistic_bell_ltrand0-5,ful_calibrated,fulfillment,uni_cluster_map_norsl,cluster_map,non-conveyable|furniture|extra_large|pallet,6518,500,False,True,greedy_gate,3.00002284348011e-07,
k1_off_lpt,mixed_20260816_131535__mixed_realistic_bell_ltrand0-5,ful_calibrated,fulfillment,uni_cluster_map_norsl,cluster_map,conveyable|furniture|large|pallet,6414,650,False,False,greedy_gate,1.00000761449337e-07,
k1_off_lpt,mixed_20260816_131535__mixed_realistic_bell_ltrand0-5,ful_calibrated,fulfillment,uni_cluster_map_norsl,cluster_map,non-conveyable|seasonal|extra_large|pallet,7095,500,False,True,greedy_gate,2.00001522898674e-07,
k1_off_lpt,mixed_20260816_131535__mixed_realistic_bell_ltrand0-5,ful_calibrated,fulfillment,uni_cluster_map_norsl,cluster_map,non-conveyable|electronic|small|pallet,10505,2000,False,False,greedy_gate,2.00001522898674e-07,
k1_off_lpt,mixed_20260816_131535__mixed_realistic_bell_ltrand0-5,ful_calibrated,fulfillment,uni_cluster_map_norsl,cluster_map,conveyable|furniture|medium|pallet,206,612,True,True,lap,0.01332840000395663,
k1_off_lpt,mixed_20260816_131535__mixed_realistic_bell_ltrand0-5,ful_calibrated,fulfillment,uni_cluster_map_norsl,cluster_map,conveyable|clothing|large|pallet,7302,650,False,False,greedy_gate,2.00001522898674e-07,
k1_off_lpt,mixed_20260816_131535__mixed_realistic_bell_ltrand0-5,ful_calibrated,fulfillment,uni_cluster_map_norsl,cluster_map,non-conveyable|furniture|medium|pallet,729,1000,True,True,lap,0.21892359999765176,
k1_off_lpt,mixed_20260816_131535__mixed_realistic_bell_ltrand0-5,ful_calibrated,fulfillment,uni_cluster_map_norsl,cluster_map,non-conveyable|electronic|large|pallet,8619,650,False,False,greedy_gate,3.00002284348011e-07,
k1_off_lpt,mixed_20260816_131535__mixed_realistic_bell_ltrand0-5,ful_calibrated,fulfillment,uni_cluster_map_norsl,cluster_map,conveyable|chemical|large|pallet,30887,1950,False,False,greedy_gate,2.00001522898674e-07,
k1_off_lpt,mixed_20260816_131535__mixed_realistic_bell_ltrand0-5,ful_calibrated,fulfillment,uni_cluster_map_norsl,cluster_map,non-conveyable|chemical|large|pallet,46514,2600,False,False,greedy_gate,3.00002284348011e-07,
k1_off_lpt,mixed_20260816_131535__mixed_realistic_bell_ltrand0-5,ful_calibrated,fulfillment,uni_cluster_map_norsl,cluster_map,conveyable|electronic|extra_large|pallet,1695,500,False,True,greedy_gate,2.00001522898674e-07,
k1_off_lpt,mixed_20260816_131535__mixed_realistic_bell_ltrand0-5,ful_calibrated,fulfillment,uni_cluster_map_norsl,cluster_map,conveyable|seasonal|extra_large|pallet,11248,500,False,False,greedy_gate,2.00001522898674e-07,
k1_off_lpt,mixed_20260816_131535__mixed_realistic_bell_ltrand0-5,ful_calibrated,fulfillment,uni_cluster_map_norsl,cluster_map,conveyable|chemical|singleton|singleton,489,1239,True,True,lap,0.10668529999384191,
k1_off_lpt,mixed_20260816_131535__mixed_realistic_bell_ltrand0-5,ful_calibrated,fulfillment,uni_cluster_map_norsl,cluster_map,non-conveyable|clothing|small|pallet,524,1448,True,True,lap,0.16675319999922067,
k1_off_lpt,mixed_20260816_131535__mixed_realistic_bell_ltrand0-5,ful_calibrated,fulfillment,uni_cluster_map_norsl,cluster_map,non-conveyable|chemical|singleton|singleton,805,1500,True,True,lap,0.3650655999954324,
k1_off_lpt,mixed_20260816_131535__mixed_realistic_bell_ltrand0-5,ful_calibrated,fulfillment,uni_cluster_map_norsl,cluster_map,conveyable|chemical|small|pallet,397,1191,True,True,lap,0.08032459999958519,
k1_off_lpt,mixed_20260816_131535__mixed_realistic_bell_ltrand0-5,ful_calibrated,fulfillment,uni_cluster_map_norsl,cluster_map,non-conveyable|electronic|extra_large|pallet,61,183,True,True,lap,0.0006542999908560887,
k1_off_lpt,mixed_20260816_131535__mixed_realistic_bell_ltrand0-5,ful_calibrated,fulfillment,uni_cluster_map_norsl,cluster_map,non-conveyable|clothing|large|pallet,233,583,True,True,lap,0.01309890000266023,
k1_off_lpt,mixed_20260816_131535__mixed_realistic_bell_ltrand0-5,ful_calibrated,fulfillment,uni_cluster_map_rank_norsl,cluster_map_rank,fulfillment|fulfillment|ff_medium|fulfillment,1558546,74700,False,False,greedy_gate,4.00003045797348e-07,
k1_off_lpt,mixed_20260816_131535__mixed_realistic_bell_ltrand0-5,ful_calibrated,fulfillment,uni_cluster_map_rank_norsl,cluster_map_rank,conveyable|clothing|medium|pallet,459066,25000,False,False,greedy_gate,2.00001522898674e-07,
k1_off_lpt,mixed_20260816_131535__mixed_realistic_bell_ltrand0-5,ful_calibrated,fulfillment,uni_cluster_map_rank_norsl,cluster_map_rank,conveyable|clothing|singleton|singleton,16047,1500,False,False,greedy_gate,3.00002284348011e-07,
k1_off_lpt,mixed_20260816_131535__mixed_realistic_bell_ltrand0-5,ful_calibrated,fulfillment,uni_cluster_map_rank_norsl,cluster_map_rank,conveyable|electronic|medium|pallet,48391,3000,False,False,greedy_gate,2.9998773243278265e-07,
k1_off_lpt,mixed_20260816_131535__mixed_realistic_bell_ltrand0-5,ful_calibrated,fulfillment,uni_cluster_map_rank_norsl,cluster_map_rank,conveyable|seasonal|medium|pallet,23648,1000,False,False,greedy_gate,2.00001522898674e-07,
k1_off_lpt,mixed_20260816_131535__mixed_realistic_bell_ltrand0-5,ful_calibrated,fulfillment,uni_cluster_map_rank_norsl,cluster_map_rank,fulfillment|fulfillment|ff_large|fulfillment,679203,49800,False,False,greedy_gate,1.1999945854768157e-06,
k1_off_lpt,mixed_20260816_131535__mixed_realistic_bell_ltrand0-5,ful_calibrated,fulfillment,uni_cluster_map_rank_norsl,cluster_map_rank,fulfillment|fulfillment|ff_small|fulfillment,216173,124200,False,False,greedy_gate,1.00000761449337e-07,
k1_off_lpt,mixed_20260816_131535__mixed_realistic_bell_ltrand0-5,ful_calibrated,fulfillment,uni_cluster_map_rank_norsl,cluster_map_rank,non-conveyable|chemical|medium|pallet,278040,15000,False,False,greedy_gate,5.00003807246685e-07,
k1_off_lpt,mixed_20260816_131535__mixed_realistic_bell_ltrand0-5,ful_calibrated,fulfillment,uni_cluster_map_rank_norsl,cluster_map_rank,non-conveyable|furniture|large|pallet,26467,1300,False,False,greedy_gate,5.00003807246685e-07,
k1_off_lpt,mixed_20260816_131535__mixed_realistic_bell_ltrand0-5,ful_calibrated,fulfillment,uni_cluster_map_rank_norsl,cluster_map_rank,conveyable|food|medium|pallet,519600,19000,False,False,greedy_gate,7.00005330145359e-07,
k1_off_lpt,mixed_20260816_131535__mixed_realistic_bell_ltrand0-5,ful_calibrated,fulfillment,uni_cluster_map_rank_norsl,cluster_map_rank,conveyable|food|singleton|singleton,48068,1500,False,False,greedy_gate,9.00006853044033e-07,
k1_off_lpt,mixed_20260816_131535__mixed_realistic_bell_ltrand0-5,ful_calibrated,fulfillment,uni_cluster_map_rank_norsl,cluster_map_rank,conveyable|chemical|medium|pallet,187472,10000,False,False,greedy_gate,8.00006091594696e-07,
k1_off_lpt,mixed_20260816_131535__mixed_realistic_bell_ltrand0-5,ful_calibrated,fulfillment,uni_cluster_map_rank_norsl,cluster_map_rank,conveyable|food|small|pallet,436699,2000,False,False,greedy_gate,4.00003045797348e-07,
k1_off_lpt,mixed_20260816_131535__mixed_realistic_bell_ltrand0-5,ful_calibrated,fulfillment,uni_cluster_map_rank_norsl,cluster_map_rank,non-conveyable|seasonal|large|pallet,35111,1950,False,False,greedy_gate,4.00003045797348e-07,
k1_off_lpt,mixed_20260816_131535__mixed_realistic_bell_ltrand0-5,ful_calibrated,fulfillment,uni_cluster_map_rank_norsl,cluster_map_rank,conveyable|clothing|small|pallet,22691,2000,False,False,greedy_gate,2.00001522898674e-07,
k1_off_lpt,mixed_20260816_131535__mixed_realistic_bell_ltrand0-5,ful_calibrated,fulfillment,uni_cluster_map_rank_norsl,cluster_map_rank,conveyable|electronic|small|pallet,136401,2000,False,False,greedy_gate,3.00002284348011e-07,
k1_off_lpt,mixed_20260816_131535__mixed_realistic_bell_ltrand0-5,ful_calibrated,fulfillment,uni_cluster_map_rank_norsl,cluster_map_rank,conveyable|electronic|singleton|singleton,46527,1500,False,False,greedy_gate,6.00004568696022e-07,
k1_off_lpt,mixed_20260816_131535__mixed_realistic_bell_ltrand0-5,ful_calibrated,fulfillment,uni_cluster_map_rank_norsl,cluster_map_rank,conveyable|seasonal|small|pallet,10345,2000,False,False,greedy_gate,5.00003807246685e-07,
k1_off_lpt,mixed_20260816_131535__mixed_realistic_bell_ltrand0-5,ful_calibrated,fulfillment,uni_cluster_map_rank_norsl,cluster_map_rank,conveyable|seasonal|singleton|singleton,10032,1500,False,False,greedy_gate,3.00002284348011e-07,
k1_off_lpt,mixed_20260816_131535__mixed_realistic_bell_ltrand0-5,ful_calibrated,fulfillment,uni_cluster_map_rank_norsl,cluster_map_rank,conveyable|electronic|large|pallet,117322,6500,False,False,greedy_gate,3.00002284348011e-07,
k1_off_lpt,mixed_20260816_131535__mixed_realistic_bell_ltrand0-5,ful_calibrated,fulfillment,uni_cluster_map_rank_norsl,cluster_map_rank,non-conveyable|food|medium|pallet,51438,3000,False,False,greedy_gate,3.00002284348011e-07,
k1_off_lpt,mixed_20260816_131535__mixed_realistic_bell_ltrand0-5,ful_calibrated,fulfillment,uni_cluster_map_rank_norsl,cluster_map_rank,non-conveyable|food|small|pallet,42966,2000,False,False,greedy_gate,3.00002284348011e-07,
k1_off_lpt,mixed_20260816_131535__mixed_realistic_bell_ltrand0-5,ful_calibrated,fulfillment,uni_cluster_map_rank_norsl,cluster_map_rank,non-conveyable|electronic|singleton|singleton,3426,1500,False,False,greedy_gate,2.00001522898674e-07,
k1_off_lpt,mixed_20260816_131535__mixed_realistic_bell_ltrand0-5,ful_calibrated,fulfillment,uni_cluster_map_rank_norsl,cluster_map_rank,conveyable|seasonal|large|pallet,51738,2600,False,False,greedy_gate,1.00000761449337e-07,
k1_off_lpt,mixed_20260816_131535__mixed_realistic_bell_ltrand0-5,ful_calibrated,fulfillment,uni_cluster_map_rank_norsl,cluster_map_rank,non-conveyable|seasonal|small|pallet,6830,2000,False,False,greedy_gate,3.00002284348011e-07,
k1_off_lpt,mixed_20260816_131535__mixed_realistic_bell_ltrand0-5,ful_calibrated,fulfillment,uni_cluster_map_rank_norsl,cluster_map_rank,non-conveyable|seasonal|singleton|singleton,6667,1500,False,False,greedy_gate,2.00001522898674e-07,
k1_off_lpt,mixed_20260816_131535__mixed_realistic_bell_ltrand0-5,ful_calibrated,fulfillment,uni_cluster_map_rank_norsl,cluster_map_rank,non-conveyable|electronic|medium|pallet,3896,1000,False,True,greedy_gate,2.00001522898674e-07,
k1_off_lpt,mixed_20260816_131535__mixed_realistic_bell_ltrand0-5,ful_calibrated,fulfillment,uni_cluster_map_rank_norsl,cluster_map_rank,non-conveyable|seasonal|medium|pallet,15113,1000,False,False,greedy_gate,2.00001522898674e-07,
k1_off_lpt,mixed_20260816_131535__mixed_realistic_bell_ltrand0-5,ful_calibrated,fulfillment,uni_cluster_map_rank_norsl,cluster_map_rank,conveyable|furniture|extra_large|pallet,1648,500,False,True,greedy_gate,2.00001522898674e-07,
k1_off_lpt,mixed_20260816_131535__mixed_realistic_bell_ltrand0-5,ful_calibrated,fulfillment,uni_cluster_map_rank_norsl,cluster_map_rank,non-conveyable|chemical|small|pallet,705,1705,True,True,lap,0.3484580000076676,
k1_off_lpt,mixed_20260816_131535__mixed_realistic_bell_ltrand0-5,ful_calibrated,fulfillment,uni_cluster_map_rank_norsl,cluster_map_rank,non-conveyable|clothing|medium|pallet,14249,1000,False,False,greedy_gate,2.00001522898674e-07,
k1_off_lpt,mixed_20260816_131535__mixed_realistic_bell_ltrand0-5,ful_calibrated,fulfillment,uni_cluster_map_rank_norsl,cluster_map_rank,non-conveyable|food|singleton|singleton,4716,1500,False,False,greedy_gate,4.00003045797348e-07,
k1_off_lpt,mixed_20260816_131535__mixed_realistic_bell_ltrand0-5,ful_calibrated,fulfillment,uni_cluster_map_rank_norsl,cluster_map_rank,non-conveyable|clothing|singleton|singleton,512,1262,True,True,lap,0.12735739999334328,
k1_off_lpt,mixed_20260816_131535__mixed_realistic_bell_ltrand0-5,ful_calibrated,fulfillment,uni_cluster_map_rank_norsl,cluster_map_rank,non-conveyable|furniture|extra_large|pallet,6518,500,False,True,greedy_gate,3.00002284348011e-07,
k1_off_lpt,mixed_20260816_131535__mixed_realistic_bell_ltrand0-5,ful_calibrated,fulfillment,uni_cluster_map_rank_norsl,cluster_map_rank,conveyable|furniture|large|pallet,6414,650,False,False,greedy_gate,4.00003045797348e-07,
k1_off_lpt,mixed_20260816_131535__mixed_realistic_bell_ltrand0-5,ful_calibrated,fulfillment,uni_cluster_map_rank_norsl,cluster_map_rank,non-conveyable|seasonal|extra_large|pallet,7095,500,False,True,greedy_gate,2.00001522898674e-07,
k1_off_lpt,mixed_20260816_131535__mixed_realistic_bell_ltrand0-5,ful_calibrated,fulfillment,uni_cluster_map_rank_norsl,cluster_map_rank,non-conveyable|electronic|small|pallet,10505,2000,False,False,greedy_gate,2.00001522898674e-07,
k1_off_lpt,mixed_20260816_131535__mixed_realistic_bell_ltrand0-5,ful_calibrated,fulfillment,uni_cluster_map_rank_norsl,cluster_map_rank,conveyable|furniture|medium|pallet,206,612,True,True,lap,0.013518399995518848,
k1_off_lpt,mixed_20260816_131535__mixed_realistic_bell_ltrand0-5,ful_calibrated,fulfillment,uni_cluster_map_rank_norsl,cluster_map_rank,conveyable|clothing|large|pallet,7302,650,False,False,greedy_gate,2.00001522898674e-07,
k1_off_lpt,mixed_20260816_131535__mixed_realistic_bell_ltrand0-5,ful_calibrated,fulfillment,uni_cluster_map_rank_norsl,cluster_map_rank,non-conveyable|furniture|medium|pallet,729,1000,True,True,lap,0.22545790000003763,
k1_off_lpt,mixed_20260816_131535__mixed_realistic_bell_ltrand0-5,ful_calibrated,fulfillment,uni_cluster_map_rank_norsl,cluster_map_rank,non-conveyable|electronic|large|pallet,8619,650,False,False,greedy_gate,3.00002284348011e-07,
k1_off_lpt,mixed_20260816_131535__mixed_realistic_bell_ltrand0-5,ful_calibrated,fulfillment,uni_cluster_map_rank_norsl,cluster_map_rank,conveyable|chemical|large|pallet,30887,1950,False,False,greedy_gate,3.00002284348011e-07,
k1_off_lpt,mixed_20260816_131535__mixed_realistic_bell_ltrand0-5,ful_calibrated,fulfillment,uni_cluster_map_rank_norsl,cluster_map_rank,non-conveyable|chemical|large|pallet,46514,2600,False,False,greedy_gate,3.00002284348011e-07,
k1_off_lpt,mixed_20260816_131535__mixed_realistic_bell_ltrand0-5,ful_calibrated,fulfillment,uni_cluster_map_rank_norsl,cluster_map_rank,conveyable|electronic|extra_large|pallet,1695,500,False,True,greedy_gate,2.00001522898674e-07,
k1_off_lpt,mixed_20260816_131535__mixed_realistic_bell_ltrand0-5,ful_calibrated,fulfillment,uni_cluster_map_rank_norsl,cluster_map_rank,conveyable|seasonal|extra_large|pallet,11248,500,False,False,greedy_gate,2.9998773243278265e-07,
k1_off_lpt,mixed_20260816_131535__mixed_realistic_bell_ltrand0-5,ful_calibrated,fulfillment,uni_cluster_map_rank_norsl,cluster_map_rank,conveyable|chemical|singleton|singleton,489,1239,True,True,lap,0.10743340000044554,
k1_off_lpt,mixed_20260816_131535__mixed_realistic_bell_ltrand0-5,ful_calibrated,fulfillment,uni_cluster_map_rank_norsl,cluster_map_rank,non-conveyable|clothing|small|pallet,524,1448,True,True,lap,0.16891059999761637,
k1_off_lpt,mixed_20260816_131535__mixed_realistic_bell_ltrand0-5,ful_calibrated,fulfillment,uni_cluster_map_rank_norsl,cluster_map_rank,non-conveyable|chemical|singleton|singleton,805,1500,True,True,lap,0.4377061999985017,
k1_off_lpt,mixed_20260816_131535__mixed_realistic_bell_ltrand0-5,ful_calibrated,fulfillment,uni_cluster_map_rank_norsl,cluster_map_rank,conveyable|chemical|small|pallet,397,1191,True,True,lap,0.08472070000425447,
k1_off_lpt,mixed_20260816_131535__mixed_realistic_bell_ltrand0-5,ful_calibrated,fulfillment,uni_cluster_map_rank_norsl,cluster_map_rank,non-conveyable|electronic|extra_large|pallet,61,183,True,True,lap,0.0006839999987278134,
k1_off_lpt,mixed_20260816_131535__mixed_realistic_bell_ltrand0-5,ful_calibrated,fulfillment,uni_cluster_map_rank_norsl,cluster_map_rank,non-conveyable|clothing|large|pallet,233,583,True,True,lap,0.013620099998661317,
k1_off_lpt,mixed_20260816_131535__mixed_realistic_bell_ltrand0-5,ful_calibrated,fulfillment,uni_map_norsl,map,fulfillment|fulfillment|ff_medium|fulfillment,1558546,74700,False,False,greedy_gate,2.00001522898674e-07,
k1_off_lpt,mixed_20260816_131535__mixed_realistic_bell_ltrand0-5,ful_calibrated,fulfillment,uni_map_norsl,map,conveyable|clothing|medium|pallet,459066,25000,False,False,greedy_gate,5.00003807246685e-07,
k1_off_lpt,mixed_20260816_131535__mixed_realistic_bell_ltrand0-5,ful_calibrated,fulfillment,uni_map_norsl,map,conveyable|clothing|singleton|singleton,16047,1500,False,False,greedy_gate,5.00003807246685e-07,
k1_off_lpt,mixed_20260816_131535__mixed_realistic_bell_ltrand0-5,ful_calibrated,fulfillment,uni_map_norsl,map,conveyable|electronic|medium|pallet,48391,3000,False,False,greedy_gate,4.00003045797348e-07,
k1_off_lpt,mixed_20260816_131535__mixed_realistic_bell_ltrand0-5,ful_calibrated,fulfillment,uni_map_norsl,map,conveyable|seasonal|medium|pallet,23648,1000,False,False,greedy_gate,3.00002284348011e-07,
k1_off_lpt,mixed_20260816_131535__mixed_realistic_bell_ltrand0-5,ful_calibrated,fulfillment,uni_map_norsl,map,fulfillment|fulfillment|ff_large|fulfillment,679203,49800,False,False,greedy_gate,5.00003807246685e-07,
k1_off_lpt,mixed_20260816_131535__mixed_realistic_bell_ltrand0-5,ful_calibrated,fulfillment,uni_map_norsl,map,fulfillment|fulfillment|ff_small|fulfillment,216173,124200,False,False,greedy_gate,7.00005330145359e-07,
k1_off_lpt,mixed_20260816_131535__mixed_realistic_bell_ltrand0-5,ful_calibrated,fulfillment,uni_map_norsl,map,non-conveyable|chemical|medium|pallet,278040,15000,False,False,greedy_gate,6.00004568696022e-07,
k1_off_lpt,mixed_20260816_131535__mixed_realistic_bell_ltrand0-5,ful_calibrated,fulfillment,uni_map_norsl,map,non-conveyable|furniture|large|pallet,26467,1300,False,False,greedy_gate,6.999907782301307e-07,
k1_off_lpt,mixed_20260816_131535__mixed_realistic_bell_ltrand0-5,ful_calibrated,fulfillment,uni_map_norsl,map,conveyable|food|medium|pallet,519600,19000,False,False,greedy_gate,3.00002284348011e-07,
k1_off_lpt,mixed_20260816_131535__mixed_realistic_bell_ltrand0-5,ful_calibrated,fulfillment,uni_map_norsl,map,conveyable|food|singleton|singleton,48068,1500,False,False,greedy_gate,6.00004568696022e-07,
k1_off_lpt,mixed_20260816_131535__mixed_realistic_bell_ltrand0-5,ful_calibrated,fulfillment,uni_map_norsl,map,conveyable|chemical|medium|pallet,187472,10000,False,False,greedy_gate,9.999930625781417e-07,
k1_off_lpt,mixed_20260816_131535__mixed_realistic_bell_ltrand0-5,ful_calibrated,fulfillment,uni_map_norsl,map,conveyable|food|small|pallet,436699,2000,False,False,greedy_gate,5.999900167807937e-07,
k1_off_lpt,mixed_20260816_131535__mixed_realistic_bell_ltrand0-5,ful_calibrated,fulfillment,uni_map_norsl,map,non-conveyable|seasonal|large|pallet,35111,1950,False,False,greedy_gate,5.00003807246685e-07,
k1_off_lpt,mixed_20260816_131535__mixed_realistic_bell_ltrand0-5,ful_calibrated,fulfillment,uni_map_norsl,map,conveyable|clothing|small|pallet,22691,2000,False,False,greedy_gate,4.00003045797348e-07,
k1_off_lpt,mixed_20260816_131535__mixed_realistic_bell_ltrand0-5,ful_calibrated,fulfillment,uni_map_norsl,map,conveyable|electronic|small|pallet,136401,2000,False,False,greedy_gate,3.00002284348011e-07,
k1_off_lpt,mixed_20260816_131535__mixed_realistic_bell_ltrand0-5,ful_calibrated,fulfillment,uni_map_norsl,map,conveyable|electronic|singleton|singleton,46527,1500,False,False,greedy_gate,4.00003045797348e-07,
k1_off_lpt,mixed_20260816_131535__mixed_realistic_bell_ltrand0-5,ful_calibrated,fulfillment,uni_map_norsl,map,conveyable|seasonal|small|pallet,10345,2000,False,False,greedy_gate,3.00002284348011e-07,
k1_off_lpt,mixed_20260816_131535__mixed_realistic_bell_ltrand0-5,ful_calibrated,fulfillment,uni_map_norsl,map,conveyable|seasonal|singleton|singleton,10032,1500,False,False,greedy_gate,1.9998697098344564e-07,
k1_off_lpt,mixed_20260816_131535__mixed_realistic_bell_ltrand0-5,ful_calibrated,fulfillment,uni_map_norsl,map,conveyable|electronic|large|pallet,117322,6500,False,False,greedy_gate,3.00002284348011e-07,
k1_off_lpt,mixed_20260816_131535__mixed_realistic_bell_ltrand0-5,ful_calibrated,fulfillment,uni_map_norsl,map,non-conveyable|food|medium|pallet,51438,3000,False,False,greedy_gate,6.00004568696022e-07,
k1_off_lpt,mixed_20260816_131535__mixed_realistic_bell_ltrand0-5,ful_calibrated,fulfillment,uni_map_norsl,map,non-conveyable|food|small|pallet,42966,2000,False,False,greedy_gate,3.00002284348011e-07,
k1_off_lpt,mixed_20260816_131535__mixed_realistic_bell_ltrand0-5,ful_calibrated,fulfillment,uni_map_norsl,map,non-conveyable|electronic|singleton|singleton,3426,1500,False,False,greedy_gate,2.00001522898674e-07,
k1_off_lpt,mixed_20260816_131535__mixed_realistic_bell_ltrand0-5,ful_calibrated,fulfillment,uni_map_norsl,map,conveyable|seasonal|large|pallet,51738,2600,False,False,greedy_gate,3.00002284348011e-07,
k1_off_lpt,mixed_20260816_131535__mixed_realistic_bell_ltrand0-5,ful_calibrated,fulfillment,uni_map_norsl,map,non-conveyable|seasonal|small|pallet,6830,2000,False,False,greedy_gate,3.00002284348011e-07,
k1_off_lpt,mixed_20260816_131535__mixed_realistic_bell_ltrand0-5,ful_calibrated,fulfillment,uni_map_norsl,map,non-conveyable|seasonal|singleton|singleton,6667,1500,False,False,greedy_gate,2.00001522898674e-07,
k1_off_lpt,mixed_20260816_131535__mixed_realistic_bell_ltrand0-5,ful_calibrated,fulfillment,uni_map_norsl,map,non-conveyable|electronic|medium|pallet,3896,1000,False,True,greedy_gate,2.00001522898674e-07,
k1_off_lpt,mixed_20260816_131535__mixed_realistic_bell_ltrand0-5,ful_calibrated,fulfillment,uni_map_norsl,map,non-conveyable|seasonal|medium|pallet,15113,1000,False,False,greedy_gate,1.9998697098344564e-07,
k1_off_lpt,mixed_20260816_131535__mixed_realistic_bell_ltrand0-5,ful_calibrated,fulfillment,uni_map_norsl,map,conveyable|furniture|extra_large|pallet,1648,500,False,True,greedy_gate,2.00001522898674e-07,
k1_off_lpt,mixed_20260816_131535__mixed_realistic_bell_ltrand0-5,ful_calibrated,fulfillment,uni_map_norsl,map,non-conveyable|chemical|small|pallet,705,1705,True,True,lap,0.3507842000108212,
k1_off_lpt,mixed_20260816_131535__mixed_realistic_bell_ltrand0-5,ful_calibrated,fulfillment,uni_map_norsl,map,non-conveyable|clothing|medium|pallet,14249,1000,False,False,greedy_gate,3.00002284348011e-07,
k1_off_lpt,mixed_20260816_131535__mixed_realistic_bell_ltrand0-5,ful_calibrated,fulfillment,uni_map_norsl,map,non-conveyable|food|singleton|singleton,4716,1500,False,False,greedy_gate,1.9998697098344564e-07,
k1_off_lpt,mixed_20260816_131535__mixed_realistic_bell_ltrand0-5,ful_calibrated,fulfillment,uni_map_norsl,map,non-conveyable|clothing|singleton|singleton,512,1262,True,True,lap,0.12690289999591187,
k1_off_lpt,mixed_20260816_131535__mixed_realistic_bell_ltrand0-5,ful_calibrated,fulfillment,uni_map_norsl,map,non-conveyable|furniture|extra_large|pallet,6518,500,False,True,greedy_gate,2.00001522898674e-07,
k1_off_lpt,mixed_20260816_131535__mixed_realistic_bell_ltrand0-5,ful_calibrated,fulfillment,uni_map_norsl,map,conveyable|furniture|large|pallet,6414,650,False,False,greedy_gate,2.00001522898674e-07,
k1_off_lpt,mixed_20260816_131535__mixed_realistic_bell_ltrand0-5,ful_calibrated,fulfillment,uni_map_norsl,map,non-conveyable|seasonal|extra_large|pallet,7095,500,False,True,greedy_gate,2.00001522898674e-07,
k1_off_lpt,mixed_20260816_131535__mixed_realistic_bell_ltrand0-5,ful_calibrated,fulfillment,uni_map_norsl,map,non-conveyable|electronic|small|pallet,10505,2000,False,False,greedy_gate,2.00001522898674e-07,
k1_off_lpt,mixed_20260816_131535__mixed_realistic_bell_ltrand0-5,ful_calibrated,fulfillment,uni_map_norsl,map,conveyable|furniture|medium|pallet,206,612,True,True,lap,0.014070000004721805,
k1_off_lpt,mixed_20260816_131535__mixed_realistic_bell_ltrand0-5,ful_calibrated,fulfillment,uni_map_norsl,map,conveyable|clothing|large|pallet,7302,650,False,False,greedy_gate,2.00001522898674e-07,
k1_off_lpt,mixed_20260816_131535__mixed_realistic_bell_ltrand0-5,ful_calibrated,fulfillment,uni_map_norsl,map,non-conveyable|furniture|medium|pallet,729,1000,True,True,lap,0.23771149999811314,
k1_off_lpt,mixed_20260816_131535__mixed_realistic_bell_ltrand0-5,ful_calibrated,fulfillment,uni_map_norsl,map,non-conveyable|electronic|large|pallet,8619,650,False,False,greedy_gate,2.00001522898674e-07,
k1_off_lpt,mixed_20260816_131535__mixed_realistic_bell_ltrand0-5,ful_calibrated,fulfillment,uni_map_norsl,map,conveyable|chemical|large|pallet,30887,1950,False,False,greedy_gate,2.00001522898674e-07,
k1_off_lpt,mixed_20260816_131535__mixed_realistic_bell_ltrand0-5,ful_calibrated,fulfillment,uni_map_norsl,map,non-conveyable|chemical|large|pallet,46514,2600,False,False,greedy_gate,3.00002284348011e-07,
k1_off_lpt,mixed_20260816_131535__mixed_realistic_bell_ltrand0-5,ful_calibrated,fulfillment,uni_map_norsl,map,conveyable|electronic|extra_large|pallet,1695,500,False,True,greedy_gate,1.9998697098344564e-07,
k1_off_lpt,mixed_20260816_131535__mixed_realistic_bell_ltrand0-5,ful_calibrated,fulfillment,uni_map_norsl,map,conveyable|seasonal|extra_large|pallet,11248,500,False,False,greedy_gate,2.00001522898674e-07,
k1_off_lpt,mixed_20260816_131535__mixed_realistic_bell_ltrand0-5,ful_calibrated,fulfillment,uni_map_norsl,map,conveyable|chemical|singleton|singleton,489,1239,True,True,lap,0.10529819999646861,
k1_off_lpt,mixed_20260816_131535__mixed_realistic_bell_ltrand0-5,ful_calibrated,fulfillment,uni_map_norsl,map,non-conveyable|clothing|small|pallet,524,1448,True,True,lap,0.1662438000057591,
k1_off_lpt,mixed_20260816_131535__mixed_realistic_bell_ltrand0-5,ful_calibrated,fulfillment,uni_map_norsl,map,non-conveyable|chemical|singleton|singleton,805,1500,True,True,lap,0.3599328999989666,
k1_off_lpt,mixed_20260816_131535__mixed_realistic_bell_ltrand0-5,ful_calibrated,fulfillment,uni_map_norsl,map,conveyable|chemical|small|pallet,397,1191,True,True,lap,0.08135269999911543,
k1_off_lpt,mixed_20260816_131535__mixed_realistic_bell_ltrand0-5,ful_calibrated,fulfillment,uni_map_norsl,map,non-conveyable|electronic|extra_large|pallet,61,183,True,True,lap,0.0006928999937372282,
k1_off_lpt,mixed_20260816_131535__mixed_realistic_bell_ltrand0-5,ful_calibrated,fulfillment,uni_map_norsl,map,non-conveyable|clothing|large|pallet,233,583,True,True,lap,0.013105499994708225,
k1_off_lpt,mixed_20260816_131535__mixed_realistic_bell_ltrand0-5,ful_calibrated,fulfillment,uni_map_rank_norsl,map_rank,fulfillment|fulfillment|ff_medium|fulfillment,1558546,74700,False,False,greedy_gate,1.00000761449337e-07,
k1_off_lpt,mixed_20260816_131535__mixed_realistic_bell_ltrand0-5,ful_calibrated,fulfillment,uni_map_rank_norsl,map_rank,conveyable|clothing|medium|pallet,459066,25000,False,False,greedy_gate,4.00003045797348e-07,
k1_off_lpt,mixed_20260816_131535__mixed_realistic_bell_ltrand0-5,ful_calibrated,fulfillment,uni_map_rank_norsl,map_rank,conveyable|clothing|singleton|singleton,16047,1500,False,False,greedy_gate,5.00003807246685e-07,
k1_off_lpt,mixed_20260816_131535__mixed_realistic_bell_ltrand0-5,ful_calibrated,fulfillment,uni_map_rank_norsl,map_rank,conveyable|electronic|medium|pallet,48391,3000,False,False,greedy_gate,1.00000761449337e-07,
k1_off_lpt,mixed_20260816_131535__mixed_realistic_bell_ltrand0-5,ful_calibrated,fulfillment,uni_map_rank_norsl,map_rank,conveyable|seasonal|medium|pallet,23648,1000,False,False,greedy_gate,1.9998697098344564e-07,
k1_off_lpt,mixed_20260816_131535__mixed_realistic_bell_ltrand0-5,ful_calibrated,fulfillment,uni_map_rank_norsl,map_rank,fulfillment|fulfillment|ff_large|fulfillment,679203,49800,False,False,greedy_gate,5.999900167807937e-07,
k1_off_lpt,mixed_20260816_131535__mixed_realistic_bell_ltrand0-5,ful_calibrated,fulfillment,uni_map_rank_norsl,map_rank,fulfillment|fulfillment|ff_small|fulfillment,216173,124200,False,False,greedy_gate,6.00004568696022e-07,
k1_off_lpt,mixed_20260816_131535__mixed_realistic_bell_ltrand0-5,ful_calibrated,fulfillment,uni_map_rank_norsl,map_rank,non-conveyable|chemical|medium|pallet,278040,15000,False,False,greedy_gate,8.00006091594696e-07,
k1_off_lpt,mixed_20260816_131535__mixed_realistic_bell_ltrand0-5,ful_calibrated,fulfillment,uni_map_rank_norsl,map_rank,non-conveyable|furniture|large|pallet,26467,1300,False,False,greedy_gate,5.00003807246685e-07,
k1_off_lpt,mixed_20260816_131535__mixed_realistic_bell_ltrand0-5,ful_calibrated,fulfillment,uni_map_rank_norsl,map_rank,conveyable|food|medium|pallet,519600,19000,False,False,greedy_gate,5.999900167807937e-07,
k1_off_lpt,mixed_20260816_131535__mixed_realistic_bell_ltrand0-5,ful_calibrated,fulfillment,uni_map_rank_norsl,map_rank,conveyable|food|singleton|singleton,48068,1500,False,False,greedy_gate,4.999892553314567e-07,
k1_off_lpt,mixed_20260816_131535__mixed_realistic_bell_ltrand0-5,ful_calibrated,fulfillment,uni_map_rank_norsl,map_rank,conveyable|chemical|medium|pallet,187472,10000,False,False,greedy_gate,4.00003045797348e-07,
k1_off_lpt,mixed_20260816_131535__mixed_realistic_bell_ltrand0-5,ful_calibrated,fulfillment,uni_map_rank_norsl,map_rank,conveyable|food|small|pallet,436699,2000,False,False,greedy_gate,5.00003807246685e-07,
k1_off_lpt,mixed_20260816_131535__mixed_realistic_bell_ltrand0-5,ful_calibrated,fulfillment,uni_map_rank_norsl,map_rank,non-conveyable|seasonal|large|pallet,35111,1950,False,False,greedy_gate,4.00003045797348e-07,
k1_off_lpt,mixed_20260816_131535__mixed_realistic_bell_ltrand0-5,ful_calibrated,fulfillment,uni_map_rank_norsl,map_rank,conveyable|clothing|small|pallet,22691,2000,False,False,greedy_gate,4.00003045797348e-07,
k1_off_lpt,mixed_20260816_131535__mixed_realistic_bell_ltrand0-5,ful_calibrated,fulfillment,uni_map_rank_norsl,map_rank,conveyable|electronic|small|pallet,136401,2000,False,False,greedy_gate,2.9998773243278265e-07,
k1_off_lpt,mixed_20260816_131535__mixed_realistic_bell_ltrand0-5,ful_calibrated,fulfillment,uni_map_rank_norsl,map_rank,conveyable|electronic|singleton|singleton,46527,1500,False,False,greedy_gate,4.00003045797348e-07,
k1_off_lpt,mixed_20260816_131535__mixed_realistic_bell_ltrand0-5,ful_calibrated,fulfillment,uni_map_rank_norsl,map_rank,conveyable|seasonal|small|pallet,10345,2000,False,False,greedy_gate,4.00003045797348e-07,
k1_off_lpt,mixed_20260816_131535__mixed_realistic_bell_ltrand0-5,ful_calibrated,fulfillment,uni_map_rank_norsl,map_rank,conveyable|seasonal|singleton|singleton,10032,1500,False,False,greedy_gate,5.999900167807937e-07,
k1_off_lpt,mixed_20260816_131535__mixed_realistic_bell_ltrand0-5,ful_calibrated,fulfillment,uni_map_rank_norsl,map_rank,conveyable|electronic|large|pallet,117322,6500,False,False,greedy_gate,5.00003807246685e-07,
k1_off_lpt,mixed_20260816_131535__mixed_realistic_bell_ltrand0-5,ful_calibrated,fulfillment,uni_map_rank_norsl,map_rank,non-conveyable|food|medium|pallet,51438,3000,False,False,greedy_gate,4.00003045797348e-07,
k1_off_lpt,mixed_20260816_131535__mixed_realistic_bell_ltrand0-5,ful_calibrated,fulfillment,uni_map_rank_norsl,map_rank,non-conveyable|food|small|pallet,42966,2000,False,False,greedy_gate,4.00003045797348e-07,
k1_off_lpt,mixed_20260816_131535__mixed_realistic_bell_ltrand0-5,ful_calibrated,fulfillment,uni_map_rank_norsl,map_rank,non-conveyable|electronic|singleton|singleton,3426,1500,False,False,greedy_gate,2.00001522898674e-07,
k1_off_lpt,mixed_20260816_131535__mixed_realistic_bell_ltrand0-5,ful_calibrated,fulfillment,uni_map_rank_norsl,map_rank,conveyable|seasonal|large|pallet,51738,2600,False,False,greedy_gate,2.9998773243278265e-07,
k1_off_lpt,mixed_20260816_131535__mixed_realistic_bell_ltrand0-5,ful_calibrated,fulfillment,uni_map_rank_norsl,map_rank,non-conveyable|seasonal|small|pallet,6830,2000,False,False,greedy_gate,3.00002284348011e-07,
k1_off_lpt,mixed_20260816_131535__mixed_realistic_bell_ltrand0-5,ful_calibrated,fulfillment,uni_map_rank_norsl,map_rank,non-conveyable|seasonal|singleton|singleton,6667,1500,False,False,greedy_gate,4.00003045797348e-07,
k1_off_lpt,mixed_20260816_131535__mixed_realistic_bell_ltrand0-5,ful_calibrated,fulfillment,uni_map_rank_norsl,map_rank,non-conveyable|electronic|medium|pallet,3896,1000,False,True,greedy_gate,9.998620953410864e-08,
k1_off_lpt,mixed_20260816_131535__mixed_realistic_bell_ltrand0-5,ful_calibrated,fulfillment,uni_map_rank_norsl,map_rank,non-conveyable|seasonal|medium|pallet,15113,1000,False,False,greedy_gate,3.00002284348011e-07,
k1_off_lpt,mixed_20260816_131535__mixed_realistic_bell_ltrand0-5,ful_calibrated,fulfillment,uni_map_rank_norsl,map_rank,conveyable|furniture|extra_large|pallet,1648,500,False,True,greedy_gate,2.00001522898674e-07,
k1_off_lpt,mixed_20260816_131535__mixed_realistic_bell_ltrand0-5,ful_calibrated,fulfillment,uni_map_rank_norsl,map_rank,non-conveyable|chemical|small|pallet,705,1705,True,True,lap,0.3625242999987677,
k1_off_lpt,mixed_20260816_131535__mixed_realistic_bell_ltrand0-5,ful_calibrated,fulfillment,uni_map_rank_norsl,map_rank,non-conveyable|clothing|medium|pallet,14249,1000,False,False,greedy_gate,3.00002284348011e-07,
k1_off_lpt,mixed_20260816_131535__mixed_realistic_bell_ltrand0-5,ful_calibrated,fulfillment,uni_map_rank_norsl,map_rank,non-conveyable|food|singleton|singleton,4716,1500,False,False,greedy_gate,2.00001522898674e-07,
k1_off_lpt,mixed_20260816_131535__mixed_realistic_bell_ltrand0-5,ful_calibrated,fulfillment,uni_map_rank_norsl,map_rank,non-conveyable|clothing|singleton|singleton,512,1262,True,True,lap,0.12816599999496248,
k1_off_lpt,mixed_20260816_131535__mixed_realistic_bell_ltrand0-5,ful_calibrated,fulfillment,uni_map_rank_norsl,map_rank,non-conveyable|furniture|extra_large|pallet,6518,500,False,True,greedy_gate,3.00002284348011e-07,
k1_off_lpt,mixed_20260816_131535__mixed_realistic_bell_ltrand0-5,ful_calibrated,fulfillment,uni_map_rank_norsl,map_rank,conveyable|furniture|large|pallet,6414,650,False,False,greedy_gate,2.00001522898674e-07,
k1_off_lpt,mixed_20260816_131535__mixed_realistic_bell_ltrand0-5,ful_calibrated,fulfillment,uni_map_rank_norsl,map_rank,non-conveyable|seasonal|extra_large|pallet,7095,500,False,True,greedy_gate,1.00000761449337e-07,
k1_off_lpt,mixed_20260816_131535__mixed_realistic_bell_ltrand0-5,ful_calibrated,fulfillment,uni_map_rank_norsl,map_rank,non-conveyable|electronic|small|pallet,10505,2000,False,False,greedy_gate,2.00001522898674e-07,
k1_off_lpt,mixed_20260816_131535__mixed_realistic_bell_ltrand0-5,ful_calibrated,fulfillment,uni_map_rank_norsl,map_rank,conveyable|furniture|medium|pallet,206,612,True,True,lap,0.013540799991460517,
k1_off_lpt,mixed_20260816_131535__mixed_realistic_bell_ltrand0-5,ful_calibrated,fulfillment,uni_map_rank_norsl,map_rank,conveyable|clothing|large|pallet,7302,650,False,False,greedy_gate,2.00001522898674e-07,
k1_off_lpt,mixed_20260816_131535__mixed_realistic_bell_ltrand0-5,ful_calibrated,fulfillment,uni_map_rank_norsl,map_rank,non-conveyable|furniture|medium|pallet,729,1000,True,True,lap,0.2190268999984255,
k1_off_lpt,mixed_20260816_131535__mixed_realistic_bell_ltrand0-5,ful_calibrated,fulfillment,uni_map_rank_norsl,map_rank,non-conveyable|electronic|large|pallet,8619,650,False,False,greedy_gate,1.9998697098344564e-07,
k1_off_lpt,mixed_20260816_131535__mixed_realistic_bell_ltrand0-5,ful_calibrated,fulfillment,uni_map_rank_norsl,map_rank,conveyable|chemical|large|pallet,30887,1950,False,False,greedy_gate,2.00001522898674e-07,
k1_off_lpt,mixed_20260816_131535__mixed_realistic_bell_ltrand0-5,ful_calibrated,fulfillment,uni_map_rank_norsl,map_rank,non-conveyable|chemical|large|pallet,46514,2600,False,False,greedy_gate,3.00002284348011e-07,
k1_off_lpt,mixed_20260816_131535__mixed_realistic_bell_ltrand0-5,ful_calibrated,fulfillment,uni_map_rank_norsl,map_rank,conveyable|electronic|extra_large|pallet,1695,500,False,True,greedy_gate,2.00001522898674e-07,
k1_off_lpt,mixed_20260816_131535__mixed_realistic_bell_ltrand0-5,ful_calibrated,fulfillment,uni_map_rank_norsl,map_rank,conveyable|seasonal|extra_large|pallet,11248,500,False,False,greedy_gate,2.00001522898674e-07,
k1_off_lpt,mixed_20260816_131535__mixed_realistic_bell_ltrand0-5,ful_calibrated,fulfillment,uni_map_rank_norsl,map_rank,conveyable|chemical|singleton|singleton,489,1239,True,True,lap,0.10752960000536405,
k1_off_lpt,mixed_20260816_131535__mixed_realistic_bell_ltrand0-5,ful_calibrated,fulfillment,uni_map_rank_norsl,map_rank,non-conveyable|clothing|small|pallet,524,1448,True,True,lap,0.17626819999713916,
k1_off_lpt,mixed_20260816_131535__mixed_realistic_bell_ltrand0-5,ful_calibrated,fulfillment,uni_map_rank_norsl,map_rank,non-conveyable|chemical|singleton|singleton,805,1500,True,True,lap,0.5189935000089463,
k1_off_lpt,mixed_20260816_131535__mixed_realistic_bell_ltrand0-5,ful_calibrated,fulfillment,uni_map_rank_norsl,map_rank,conveyable|chemical|small|pallet,397,1191,True,True,lap,0.08126810000976548,
k1_off_lpt,mixed_20260816_131535__mixed_realistic_bell_ltrand0-5,ful_calibrated,fulfillment,uni_map_rank_norsl,map_rank,non-conveyable|electronic|extra_large|pallet,61,183,True,True,lap,0.0006869000062579289,
k1_off_lpt,mixed_20260816_131535__mixed_realistic_bell_ltrand0-5,ful_calibrated,fulfillment,uni_map_rank_norsl,map_rank,non-conveyable|clothing|large|pallet,233,583,True,True,lap,0.013378299991018139,
k1_off_lpt,mixed_20260816_131535__mixed_realistic_bell_ltrand0-5,store,store,uni_cluster_map_norsl,cluster_map,fulfillment|fulfillment|ff_medium|fulfillment,1558546,74700,False,False,greedy_gate,5.00003807246685e-07,
k1_off_lpt,mixed_20260816_131535__mixed_realistic_bell_ltrand0-5,store,store,uni_cluster_map_norsl,cluster_map,conveyable|clothing|medium|pallet,459066,25000,False,False,greedy_gate,3.00002284348011e-07,
k1_off_lpt,mixed_20260816_131535__mixed_realistic_bell_ltrand0-5,store,store,uni_cluster_map_norsl,cluster_map,conveyable|clothing|singleton|singleton,16047,1500,False,False,greedy_gate,4.00003045797348e-07,
k1_off_lpt,mixed_20260816_131535__mixed_realistic_bell_ltrand0-5,store,store,uni_cluster_map_norsl,cluster_map,conveyable|electronic|medium|pallet,48391,3000,False,False,greedy_gate,4.00003045797348e-07,
k1_off_lpt,mixed_20260816_131535__mixed_realistic_bell_ltrand0-5,store,store,uni_cluster_map_norsl,cluster_map,conveyable|seasonal|medium|pallet,23648,1000,False,False,greedy_gate,3.00002284348011e-07,
k1_off_lpt,mixed_20260816_131535__mixed_realistic_bell_ltrand0-5,store,store,uni_cluster_map_norsl,cluster_map,fulfillment|fulfillment|ff_large|fulfillment,679203,49800,False,False,greedy_gate,6.00004568696022e-07,
k1_off_lpt,mixed_20260816_131535__mixed_realistic_bell_ltrand0-5,store,store,uni_cluster_map_norsl,cluster_map,fulfillment|fulfillment|ff_small|fulfillment,216173,124200,False,False,greedy_gate,5.999900167807937e-07,
k1_off_lpt,mixed_20260816_131535__mixed_realistic_bell_ltrand0-5,store,store,uni_cluster_map_norsl,cluster_map,non-conveyable|chemical|medium|pallet,278040,15000,False,False,greedy_gate,7.999915396794677e-07,
k1_off_lpt,mixed_20260816_131535__mixed_realistic_bell_ltrand0-5,store,store,uni_cluster_map_norsl,cluster_map,non-conveyable|furniture|large|pallet,26467,1300,False,False,greedy_gate,5.00003807246685e-07,
k1_off_lpt,mixed_20260816_131535__mixed_realistic_bell_ltrand0-5,store,store,uni_cluster_map_norsl,cluster_map,conveyable|food|medium|pallet,519600,19000,False,False,greedy_gate,3.9998849388211966e-07,
k1_off_lpt,mixed_20260816_131535__mixed_realistic_bell_ltrand0-5,store,store,uni_cluster_map_norsl,cluster_map,conveyable|food|singleton|singleton,48068,1500,False,False,greedy_gate,6.00004568696022e-07,
k1_off_lpt,mixed_20260816_131535__mixed_realistic_bell_ltrand0-5,store,store,uni_cluster_map_norsl,cluster_map,conveyable|chemical|medium|pallet,187472,10000,False,False,greedy_gate,4.00003045797348e-07,
k1_off_lpt,mixed_20260816_131535__mixed_realistic_bell_ltrand0-5,store,store,uni_cluster_map_norsl,cluster_map,conveyable|food|small|pallet,436699,2000,False,False,greedy_gate,5.00003807246685e-07,
k1_off_lpt,mixed_20260816_131535__mixed_realistic_bell_ltrand0-5,store,store,uni_cluster_map_norsl,cluster_map,non-conveyable|seasonal|large|pallet,35111,1950,False,False,greedy_gate,5.00003807246685e-07,
k1_off_lpt,mixed_20260816_131535__mixed_realistic_bell_ltrand0-5,store,store,uni_cluster_map_norsl,cluster_map,conveyable|clothing|small|pallet,22691,2000,False,False,greedy_gate,3.00002284348011e-07,
k1_off_lpt,mixed_20260816_131535__mixed_realistic_bell_ltrand0-5,store,store,uni_cluster_map_norsl,cluster_map,conveyable|electronic|small|pallet,136401,2000,False,False,greedy_gate,3.00002284348011e-07,
k1_off_lpt,mixed_20260816_131535__mixed_realistic_bell_ltrand0-5,store,store,uni_cluster_map_norsl,cluster_map,conveyable|electronic|singleton|singleton,46527,1500,False,False,greedy_gate,4.00003045797348e-07,
k1_off_lpt,mixed_20260816_131535__mixed_realistic_bell_ltrand0-5,store,store,uni_cluster_map_norsl,cluster_map,conveyable|seasonal|small|pallet,10345,2000,False,False,greedy_gate,4.00003045797348e-07,
k1_off_lpt,mixed_20260816_131535__mixed_realistic_bell_ltrand0-5,store,store,uni_cluster_map_norsl,cluster_map,conveyable|seasonal|singleton|singleton,10032,1500,False,False,greedy_gate,2.00001522898674e-07,
k1_off_lpt,mixed_20260816_131535__mixed_realistic_bell_ltrand0-5,store,store,uni_cluster_map_norsl,cluster_map,conveyable|electronic|large|pallet,117322,6500,False,False,greedy_gate,4.00003045797348e-07,
k1_off_lpt,mixed_20260816_131535__mixed_realistic_bell_ltrand0-5,store,store,uni_cluster_map_norsl,cluster_map,non-conveyable|food|medium|pallet,51438,3000,False,False,greedy_gate,2.00001522898674e-07,
k1_off_lpt,mixed_20260816_131535__mixed_realistic_bell_ltrand0-5,store,store,uni_cluster_map_norsl,cluster_map,non-conveyable|food|small|pallet,42966,2000,False,False,greedy_gate,4.00003045797348e-07,
k1_off_lpt,mixed_20260816_131535__mixed_realistic_bell_ltrand0-5,store,store,uni_cluster_map_norsl,cluster_map,non-conveyable|electronic|singleton|singleton,3426,1500,False,False,greedy_gate,2.00001522898674e-07,
k1_off_lpt,mixed_20260816_131535__mixed_realistic_bell_ltrand0-5,store,store,uni_cluster_map_norsl,cluster_map,conveyable|seasonal|large|pallet,51738,2600,False,False,greedy_gate,2.00001522898674e-07,
k1_off_lpt,mixed_20260816_131535__mixed_realistic_bell_ltrand0-5,store,store,uni_cluster_map_norsl,cluster_map,non-conveyable|seasonal|small|pallet,6830,2000,False,False,greedy_gate,2.00001522898674e-07,
k1_off_lpt,mixed_20260816_131535__mixed_realistic_bell_ltrand0-5,store,store,uni_cluster_map_norsl,cluster_map,non-conveyable|seasonal|singleton|singleton,6667,1500,False,False,greedy_gate,3.00002284348011e-07,
k1_off_lpt,mixed_20260816_131535__mixed_realistic_bell_ltrand0-5,store,store,uni_cluster_map_norsl,cluster_map,non-conveyable|electronic|medium|pallet,3896,1000,False,True,greedy_gate,2.00001522898674e-07,
k1_off_lpt,mixed_20260816_131535__mixed_realistic_bell_ltrand0-5,store,store,uni_cluster_map_norsl,cluster_map,non-conveyable|seasonal|medium|pallet,15113,1000,False,False,greedy_gate,3.00002284348011e-07,
k1_off_lpt,mixed_20260816_131535__mixed_realistic_bell_ltrand0-5,store,store,uni_cluster_map_norsl,cluster_map,conveyable|furniture|extra_large|pallet,1648,500,False,True,greedy_gate,2.00001522898674e-07,
k1_off_lpt,mixed_20260816_131535__mixed_realistic_bell_ltrand0-5,store,store,uni_cluster_map_norsl,cluster_map,non-conveyable|chemical|small|pallet,705,1705,True,True,lap,0.36183779999555554,
k1_off_lpt,mixed_20260816_131535__mixed_realistic_bell_ltrand0-5,store,store,uni_cluster_map_norsl,cluster_map,non-conveyable|clothing|medium|pallet,14249,1000,False,False,greedy_gate,3.00002284348011e-07,
k1_off_lpt,mixed_20260816_131535__mixed_realistic_bell_ltrand0-5,store,store,uni_cluster_map_norsl,cluster_map,non-conveyable|food|singleton|singleton,4716,1500,False,False,greedy_gate,2.00001522898674e-07,
k1_off_lpt,mixed_20260816_131535__mixed_realistic_bell_ltrand0-5,store,store,uni_cluster_map_norsl,cluster_map,non-conveyable|clothing|singleton|singleton,512,1262,True,True,lap,0.11683379999885801,
k1_off_lpt,mixed_20260816_131535__mixed_realistic_bell_ltrand0-5,store,store,uni_cluster_map_norsl,cluster_map,non-conveyable|furniture|extra_large|pallet,6518,500,False,True,greedy_gate,3.00002284348011e-07,
k1_off_lpt,mixed_20260816_131535__mixed_realistic_bell_ltrand0-5,store,store,uni_cluster_map_norsl,cluster_map,conveyable|furniture|large|pallet,6414,650,False,False,greedy_gate,4.00003045797348e-07,
k1_off_lpt,mixed_20260816_131535__mixed_realistic_bell_ltrand0-5,store,store,uni_cluster_map_norsl,cluster_map,non-conveyable|seasonal|extra_large|pallet,7095,500,False,True,greedy_gate,1.9998697098344564e-07,
k1_off_lpt,mixed_20260816_131535__mixed_realistic_bell_ltrand0-5,store,store,uni_cluster_map_norsl,cluster_map,non-conveyable|electronic|small|pallet,10505,2000,False,False,greedy_gate,2.00001522898674e-07,
k1_off_lpt,mixed_20260816_131535__mixed_realistic_bell_ltrand0-5,store,store,uni_cluster_map_norsl,cluster_map,conveyable|furniture|medium|pallet,206,612,True,True,lap,0.011346700004651211,
k1_off_lpt,mixed_20260816_131535__mixed_realistic_bell_ltrand0-5,store,store,uni_cluster_map_norsl,cluster_map,conveyable|clothing|large|pallet,7302,650,False,False,greedy_gate,3.00002284348011e-07,
k1_off_lpt,mixed_20260816_131535__mixed_realistic_bell_ltrand0-5,store,store,uni_cluster_map_norsl,cluster_map,non-conveyable|furniture|medium|pallet,729,1000,True,True,lap,0.22840360000554938,
k1_off_lpt,mixed_20260816_131535__mixed_realistic_bell_ltrand0-5,store,store,uni_cluster_map_norsl,cluster_map,non-conveyable|electronic|large|pallet,8619,650,False,False,greedy_gate,1.00000761449337e-07,
k1_off_lpt,mixed_20260816_131535__mixed_realistic_bell_ltrand0-5,store,store,uni_cluster_map_norsl,cluster_map,conveyable|chemical|large|pallet,30887,1950,False,False,greedy_gate,2.00001522898674e-07,
k1_off_lpt,mixed_20260816_131535__mixed_realistic_bell_ltrand0-5,store,store,uni_cluster_map_norsl,cluster_map,non-conveyable|chemical|large|pallet,46514,2600,False,False,greedy_gate,1.00000761449337e-07,
k1_off_lpt,mixed_20260816_131535__mixed_realistic_bell_ltrand0-5,store,store,uni_cluster_map_norsl,cluster_map,conveyable|electronic|extra_large|pallet,1695,500,False,True,greedy_gate,1.00000761449337e-07,
k1_off_lpt,mixed_20260816_131535__mixed_realistic_bell_ltrand0-5,store,store,uni_cluster_map_norsl,cluster_map,conveyable|seasonal|extra_large|pallet,11248,500,False,False,greedy_gate,2.00001522898674e-07,
k1_off_lpt,mixed_20260816_131535__mixed_realistic_bell_ltrand0-5,store,store,uni_cluster_map_norsl,cluster_map,conveyable|chemical|singleton|singleton,489,1239,True,True,lap,0.11230920000525657,
k1_off_lpt,mixed_20260816_131535__mixed_realistic_bell_ltrand0-5,store,store,uni_cluster_map_norsl,cluster_map,non-conveyable|clothing|small|pallet,524,1448,True,True,lap,0.15943319999496453,
k1_off_lpt,mixed_20260816_131535__mixed_realistic_bell_ltrand0-5,store,store,uni_cluster_map_norsl,cluster_map,non-conveyable|chemical|singleton|singleton,805,1500,True,True,lap,0.3625245000002906,
k1_off_lpt,mixed_20260816_131535__mixed_realistic_bell_ltrand0-5,store,store,uni_cluster_map_norsl,cluster_map,conveyable|chemical|small|pallet,397,1191,True,True,lap,0.10218230000464246,
k1_off_lpt,mixed_20260816_131535__mixed_realistic_bell_ltrand0-5,store,store,uni_cluster_map_norsl,cluster_map,non-conveyable|electronic|extra_large|pallet,61,183,True,True,lap,0.0006964999920455739,
k1_off_lpt,mixed_20260816_131535__mixed_realistic_bell_ltrand0-5,store,store,uni_cluster_map_norsl,cluster_map,non-conveyable|clothing|large|pallet,233,583,True,True,lap,0.014372699995874427,
k1_off_lpt,mixed_20260816_131535__mixed_realistic_bell_ltrand0-5,store,store,uni_cluster_map_rank_norsl,cluster_map_rank,fulfillment|fulfillment|ff_medium|fulfillment,1558546,74700,False,False,greedy_gate,3.00002284348011e-07,
k1_off_lpt,mixed_20260816_131535__mixed_realistic_bell_ltrand0-5,store,store,uni_cluster_map_rank_norsl,cluster_map_rank,conveyable|clothing|medium|pallet,459066,25000,False,False,greedy_gate,4.999892553314567e-07,
k1_off_lpt,mixed_20260816_131535__mixed_realistic_bell_ltrand0-5,store,store,uni_cluster_map_rank_norsl,cluster_map_rank,conveyable|clothing|singleton|singleton,16047,1500,False,False,greedy_gate,5.00003807246685e-07,
k1_off_lpt,mixed_20260816_131535__mixed_realistic_bell_ltrand0-5,store,store,uni_cluster_map_rank_norsl,cluster_map_rank,conveyable|electronic|medium|pallet,48391,3000,False,False,greedy_gate,5.999900167807937e-07,
k1_off_lpt,mixed_20260816_131535__mixed_realistic_bell_ltrand0-5,store,store,uni_cluster_map_rank_norsl,cluster_map_rank,conveyable|seasonal|medium|pallet,23648,1000,False,False,greedy_gate,2.00001522898674e-07,
k1_off_lpt,mixed_20260816_131535__mixed_realistic_bell_ltrand0-5,store,store,uni_cluster_map_rank_norsl,cluster_map_rank,fulfillment|fulfillment|ff_large|fulfillment,679203,49800,False,False,greedy_gate,6.999907782301307e-07,
k1_off_lpt,mixed_20260816_131535__mixed_realistic_bell_ltrand0-5,store,store,uni_cluster_map_rank_norsl,cluster_map_rank,fulfillment|fulfillment|ff_small|fulfillment,216173,124200,False,False,greedy_gate,3.00002284348011e-07,
k1_off_lpt,mixed_20260816_131535__mixed_realistic_bell_ltrand0-5,store,store,uni_cluster_map_rank_norsl,cluster_map_rank,non-conveyable|chemical|medium|pallet,278040,15000,False,False,greedy_gate,8.999923011288047e-07,
k1_off_lpt,mixed_20260816_131535__mixed_realistic_bell_ltrand0-5,store,store,uni_cluster_map_rank_norsl,cluster_map_rank,non-conveyable|furniture|large|pallet,26467,1300,False,False,greedy_gate,3.00002284348011e-07,
k1_off_lpt,mixed_20260816_131535__mixed_realistic_bell_ltrand0-5,store,store,uni_cluster_map_rank_norsl,cluster_map_rank,conveyable|food|medium|pallet,519600,19000,False,False,greedy_gate,4.999892553314567e-07,
k1_off_lpt,mixed_20260816_131535__mixed_realistic_bell_ltrand0-5,store,store,uni_cluster_map_rank_norsl,cluster_map_rank,conveyable|food|singleton|singleton,48068,1500,False,False,greedy_gate,6.00004568696022e-07,
k1_off_lpt,mixed_20260816_131535__mixed_realistic_bell_ltrand0-5,store,store,uni_cluster_map_rank_norsl,cluster_map_rank,conveyable|chemical|medium|pallet,187472,10000,False,False,greedy_gate,3.00002284348011e-07,
k1_off_lpt,mixed_20260816_131535__mixed_realistic_bell_ltrand0-5,store,store,uni_cluster_map_rank_norsl,cluster_map_rank,conveyable|food|small|pallet,436699,2000,False,False,greedy_gate,6.00004568696022e-07,
k1_off_lpt,mixed_20260816_131535__mixed_realistic_bell_ltrand0-5,store,store,uni_cluster_map_rank_norsl,cluster_map_rank,non-conveyable|seasonal|large|pallet,35111,1950,False,False,greedy_gate,4.999892553314567e-07,
k1_off_lpt,mixed_20260816_131535__mixed_realistic_bell_ltrand0-5,store,store,uni_cluster_map_rank_norsl,cluster_map_rank,conveyable|clothing|small|pallet,22691,2000,False,False,greedy_gate,5.00003807246685e-07,
k1_off_lpt,mixed_20260816_131535__mixed_realistic_bell_ltrand0-5,store,store,uni_cluster_map_rank_norsl,cluster_map_rank,conveyable|electronic|small|pallet,136401,2000,False,False,greedy_gate,9.00006853044033e-07,
k1_off_lpt,mixed_20260816_131535__mixed_realistic_bell_ltrand0-5,store,store,uni_cluster_map_rank_norsl,cluster_map_rank,conveyable|electronic|singleton|singleton,46527,1500,False,False,greedy_gate,2.9998773243278265e-07,
k1_off_lpt,mixed_20260816_131535__mixed_realistic_bell_ltrand0-5,store,store,uni_cluster_map_rank_norsl,cluster_map_rank,conveyable|seasonal|small|pallet,10345,2000,False,False,greedy_gate,7.00005330145359e-07,
k1_off_lpt,mixed_20260816_131535__mixed_realistic_bell_ltrand0-5,store,store,uni_cluster_map_rank_norsl,cluster_map_rank,conveyable|seasonal|singleton|singleton,10032,1500,False,False,greedy_gate,2.00001522898674e-07,
k1_off_lpt,mixed_20260816_131535__mixed_realistic_bell_ltrand0-5,store,store,uni_cluster_map_rank_norsl,cluster_map_rank,conveyable|electronic|large|pallet,117322,6500,False,False,greedy_gate,3.00002284348011e-07,
k1_off_lpt,mixed_20260816_131535__mixed_realistic_bell_ltrand0-5,store,store,uni_cluster_map_rank_norsl,cluster_map_rank,non-conveyable|food|medium|pallet,51438,3000,False,False,greedy_gate,5.00003807246685e-07,
k1_off_lpt,mixed_20260816_131535__mixed_realistic_bell_ltrand0-5,store,store,uni_cluster_map_rank_norsl,cluster_map_rank,non-conveyable|food|small|pallet,42966,2000,False,False,greedy_gate,4.00003045797348e-07,
k1_off_lpt,mixed_20260816_131535__mixed_realistic_bell_ltrand0-5,store,store,uni_cluster_map_rank_norsl,cluster_map_rank,non-conveyable|electronic|singleton|singleton,3426,1500,False,False,greedy_gate,3.00002284348011e-07,
k1_off_lpt,mixed_20260816_131535__mixed_realistic_bell_ltrand0-5,store,store,uni_cluster_map_rank_norsl,cluster_map_rank,conveyable|seasonal|large|pallet,51738,2600,False,False,greedy_gate,9.00006853044033e-07,
k1_off_lpt,mixed_20260816_131535__mixed_realistic_bell_ltrand0-5,store,store,uni_cluster_map_rank_norsl,cluster_map_rank,non-conveyable|seasonal|small|pallet,6830,2000,False,False,greedy_gate,3.00002284348011e-07,
k1_off_lpt,mixed_20260816_131535__mixed_realistic_bell_ltrand0-5,store,store,uni_cluster_map_rank_norsl,cluster_map_rank,non-conveyable|seasonal|singleton|singleton,6667,1500,False,False,greedy_gate,3.00002284348011e-07,
k1_off_lpt,mixed_20260816_131535__mixed_realistic_bell_ltrand0-5,store,store,uni_cluster_map_rank_norsl,cluster_map_rank,non-conveyable|electronic|medium|pallet,3896,1000,False,True,greedy_gate,2.00001522898674e-07,
k1_off_lpt,mixed_20260816_131535__mixed_realistic_bell_ltrand0-5,store,store,uni_cluster_map_rank_norsl,cluster_map_rank,non-conveyable|seasonal|medium|pallet,15113,1000,False,False,greedy_gate,2.00001522898674e-07,
k1_off_lpt,mixed_20260816_131535__mixed_realistic_bell_ltrand0-5,store,store,uni_cluster_map_rank_norsl,cluster_map_rank,conveyable|furniture|extra_large|pallet,1648,500,False,True,greedy_gate,2.00001522898674e-07,
k1_off_lpt,mixed_20260816_131535__mixed_realistic_bell_ltrand0-5,store,store,uni_cluster_map_rank_norsl,cluster_map_rank,non-conveyable|chemical|small|pallet,705,1705,True,True,lap,0.43683690000034403,
k1_off_lpt,mixed_20260816_131535__mixed_realistic_bell_ltrand0-5,store,store,uni_cluster_map_rank_norsl,cluster_map_rank,non-conveyable|clothing|medium|pallet,14249,1000,False,False,greedy_gate,1.9998697098344564e-07,
k1_off_lpt,mixed_20260816_131535__mixed_realistic_bell_ltrand0-5,store,store,uni_cluster_map_rank_norsl,cluster_map_rank,non-conveyable|food|singleton|singleton,4716,1500,False,False,greedy_gate,2.00001522898674e-07,
k1_off_lpt,mixed_20260816_131535__mixed_realistic_bell_ltrand0-5,store,store,uni_cluster_map_rank_norsl,cluster_map_rank,non-conveyable|clothing|singleton|singleton,512,1262,True,True,lap,0.11598159999994095,
k1_off_lpt,mixed_20260816_131535__mixed_realistic_bell_ltrand0-5,store,store,uni_cluster_map_rank_norsl,cluster_map_rank,non-conveyable|furniture|extra_large|pallet,6518,500,False,True,greedy_gate,3.00002284348011e-07,
k1_off_lpt,mixed_20260816_131535__mixed_realistic_bell_ltrand0-5,store,store,uni_cluster_map_rank_norsl,cluster_map_rank,conveyable|furniture|large|pallet,6414,650,False,False,greedy_gate,3.00002284348011e-07,
k1_off_lpt,mixed_20260816_131535__mixed_realistic_bell_ltrand0-5,store,store,uni_cluster_map_rank_norsl,cluster_map_rank,non-conveyable|seasonal|extra_large|pallet,7095,500,False,True,greedy_gate,1.9998697098344564e-07,
k1_off_lpt,mixed_20260816_131535__mixed_realistic_bell_ltrand0-5,store,store,uni_cluster_map_rank_norsl,cluster_map_rank,non-conveyable|electronic|small|pallet,10505,2000,False,False,greedy_gate,2.00001522898674e-07,
k1_off_lpt,mixed_20260816_131535__mixed_realistic_bell_ltrand0-5,store,store,uni_cluster_map_rank_norsl,cluster_map_rank,conveyable|furniture|medium|pallet,206,612,True,True,lap,0.011723399991751648,
k1_off_lpt,mixed_20260816_131535__mixed_realistic_bell_ltrand0-5,store,store,uni_cluster_map_rank_norsl,cluster_map_rank,conveyable|clothing|large|pallet,7302,650,False,False,greedy_gate,2.00001522898674e-07,
k1_off_lpt,mixed_20260816_131535__mixed_realistic_bell_ltrand0-5,store,store,uni_cluster_map_rank_norsl,cluster_map_rank,non-conveyable|furniture|medium|pallet,729,1000,True,True,lap,0.23289529999601655,
k1_off_lpt,mixed_20260816_131535__mixed_realistic_bell_ltrand0-5,store,store,uni_cluster_map_rank_norsl,cluster_map_rank,non-conveyable|electronic|large|pallet,8619,650,False,False,greedy_gate,2.00001522898674e-07,
k1_off_lpt,mixed_20260816_131535__mixed_realistic_bell_ltrand0-5,store,store,uni_cluster_map_rank_norsl,cluster_map_rank,conveyable|chemical|large|pallet,30887,1950,False,False,greedy_gate,2.00001522898674e-07,
k1_off_lpt,mixed_20260816_131535__mixed_realistic_bell_ltrand0-5,store,store,uni_cluster_map_rank_norsl,cluster_map_rank,non-conveyable|chemical|large|pallet,46514,2600,False,False,greedy_gate,2.9998773243278265e-07,
k1_off_lpt,mixed_20260816_131535__mixed_realistic_bell_ltrand0-5,store,store,uni_cluster_map_rank_norsl,cluster_map_rank,conveyable|electronic|extra_large|pallet,1695,500,False,True,greedy_gate,2.00001522898674e-07,
k1_off_lpt,mixed_20260816_131535__mixed_realistic_bell_ltrand0-5,store,store,uni_cluster_map_rank_norsl,cluster_map_rank,conveyable|seasonal|extra_large|pallet,11248,500,False,False,greedy_gate,2.00001522898674e-07,
k1_off_lpt,mixed_20260816_131535__mixed_realistic_bell_ltrand0-5,store,store,uni_cluster_map_rank_norsl,cluster_map_rank,conveyable|chemical|singleton|singleton,489,1239,True,True,lap,0.12138579999736976,
k1_off_lpt,mixed_20260816_131535__mixed_realistic_bell_ltrand0-5,store,store,uni_cluster_map_rank_norsl,cluster_map_rank,non-conveyable|clothing|small|pallet,524,1448,True,True,lap,0.16816430000471883,
k1_off_lpt,mixed_20260816_131535__mixed_realistic_bell_ltrand0-5,store,store,uni_cluster_map_rank_norsl,cluster_map_rank,non-conveyable|chemical|singleton|singleton,805,1500,True,True,lap,0.42722349999530707,
k1_off_lpt,mixed_20260816_131535__mixed_realistic_bell_ltrand0-5,store,store,uni_cluster_map_rank_norsl,cluster_map_rank,conveyable|chemical|small|pallet,397,1191,True,True,lap,0.08150289999321103,
k1_off_lpt,mixed_20260816_131535__mixed_realistic_bell_ltrand0-5,store,store,uni_cluster_map_rank_norsl,cluster_map_rank,non-conveyable|electronic|extra_large|pallet,61,183,True,True,lap,0.0006476999988080934,
k1_off_lpt,mixed_20260816_131535__mixed_realistic_bell_ltrand0-5,store,store,uni_cluster_map_rank_norsl,cluster_map_rank,non-conveyable|clothing|large|pallet,233,583,True,True,lap,0.01169500000833068,
k1_off_lpt,mixed_20260816_131535__mixed_realistic_bell_ltrand0-5,store,store,uni_map_norsl,map,fulfillment|fulfillment|ff_medium|fulfillment,1558546,74700,False,False,greedy_gate,4.00003045797348e-07,
k1_off_lpt,mixed_20260816_131535__mixed_realistic_bell_ltrand0-5,store,store,uni_map_norsl,map,conveyable|clothing|medium|pallet,459066,25000,False,False,greedy_gate,4.00003045797348e-07,
k1_off_lpt,mixed_20260816_131535__mixed_realistic_bell_ltrand0-5,store,store,uni_map_norsl,map,conveyable|clothing|singleton|singleton,16047,1500,False,False,greedy_gate,4.999892553314567e-07,
k1_off_lpt,mixed_20260816_131535__mixed_realistic_bell_ltrand0-5,store,store,uni_map_norsl,map,conveyable|electronic|medium|pallet,48391,3000,False,False,greedy_gate,7.00005330145359e-07,
k1_off_lpt,mixed_20260816_131535__mixed_realistic_bell_ltrand0-5,store,store,uni_map_norsl,map,conveyable|seasonal|medium|pallet,23648,1000,False,False,greedy_gate,3.00002284348011e-07,
k1_off_lpt,mixed_20260816_131535__mixed_realistic_bell_ltrand0-5,store,store,uni_map_norsl,map,fulfillment|fulfillment|ff_large|fulfillment,679203,49800,False,False,greedy_gate,6.00004568696022e-07,
k1_off_lpt,mixed_20260816_131535__mixed_realistic_bell_ltrand0-5,store,store,uni_map_norsl,map,fulfillment|fulfillment|ff_small|fulfillment,216173,124200,False,False,greedy_gate,1.200009137392044e-06,
k1_off_lpt,mixed_20260816_131535__mixed_realistic_bell_ltrand0-5,store,store,uni_map_norsl,map,non-conveyable|chemical|medium|pallet,278040,15000,False,False,greedy_gate,7.999915396794677e-07,
k1_off_lpt,mixed_20260816_131535__mixed_realistic_bell_ltrand0-5,store,store,uni_map_norsl,map,non-conveyable|furniture|large|pallet,26467,1300,False,False,greedy_gate,4.00003045797348e-07,
k1_off_lpt,mixed_20260816_131535__mixed_realistic_bell_ltrand0-5,store,store,uni_map_norsl,map,conveyable|food|medium|pallet,519600,19000,False,False,greedy_gate,4.999892553314567e-07,
k1_off_lpt,mixed_20260816_131535__mixed_realistic_bell_ltrand0-5,store,store,uni_map_norsl,map,conveyable|food|singleton|singleton,48068,1500,False,False,greedy_gate,3.00002284348011e-07,
k1_off_lpt,mixed_20260816_131535__mixed_realistic_bell_ltrand0-5,store,store,uni_map_norsl,map,conveyable|chemical|medium|pallet,187472,10000,False,False,greedy_gate,5.999900167807937e-07,
k1_off_lpt,mixed_20260816_131535__mixed_realistic_bell_ltrand0-5,store,store,uni_map_norsl,map,conveyable|food|small|pallet,436699,2000,False,False,greedy_gate,3.00002284348011e-07,
k1_off_lpt,mixed_20260816_131535__mixed_realistic_bell_ltrand0-5,store,store,uni_map_norsl,map,non-conveyable|seasonal|large|pallet,35111,1950,False,False,greedy_gate,4.00003045797348e-07,
k1_off_lpt,mixed_20260816_131535__mixed_realistic_bell_ltrand0-5,store,store,uni_map_norsl,map,conveyable|clothing|small|pallet,22691,2000,False,False,greedy_gate,4.00003045797348e-07,
k1_off_lpt,mixed_20260816_131535__mixed_realistic_bell_ltrand0-5,store,store,uni_map_norsl,map,conveyable|electronic|small|pallet,136401,2000,False,False,greedy_gate,2.9998773243278265e-07,
k1_off_lpt,mixed_20260816_131535__mixed_realistic_bell_ltrand0-5,store,store,uni_map_norsl,map,conveyable|electronic|singleton|singleton,46527,1500,False,False,greedy_gate,5.00003807246685e-07,
k1_off_lpt,mixed_20260816_131535__mixed_realistic_bell_ltrand0-5,store,store,uni_map_norsl,map,conveyable|seasonal|small|pallet,10345,2000,False,False,greedy_gate,4.00003045797348e-07,
k1_off_lpt,mixed_20260816_131535__mixed_realistic_bell_ltrand0-5,store,store,uni_map_norsl,map,conveyable|seasonal|singleton|singleton,10032,1500,False,False,greedy_gate,2.00001522898674e-07,
k1_off_lpt,mixed_20260816_131535__mixed_realistic_bell_ltrand0-5,store,store,uni_map_norsl,map,conveyable|electronic|large|pallet,117322,6500,False,False,greedy_gate,4.00003045797348e-07,
k1_off_lpt,mixed_20260816_131535__mixed_realistic_bell_ltrand0-5,store,store,uni_map_norsl,map,non-conveyable|food|medium|pallet,51438,3000,False,False,greedy_gate,5.00003807246685e-07,
k1_off_lpt,mixed_20260816_131535__mixed_realistic_bell_ltrand0-5,store,store,uni_map_norsl,map,non-conveyable|food|small|pallet,42966,2000,False,False,greedy_gate,2.9998773243278265e-07,
k1_off_lpt,mixed_20260816_131535__mixed_realistic_bell_ltrand0-5,store,store,uni_map_norsl,map,non-conveyable|electronic|singleton|singleton,3426,1500,False,False,greedy_gate,4.00003045797348e-07,
k1_off_lpt,mixed_20260816_131535__mixed_realistic_bell_ltrand0-5,store,store,uni_map_norsl,map,conveyable|seasonal|large|pallet,51738,2600,False,False,greedy_gate,2.00001522898674e-07,
k1_off_lpt,mixed_20260816_131535__mixed_realistic_bell_ltrand0-5,store,store,uni_map_norsl,map,non-conveyable|seasonal|small|pallet,6830,2000,False,False,greedy_gate,1.9998697098344564e-07,
k1_off_lpt,mixed_20260816_131535__mixed_realistic_bell_ltrand0-5,store,store,uni_map_norsl,map,non-conveyable|seasonal|singleton|singleton,6667,1500,False,False,greedy_gate,2.00001522898674e-07,
k1_off_lpt,mixed_20260816_131535__mixed_realistic_bell_ltrand0-5,store,store,uni_map_norsl,map,non-conveyable|electronic|medium|pallet,3896,1000,False,True,greedy_gate,1.00000761449337e-07,
k1_off_lpt,mixed_20260816_131535__mixed_realistic_bell_ltrand0-5,store,store,uni_map_norsl,map,non-conveyable|seasonal|medium|pallet,15113,1000,False,False,greedy_gate,2.00001522898674e-07,
k1_off_lpt,mixed_20260816_131535__mixed_realistic_bell_ltrand0-5,store,store,uni_map_norsl,map,conveyable|furniture|extra_large|pallet,1648,500,False,True,greedy_gate,3.00002284348011e-07,
k1_off_lpt,mixed_20260816_131535__mixed_realistic_bell_ltrand0-5,store,store,uni_map_norsl,map,non-conveyable|chemical|small|pallet,705,1705,True,True,lap,0.38331790000665933,
k1_off_lpt,mixed_20260816_131535__mixed_realistic_bell_ltrand0-5,store,store,uni_map_norsl,map,non-conveyable|clothing|medium|pallet,14249,1000,False,False,greedy_gate,3.00002284348011e-07,
k1_off_lpt,mixed_20260816_131535__mixed_realistic_bell_ltrand0-5,store,store,uni_map_norsl,map,non-conveyable|food|singleton|singleton,4716,1500,False,False,greedy_gate,2.00001522898674e-07,
k1_off_lpt,mixed_20260816_131535__mixed_realistic_bell_ltrand0-5,store,store,uni_map_norsl,map,non-conveyable|clothing|singleton|singleton,512,1262,True,True,lap,0.12647770000330638,
k1_off_lpt,mixed_20260816_131535__mixed_realistic_bell_ltrand0-5,store,store,uni_map_norsl,map,non-conveyable|furniture|extra_large|pallet,6518,500,False,True,greedy_gate,4.00003045797348e-07,
k1_off_lpt,mixed_20260816_131535__mixed_realistic_bell_ltrand0-5,store,store,uni_map_norsl,map,conveyable|furniture|large|pallet,6414,650,False,False,greedy_gate,1.00000761449337e-07,
k1_off_lpt,mixed_20260816_131535__mixed_realistic_bell_ltrand0-5,store,store,uni_map_norsl,map,non-conveyable|seasonal|extra_large|pallet,7095,500,False,True,greedy_gate,1.00000761449337e-07,
k1_off_lpt,mixed_20260816_131535__mixed_realistic_bell_ltrand0-5,store,store,uni_map_norsl,map,non-conveyable|electronic|small|pallet,10505,2000,False,False,greedy_gate,3.00002284348011e-07,
k1_off_lpt,mixed_20260816_131535__mixed_realistic_bell_ltrand0-5,store,store,uni_map_norsl,map,conveyable|furniture|medium|pallet,206,612,True,True,lap,0.011561599996639416,
k1_off_lpt,mixed_20260816_131535__mixed_realistic_bell_ltrand0-5,store,store,uni_map_norsl,map,conveyable|clothing|large|pallet,7302,650,False,False,greedy_gate,3.00002284348011e-07,
k1_off_lpt,mixed_20260816_131535__mixed_realistic_bell_ltrand0-5,store,store,uni_map_norsl,map,non-conveyable|furniture|medium|pallet,729,1000,True,True,lap,0.2367952999920817,
k1_off_lpt,mixed_20260816_131535__mixed_realistic_bell_ltrand0-5,store,store,uni_map_norsl,map,non-conveyable|electronic|large|pallet,8619,650,False,False,greedy_gate,3.00002284348011e-07,
k1_off_lpt,mixed_20260816_131535__mixed_realistic_bell_ltrand0-5,store,store,uni_map_norsl,map,conveyable|chemical|large|pallet,30887,1950,False,False,greedy_gate,2.00001522898674e-07,
k1_off_lpt,mixed_20260816_131535__mixed_realistic_bell_ltrand0-5,store,store,uni_map_norsl,map,non-conveyable|chemical|large|pallet,46514,2600,False,False,greedy_gate,2.00001522898674e-07,
k1_off_lpt,mixed_20260816_131535__mixed_realistic_bell_ltrand0-5,store,store,uni_map_norsl,map,conveyable|electronic|extra_large|pallet,1695,500,False,True,greedy_gate,2.00001522898674e-07,
k1_off_lpt,mixed_20260816_131535__mixed_realistic_bell_ltrand0-5,store,store,uni_map_norsl,map,conveyable|seasonal|extra_large|pallet,11248,500,False,False,greedy_gate,2.00001522898674e-07,
k1_off_lpt,mixed_20260816_131535__mixed_realistic_bell_ltrand0-5,store,store,uni_map_norsl,map,conveyable|chemical|singleton|singleton,489,1239,True,True,lap,0.1188753999886103,
k1_off_lpt,mixed_20260816_131535__mixed_realistic_bell_ltrand0-5,store,store,uni_map_norsl,map,non-conveyable|clothing|small|pallet,524,1448,True,True,lap,0.16259789999458008,
k1_off_lpt,mixed_20260816_131535__mixed_realistic_bell_ltrand0-5,store,store,uni_map_norsl,map,non-conveyable|chemical|singleton|singleton,805,1500,True,True,lap,0.37814410000282805,
k1_off_lpt,mixed_20260816_131535__mixed_realistic_bell_ltrand0-5,store,store,uni_map_norsl,map,conveyable|chemical|small|pallet,397,1191,True,True,lap,0.08265550000942312,
k1_off_lpt,mixed_20260816_131535__mixed_realistic_bell_ltrand0-5,store,store,uni_map_norsl,map,non-conveyable|electronic|extra_large|pallet,61,183,True,True,lap,0.0006601000059163198,
k1_off_lpt,mixed_20260816_131535__mixed_realistic_bell_ltrand0-5,store,store,uni_map_norsl,map,non-conveyable|clothing|large|pallet,233,583,True,True,lap,0.011825399997178465,
k1_off_lpt,mixed_20260816_131535__mixed_realistic_bell_ltrand0-5,store,store,uni_map_rank_norsl,map_rank,fulfillment|fulfillment|ff_medium|fulfillment,1558546,74700,False,False,greedy_gate,3.9998849388211966e-07,
k1_off_lpt,mixed_20260816_131535__mixed_realistic_bell_ltrand0-5,store,store,uni_map_rank_norsl,map_rank,conveyable|clothing|medium|pallet,459066,25000,False,False,greedy_gate,5.00003807246685e-07,
k1_off_lpt,mixed_20260816_131535__mixed_realistic_bell_ltrand0-5,store,store,uni_map_rank_norsl,map_rank,conveyable|clothing|singleton|singleton,16047,1500,False,False,greedy_gate,5.00003807246685e-07,
k1_off_lpt,mixed_20260816_131535__mixed_realistic_bell_ltrand0-5,store,store,uni_map_rank_norsl,map_rank,conveyable|electronic|medium|pallet,48391,3000,False,False,greedy_gate,7.00005330145359e-07,
k1_off_lpt,mixed_20260816_131535__mixed_realistic_bell_ltrand0-5,store,store,uni_map_rank_norsl,map_rank,conveyable|seasonal|medium|pallet,23648,1000,False,False,greedy_gate,4.00003045797348e-07,
k1_off_lpt,mixed_20260816_131535__mixed_realistic_bell_ltrand0-5,store,store,uni_map_rank_norsl,map_rank,fulfillment|fulfillment|ff_large|fulfillment,679203,49800,False,False,greedy_gate,7.00005330145359e-07,
k1_off_lpt,mixed_20260816_131535__mixed_realistic_bell_ltrand0-5,store,store,uni_map_rank_norsl,map_rank,fulfillment|fulfillment|ff_small|fulfillment,216173,124200,False,False,greedy_gate,5.00003807246685e-07,
k1_off_lpt,mixed_20260816_131535__mixed_realistic_bell_ltrand0-5,store,store,uni_map_rank_norsl,map_rank,non-conveyable|chemical|medium|pallet,278040,15000,False,False,greedy_gate,3.9998849388211966e-07,
k1_off_lpt,mixed_20260816_131535__mixed_realistic_bell_ltrand0-5,store,store,uni_map_rank_norsl,map_rank,non-conveyable|furniture|large|pallet,26467,1300,False,False,greedy_gate,4.00003045797348e-07,
k1_off_lpt,mixed_20260816_131535__mixed_realistic_bell_ltrand0-5,store,store,uni_map_rank_norsl,map_rank,conveyable|food|medium|pallet,519600,19000,False,False,greedy_gate,3.00002284348011e-07,
k1_off_lpt,mixed_20260816_131535__mixed_realistic_bell_ltrand0-5,store,store,uni_map_rank_norsl,map_rank,conveyable|food|singleton|singleton,48068,1500,False,False,greedy_gate,4.999892553314567e-07,
k1_off_lpt,mixed_20260816_131535__mixed_realistic_bell_ltrand0-5,store,store,uni_map_rank_norsl,map_rank,conveyable|chemical|medium|pallet,187472,10000,False,False,greedy_gate,5.00003807246685e-07,
k1_off_lpt,mixed_20260816_131535__mixed_realistic_bell_ltrand0-5,store,store,uni_map_rank_norsl,map_rank,conveyable|food|small|pallet,436699,2000,False,False,greedy_gate,4.999892553314567e-07,
k1_off_lpt,mixed_20260816_131535__mixed_realistic_bell_ltrand0-5,store,store,uni_map_rank_norsl,map_rank,non-conveyable|seasonal|large|pallet,35111,1950,False,False,greedy_gate,4.999892553314567e-07,
k1_off_lpt,mixed_20260816_131535__mixed_realistic_bell_ltrand0-5,store,store,uni_map_rank_norsl,map_rank,conveyable|clothing|small|pallet,22691,2000,False,False,greedy_gate,2.00001522898674e-07,
k1_off_lpt,mixed_20260816_131535__mixed_realistic_bell_ltrand0-5,store,store,uni_map_rank_norsl,map_rank,conveyable|electronic|small|pallet,136401,2000,False,False,greedy_gate,5.00003807246685e-07,
k1_off_lpt,mixed_20260816_131535__mixed_realistic_bell_ltrand0-5,store,store,uni_map_rank_norsl,map_rank,conveyable|electronic|singleton|singleton,46527,1500,False,False,greedy_gate,4.00003045797348e-07,
k1_off_lpt,mixed_20260816_131535__mixed_realistic_bell_ltrand0-5,store,store,uni_map_rank_norsl,map_rank,conveyable|seasonal|small|pallet,10345,2000,False,False,greedy_gate,4.00003045797348e-07,
k1_off_lpt,mixed_20260816_131535__mixed_realistic_bell_ltrand0-5,store,store,uni_map_rank_norsl,map_rank,conveyable|seasonal|singleton|singleton,10032,1500,False,False,greedy_gate,1.9998697098344564e-07,
k1_off_lpt,mixed_20260816_131535__mixed_realistic_bell_ltrand0-5,store,store,uni_map_rank_norsl,map_rank,conveyable|electronic|large|pallet,117322,6500,False,False,greedy_gate,2.00001522898674e-07,
k1_off_lpt,mixed_20260816_131535__mixed_realistic_bell_ltrand0-5,store,store,uni_map_rank_norsl,map_rank,non-conveyable|food|medium|pallet,51438,3000,False,False,greedy_gate,4.00003045797348e-07,
k1_off_lpt,mixed_20260816_131535__mixed_realistic_bell_ltrand0-5,store,store,uni_map_rank_norsl,map_rank,non-conveyable|food|small|pallet,42966,2000,False,False,greedy_gate,2.00001522898674e-07,
k1_off_lpt,mixed_20260816_131535__mixed_realistic_bell_ltrand0-5,store,store,uni_map_rank_norsl,map_rank,non-conveyable|electronic|singleton|singleton,3426,1500,False,False,greedy_gate,3.00002284348011e-07,
k1_off_lpt,mixed_20260816_131535__mixed_realistic_bell_ltrand0-5,store,store,uni_map_rank_norsl,map_rank,conveyable|seasonal|large|pallet,51738,2600,False,False,greedy_gate,1.00000761449337e-07,
k1_off_lpt,mixed_20260816_131535__mixed_realistic_bell_ltrand0-5,store,store,uni_map_rank_norsl,map_rank,non-conveyable|seasonal|small|pallet,6830,2000,False,False,greedy_gate,1.9998697098344564e-07,
k1_off_lpt,mixed_20260816_131535__mixed_realistic_bell_ltrand0-5,store,store,uni_map_rank_norsl,map_rank,non-conveyable|seasonal|singleton|singleton,6667,1500,False,False,greedy_gate,1.9998697098344564e-07,
k1_off_lpt,mixed_20260816_131535__mixed_realistic_bell_ltrand0-5,store,store,uni_map_rank_norsl,map_rank,non-conveyable|electronic|medium|pallet,3896,1000,False,True,greedy_gate,2.00001522898674e-07,
k1_off_lpt,mixed_20260816_131535__mixed_realistic_bell_ltrand0-5,store,store,uni_map_rank_norsl,map_rank,non-conveyable|seasonal|medium|pallet,15113,1000,False,False,greedy_gate,2.00001522898674e-07,
k1_off_lpt,mixed_20260816_131535__mixed_realistic_bell_ltrand0-5,store,store,uni_map_rank_norsl,map_rank,conveyable|furniture|extra_large|pallet,1648,500,False,True,greedy_gate,2.00001522898674e-07,
k1_off_lpt,mixed_20260816_131535__mixed_realistic_bell_ltrand0-5,store,store,uni_map_rank_norsl,map_rank,non-conveyable|chemical|small|pallet,705,1705,True,True,lap,0.38298460000078194,
k1_off_lpt,mixed_20260816_131535__mixed_realistic_bell_ltrand0-5,store,store,uni_map_rank_norsl,map_rank,non-conveyable|clothing|medium|pallet,14249,1000,False,False,greedy_gate,3.00002284348011e-07,
k1_off_lpt,mixed_20260816_131535__mixed_realistic_bell_ltrand0-5,store,store,uni_map_rank_norsl,map_rank,non-conveyable|food|singleton|singleton,4716,1500,False,False,greedy_gate,2.00001522898674e-07,
k1_off_lpt,mixed_20260816_131535__mixed_realistic_bell_ltrand0-5,store,store,uni_map_rank_norsl,map_rank,non-conveyable|clothing|singleton|singleton,512,1262,True,True,lap,0.11754279999877326,
k1_off_lpt,mixed_20260816_131535__mixed_realistic_bell_ltrand0-5,store,store,uni_map_rank_norsl,map_rank,non-conveyable|furniture|extra_large|pallet,6518,500,False,True,greedy_gate,2.00001522898674e-07,
k1_off_lpt,mixed_20260816_131535__mixed_realistic_bell_ltrand0-5,store,store,uni_map_rank_norsl,map_rank,conveyable|furniture|large|pallet,6414,650,False,False,greedy_gate,2.00001522898674e-07,
k1_off_lpt,mixed_20260816_131535__mixed_realistic_bell_ltrand0-5,store,store,uni_map_rank_norsl,map_rank,non-conveyable|seasonal|extra_large|pallet,7095,500,False,True,greedy_gate,1.00000761449337e-07,
k1_off_lpt,mixed_20260816_131535__mixed_realistic_bell_ltrand0-5,store,store,uni_map_rank_norsl,map_rank,non-conveyable|electronic|small|pallet,10505,2000,False,False,greedy_gate,1.00000761449337e-07,
k1_off_lpt,mixed_20260816_131535__mixed_realistic_bell_ltrand0-5,store,store,uni_map_rank_norsl,map_rank,conveyable|furniture|medium|pallet,206,612,True,True,lap,0.01148990000365302,
k1_off_lpt,mixed_20260816_131535__mixed_realistic_bell_ltrand0-5,store,store,uni_map_rank_norsl,map_rank,conveyable|clothing|large|pallet,7302,650,False,False,greedy_gate,3.00002284348011e-07,
k1_off_lpt,mixed_20260816_131535__mixed_realistic_bell_ltrand0-5,store,store,uni_map_rank_norsl,map_rank,non-conveyable|furniture|medium|pallet,729,1000,True,True,lap,0.24326540000038221,
k1_off_lpt,mixed_20260816_131535__mixed_realistic_bell_ltrand0-5,store,store,uni_map_rank_norsl,map_rank,non-conveyable|electronic|large|pallet,8619,650,False,False,greedy_gate,4.999892553314567e-07,
k1_off_lpt,mixed_20260816_131535__mixed_realistic_bell_ltrand0-5,store,store,uni_map_rank_norsl,map_rank,conveyable|chemical|large|pallet,30887,1950,False,False,greedy_gate,2.9998773243278265e-07,
k1_off_lpt,mixed_20260816_131535__mixed_realistic_bell_ltrand0-5,store,store,uni_map_rank_norsl,map_rank,non-conveyable|chemical|large|pallet,46514,2600,False,False,greedy_gate,2.00001522898674e-07,
k1_off_lpt,mixed_20260816_131535__mixed_realistic_bell_ltrand0-5,store,store,uni_map_rank_norsl,map_rank,conveyable|electronic|extra_large|pallet,1695,500,False,True,greedy_gate,3.00002284348011e-07,
k1_off_lpt,mixed_20260816_131535__mixed_realistic_bell_ltrand0-5,store,store,uni_map_rank_norsl,map_rank,conveyable|seasonal|extra_large|pallet,11248,500,False,False,greedy_gate,9.998620953410864e-08,
k1_off_lpt,mixed_20260816_131535__mixed_realistic_bell_ltrand0-5,store,store,uni_map_rank_norsl,map_rank,conveyable|chemical|singleton|singleton,489,1239,True,True,lap,0.11761349999869708,
k1_off_lpt,mixed_20260816_131535__mixed_realistic_bell_ltrand0-5,store,store,uni_map_rank_norsl,map_rank,non-conveyable|clothing|small|pallet,524,1448,True,True,lap,0.17700379999587312,
k1_off_lpt,mixed_20260816_131535__mixed_realistic_bell_ltrand0-5,store,store,uni_map_rank_norsl,map_rank,non-conveyable|chemical|singleton|singleton,805,1500,True,True,lap,0.3707016999978805,
k1_off_lpt,mixed_20260816_131535__mixed_realistic_bell_ltrand0-5,store,store,uni_map_rank_norsl,map_rank,conveyable|chemical|small|pallet,397,1191,True,True,lap,0.08657289999246132,
k1_off_lpt,mixed_20260816_131535__mixed_realistic_bell_ltrand0-5,store,store,uni_map_rank_norsl,map_rank,non-conveyable|electronic|extra_large|pallet,61,183,True,True,lap,0.0006620999920414761,
k1_off_lpt,mixed_20260816_131535__mixed_realistic_bell_ltrand0-5,store,store,uni_map_rank_norsl,map_rank,non-conveyable|clothing|large|pallet,233,583,True,True,lap,0.012331599995377474,
