{
  "name": "inventory",
  "timestamp": "20260529_080444",
  "seed": 45,
  "num_skus": 76500,
  "handling_splits": [
    0.5,
    0.5
  ],
  "category_splits": [
    0.16666666666666669,
    0.16666666666666669,
    0.16666666666666669,
    0.16666666666666669,
    0.16666666666666669,
    0.16666666666666669
  ],
  "handling_labels": [
    "conveyable",
    "non-conveyable"
  ],
  "category_labels": [
    "food",
    "clothing",
    "electronic",
    "furniture",
    "seasonal",
    "chemical"
  ],
  "singleton_fraction": 0.5,
  "dim_spec": {
    "dist": "triangular",
    "low": 24,
    "high": 48,
    "mode": 44
  },
  "weight_spec": {
    "dist": "poisson_fixed",
    "lam": 3.0
  },
  "carton_min_dim": 3,
  "carton_max_dim": 48,
  "singleton_max_dim": 16
}