{
  "total_skus": 76500,
  "groups": {
    "conveyable/chemical": {
      "count": 6380,
      "fraction": 0.08339869281045752
    },
    "conveyable/clothing": {
      "count": 6387,
      "fraction": 0.08349019607843138
    },
    "conveyable/electronic": {
      "count": 6314,
      "fraction": 0.0825359477124183
    },
    "conveyable/food": {
      "count": 6357,
      "fraction": 0.08309803921568627
    },
    "conveyable/furniture": {
      "count": 6436,
      "fraction": 0.08413071895424837
    },
    "conveyable/seasonal": {
      "count": 6353,
      "fraction": 0.08304575163398693
    },
    "non-conveyable/chemical": {
      "count": 6374,
      "fraction": 0.0833202614379085
    },
    "non-conveyable/clothing": {
      "count": 6329,
      "fraction": 0.08273202614379085
    },
    "non-conveyable/electronic": {
      "count": 6300,
      "fraction": 0.08235294117647059
    },
    "non-conveyable/food": {
      "count": 6291,
      "fraction": 0.08223529411764706
    },
    "non-conveyable/furniture": {
      "count": 6583,
      "fraction": 0.08605228758169935
    },
    "non-conveyable/seasonal": {
      "count": 6396,
      "fraction": 0.0836078431372549
    }
  },
  "handling_counts": {
    "non-conveyable": 38273,
    "conveyable": 38227
  },
  "category_counts": {
    "furniture": 13019,
    "chemical": 12754,
    "seasonal": 12749,
    "clothing": 12716,
    "food": 12648,
    "electronic": 12614
  },
  "singleton_count": 38227,
  "singleton_fraction": 0.4996993464052288,
  "dimensions": {
    "length": {
      "min": 16.0,
      "max": 48.0,
      "mean": 27.356392156862746,
      "median": 24.0,
      "std": 11.941123492245863,
      "p25": 16.0,
      "p75": 40.0,
      "p95": 45.0
    },
    "width": {
      "min": 16.0,
      "max": 48.0,
      "mean": 27.315934640522876,
      "median": 25.0,
      "std": 11.905743614399723,
      "p25": 16.0,
      "p75": 39.0,
      "p95": 45.0
    },
    "height": {
      "min": 16.0,
      "max": 48.0,
      "mean": 27.352954248366014,
      "median": 25.0,
      "std": 11.937869329092337,
      "p25": 16.0,
      "p75": 40.0,
      "p95": 45.0
    },
    "volume": {
      "min": 4096.0,
      "max": 101614.0,
      "mean": 30972.45848366013,
      "median": 22568.0,
      "std": 28555.347904667342,
      "p25": 4096.0,
      "p75": 57330.0,
      "p95": 76375.40000000043
    }
  },
  "weight": {
    "min": 1.0,
    "max": 12.0,
    "mean": 3.049124183006536,
    "median": 3.0,
    "std": 1.6560056426719802,
    "p25": 2.0,
    "p75": 4.0,
    "p95": 6.0
  },
  "demand": {
    "frequency": {
      "min": 1.8558874974816675e-05,
      "max": 0.9999973687915302,
      "mean": 0.5010458542972782,
      "median": 0.5014743200341719,
      "std": 0.289062968798868,
      "p25": 0.2508313019256746,
      "p75": 0.7519074615957719,
      "p95": 0.9510512224371649
    },
    "quantity_rate": {
      "min": 0.5000604678808994,
      "max": 19.999497045956357,
      "mean": 10.231862104116468,
      "median": 10.237549355489062,
      "std": 5.624531962884246,
      "p25": 5.3572527712449505,
      "p75": 15.108656138852819,
      "p95": 19.00125120338989
    }
  }
}