{
  "total_unique_pairs": 243847028,
  "total_db_rows": 487694056,
  "estimated_db_mb": 13022.83627319336,
  "lift_sample_size": 5000000,
  "lift_stats": {
    "min": 1.5000020265579224,
    "max": 5.0,
    "mean": 3.249785900115967,
    "median": 3.2499589920043945,
    "std": 1.010177731513977,
    "p25": 2.374566078186035,
    "p75": 4.125072956085205,
    "p95": 4.824879169464111
  },
  "groups": {
    "conveyable/chemical": {
      "eligible_skus": 6466,
      "unique_pairs": 20901345,
      "db_rows": 41802690,
      "lift_mean": 3.249666929244995,
      "lift_std": 1.0103018283843994,
      "lift_min": 1.5000001192092896,
      "lift_max": 5.0,
      "lift_median": 3.2493929862976074
    },
    "conveyable/clothing": {
      "eligible_skus": 6242,
      "unique_pairs": 19478161,
      "db_rows": 38956322,
      "lift_mean": 3.2498536109924316,
      "lift_std": 1.0102397203445435,
      "lift_min": 1.500000238418579,
      "lift_max": 5.0,
      "lift_median": 3.250037670135498
    },
    "conveyable/electronic": {
      "eligible_skus": 6231,
      "unique_pairs": 19409565,
      "db_rows": 38819130,
      "lift_mean": 3.2502353191375732,
      "lift_std": 1.0104002952575684,
      "lift_min": 1.500000238418579,
      "lift_max": 5.0,
      "lift_median": 3.250304698944092
    },
    "conveyable/food": {
      "eligible_skus": 6372,
      "unique_pairs": 20298006,
      "db_rows": 40596012,
      "lift_mean": 3.249783754348755,
      "lift_std": 1.010459542274475,
      "lift_min": 1.5000001192092896,
      "lift_max": 5.0,
      "lift_median": 3.2497854232788086
    },
    "conveyable/furniture": {
      "eligible_skus": 6426,
      "unique_pairs": 20643525,
      "db_rows": 41287050,
      "lift_mean": 3.2496824264526367,
      "lift_std": 1.0103472471237183,
      "lift_min": 1.5000001192092896,
      "lift_max": 5.0,
      "lift_median": 3.2498433589935303
    },
    "conveyable/seasonal": {
      "eligible_skus": 6388,
      "unique_pairs": 20400078,
      "db_rows": 40800156,
      "lift_mean": 3.249979019165039,
      "lift_std": 1.010306715965271,
      "lift_min": 1.5000005960464478,
      "lift_max": 5.0,
      "lift_median": 3.2498645782470703
    },
    "non-conveyable/chemical": {
      "eligible_skus": 6363,
      "unique_pairs": 20240703,
      "db_rows": 40481406,
      "lift_mean": 3.2496063709259033,
      "lift_std": 1.0105000734329224,
      "lift_min": 1.5000005960464478,
      "lift_max": 5.0,
      "lift_median": 3.249389171600342
    },
    "non-conveyable/clothing": {
      "eligible_skus": 6396,
      "unique_pairs": 20451210,
      "db_rows": 40902420,
      "lift_mean": 3.249758243560791,
      "lift_std": 1.0102494955062866,
      "lift_min": 1.5000001192092896,
      "lift_max": 5.0,
      "lift_median": 3.2495083808898926
    },
    "non-conveyable/electronic": {
      "eligible_skus": 6338,
      "unique_pairs": 20081953,
      "db_rows": 40163906,
      "lift_mean": 3.250183343887329,
      "lift_std": 1.0103602409362793,
      "lift_min": 1.5,
      "lift_max": 5.0,
      "lift_median": 3.2502331733703613
    },
    "non-conveyable/food": {
      "eligible_skus": 6489,
      "unique_pairs": 21050316,
      "db_rows": 42100632,
      "lift_mean": 3.249812602996826,
      "lift_std": 1.0102852582931519,
      "lift_min": 1.5000001192092896,
      "lift_max": 5.0,
      "lift_median": 3.249918222427368
    },
    "non-conveyable/furniture": {
      "eligible_skus": 6489,
      "unique_pairs": 21050316,
      "db_rows": 42100632,
      "lift_mean": 3.2496249675750732,
      "lift_std": 1.0103932619094849,
      "lift_min": 1.5000003576278687,
      "lift_max": 5.0,
      "lift_median": 3.2494146823883057
    },
    "non-conveyable/seasonal": {
      "eligible_skus": 6300,
      "unique_pairs": 19841850,
      "db_rows": 39683700,
      "lift_mean": 3.250211000442505,
      "lift_std": 1.01042640209198,
      "lift_min": 1.5000003576278687,
      "lift_max": 5.0,
      "lift_median": 3.250352144241333
    }
  },
  "source_inventory_db": "c:\\Users\\myfir\\Code and Repos\\Inventory_Location_Optimizer\\Warehouse\\generated\\batches\\batch_20260529_055508\\small_dense\\inventory\\inventory.db"
}