{
  "total_skus": 76500,
  "groups": {
    "conveyable/chemical": {
      "count": 6284,
      "fraction": 0.0821437908496732
    },
    "conveyable/clothing": {
      "count": 6352,
      "fraction": 0.08303267973856208
    },
    "conveyable/electronic": {
      "count": 6372,
      "fraction": 0.08329411764705882
    },
    "conveyable/food": {
      "count": 6381,
      "fraction": 0.08341176470588235
    },
    "conveyable/furniture": {
      "count": 6333,
      "fraction": 0.0827843137254902
    },
    "conveyable/seasonal": {
      "count": 6328,
      "fraction": 0.08271895424836602
    },
    "non-conveyable/chemical": {
      "count": 6406,
      "fraction": 0.08373856209150327
    },
    "non-conveyable/clothing": {
      "count": 6376,
      "fraction": 0.08334640522875816
    },
    "non-conveyable/electronic": {
      "count": 6458,
      "fraction": 0.08441830065359478
    },
    "non-conveyable/food": {
      "count": 6440,
      "fraction": 0.08418300653594771
    },
    "non-conveyable/furniture": {
      "count": 6335,
      "fraction": 0.08281045751633986
    },
    "non-conveyable/seasonal": {
      "count": 6435,
      "fraction": 0.08411764705882353
    }
  },
  "handling_counts": {
    "non-conveyable": 38450,
    "conveyable": 38050
  },
  "category_counts": {
    "electronic": 12830,
    "food": 12821,
    "seasonal": 12763,
    "clothing": 12728,
    "chemical": 12690,
    "furniture": 12668
  },
  "singleton_count": 43239,
  "singleton_fraction": 0.5652156862745098,
  "dimensions": {
    "length": {
      "min": 3.0,
      "max": 48.0,
      "mean": 18.133908496732026,
      "median": 14.0,
      "std": 12.493353174086517,
      "p25": 9.0,
      "p75": 16.0,
      "p95": 43.0
    },
    "width": {
      "min": 3.0,
      "max": 48.0,
      "mean": 18.137686274509804,
      "median": 16.0,
      "std": 12.45703514290501,
      "p25": 9.0,
      "p75": 16.0,
      "p95": 43.0
    },
    "height": {
      "min": 3.0,
      "max": 48.0,
      "mean": 18.199660130718954,
      "median": 16.0,
      "std": 12.5163647390804,
      "p25": 9.0,
      "p75": 26.0,
      "p95": 43.0
    },
    "volume": {
      "min": 60.0,
      "max": 99405.0,
      "mean": 7790.302758169934,
      "median": 2560.0,
      "std": 14265.43566515949,
      "p25": 1344.0,
      "p75": 5772.0,
      "p95": 47520.0
    }
  },
  "weight": {
    "min": 1.0,
    "max": 72.0,
    "mean": 20.37372549019608,
    "median": 6.0,
    "std": 20.575205119666563,
    "p25": 3.0,
    "p75": 43.0,
    "p95": 53.0
  },
  "demand": {
    "frequency": {
      "min": 4.578966894541736e-06,
      "max": 0.9999823871527723,
      "mean": 0.4981759167933988,
      "median": 0.4971043540494782,
      "std": 0.28878259438769693,
      "p25": 0.24721917335354648,
      "p75": 0.7488456194675994,
      "p95": 0.9500385059612927
    },
    "quantity_rate": {
      "min": 0.5008625571820141,
      "max": 19.999978564833384,
      "mean": 10.240978437117732,
      "median": 10.24656529742793,
      "std": 5.633749640083076,
      "p25": 5.363752995617643,
      "p75": 15.109230365737702,
      "p95": 19.023290159335644
    }
  }
}