{
  "total_unique_pairs": 1527534,
  "total_db_rows": 3055068,
  "estimated_db_mb": 81.57911682128906,
  "lift_sample_size": 1527534,
  "lift_stats": {
    "min": 1.1937696933746338,
    "max": 4.547492504119873,
    "mean": 1.4602210521697998,
    "median": 1.4287147521972656,
    "std": 0.1470533311367035,
    "p25": 1.361617088317871,
    "p75": 1.5209697484970093,
    "p95": 1.7221320867538452
  },
  "groups": {
    "conveyable/chemical": {
      "eligible_skus": 6380,
      "pairs_stored": 127600,
      "db_rows": 255200,
      "lift_mean": 1.4617886543273926,
      "lift_std": 0.15229307115077972,
      "lift_min": 1.2009336948394775,
      "lift_max": 4.377791881561279,
      "lift_median": 1.4293838739395142
    },
    "conveyable/clothing": {
      "eligible_skus": 6387,
      "pairs_stored": 127740,
      "db_rows": 255480,
      "lift_mean": 1.4617071151733398,
      "lift_std": 0.15245503187179565,
      "lift_min": 1.1937696933746338,
      "lift_max": 4.446861267089844,
      "lift_median": 1.4292945861816406
    },
    "conveyable/electronic": {
      "eligible_skus": 6314,
      "pairs_stored": 126280,
      "db_rows": 252560,
      "lift_mean": 1.462235689163208,
      "lift_std": 0.15264222025871277,
      "lift_min": 1.1979117393493652,
      "lift_max": 4.240768909454346,
      "lift_median": 1.4293475151062012
    },
    "conveyable/food": {
      "eligible_skus": 6357,
      "pairs_stored": 127140,
      "db_rows": 254280,
      "lift_mean": 1.4620130062103271,
      "lift_std": 0.15272632241249084,
      "lift_min": 1.1968753337860107,
      "lift_max": 4.547492504119873,
      "lift_median": 1.4289593696594238
    },
    "conveyable/furniture": {
      "eligible_skus": 6436,
      "pairs_stored": 128720,
      "db_rows": 257440,
      "lift_mean": 1.4604008197784424,
      "lift_std": 0.15310251712799072,
      "lift_min": 1.2040460109710693,
      "lift_max": 4.40951681137085,
      "lift_median": 1.4278959035873413
    },
    "conveyable/seasonal": {
      "eligible_skus": 6353,
      "pairs_stored": 127060,
      "db_rows": 254120,
      "lift_mean": 1.462547779083252,
      "lift_std": 0.15297818183898926,
      "lift_min": 1.1959638595581055,
      "lift_max": 4.3929266929626465,
      "lift_median": 1.4296995401382446
    },
    "non-conveyable/chemical": {
      "eligible_skus": 6374,
      "pairs_stored": 127480,
      "db_rows": 254960,
      "lift_mean": 1.461682677268982,
      "lift_std": 0.15315300226211548,
      "lift_min": 1.2027143239974976,
      "lift_max": 4.472420692443848,
      "lift_median": 1.428889274597168
    },
    "non-conveyable/clothing": {
      "eligible_skus": 6329,
      "pairs_stored": 126580,
      "db_rows": 253160,
      "lift_mean": 1.4621676206588745,
      "lift_std": 0.15317104756832123,
      "lift_min": 1.199080467224121,
      "lift_max": 4.443943500518799,
      "lift_median": 1.4295036792755127
    },
    "non-conveyable/electronic": {
      "eligible_skus": 6300,
      "pairs_stored": 126000,
      "db_rows": 252000,
      "lift_mean": 1.4631046056747437,
      "lift_std": 0.15339598059654236,
      "lift_min": 1.2015143632888794,
      "lift_max": 4.286907196044922,
      "lift_median": 1.4301092624664307
    },
    "non-conveyable/food": {
      "eligible_skus": 6291,
      "pairs_stored": 125820,
      "db_rows": 251640,
      "lift_mean": 1.4625378847122192,
      "lift_std": 0.1532049924135208,
      "lift_min": 1.202741026878357,
      "lift_max": 4.362361907958984,
      "lift_median": 1.4294488430023193
    },
    "non-conveyable/furniture": {
      "eligible_skus": 6583,
      "pairs_stored": 131660,
      "db_rows": 263320,
      "lift_mean": 1.4592796564102173,
      "lift_std": 0.15155909955501556,
      "lift_min": 1.200134515762329,
      "lift_max": 4.4727277755737305,
      "lift_median": 1.4264781475067139
    },
    "non-conveyable/seasonal": {
      "eligible_skus": 6396,
      "pairs_stored": 127920,
      "db_rows": 255840,
      "lift_mean": 1.4613251686096191,
      "lift_std": 0.15263576805591583,
      "lift_min": 1.2027934789657593,
      "lift_max": 4.506661891937256,
      "lift_median": 1.428457498550415
    }
  },
  "source_inventory_db": "c:\\Users\\myfir\\Code and Repos\\Inventory_Location_Optimizer\\Warehouse\\generated\\batches\\batch_20260530_160347\\large_light\\inventory\\inventory.db"
}