{
  "total_unique_pairs": 1527525,
  "total_db_rows": 3055050,
  "estimated_db_mb": 81.5786361694336,
  "lift_sample_size": 1527525,
  "lift_stats": {
    "min": 1.184327483177185,
    "max": 4.566251277923584,
    "mean": 1.4603649377822876,
    "median": 1.4286431074142456,
    "std": 0.14693495631217957,
    "p25": 1.3618195056915283,
    "p75": 1.5213276147842407,
    "p95": 1.7225302457809448
  },
  "groups": {
    "conveyable/chemical": {
      "eligible_skus": 6382,
      "pairs_stored": 127640,
      "db_rows": 255280,
      "lift_mean": 1.4622735977172852,
      "lift_std": 0.15229253470897675,
      "lift_min": 1.1969332695007324,
      "lift_max": 4.504842758178711,
      "lift_median": 1.4291553497314453
    },
    "conveyable/clothing": {
      "eligible_skus": 6209,
      "pairs_stored": 124180,
      "db_rows": 248360,
      "lift_mean": 1.464120864868164,
      "lift_std": 0.15351149439811707,
      "lift_min": 1.2029531002044678,
      "lift_max": 4.408624649047852,
      "lift_median": 1.4308452606201172
    },
    "conveyable/electronic": {
      "eligible_skus": 6424,
      "pairs_stored": 128480,
      "db_rows": 256960,
      "lift_mean": 1.4611469507217407,
      "lift_std": 0.1523081213235855,
      "lift_min": 1.1935839653015137,
      "lift_max": 4.608852386474609,
      "lift_median": 1.4282221794128418
    },
    "conveyable/food": {
      "eligible_skus": 6399,
      "pairs_stored": 127980,
      "db_rows": 255960,
      "lift_mean": 1.4612622261047363,
      "lift_std": 0.15243956446647644,
      "lift_min": 1.199696660041809,
      "lift_max": 4.187597751617432,
      "lift_median": 1.4285554885864258
    },
    "conveyable/furniture": {
      "eligible_skus": 6394,
      "pairs_stored": 127880,
      "db_rows": 255760,
      "lift_mean": 1.4623199701309204,
      "lift_std": 0.15304526686668396,
      "lift_min": 1.1967084407806396,
      "lift_max": 4.424825191497803,
      "lift_median": 1.4292676448822021
    },
    "conveyable/seasonal": {
      "eligible_skus": 6484,
      "pairs_stored": 129680,
      "db_rows": 259360,
      "lift_mean": 1.4606239795684814,
      "lift_std": 0.15258103609085083,
      "lift_min": 1.2130050659179688,
      "lift_max": 4.566251277923584,
      "lift_median": 1.4276200532913208
    },
    "non-conveyable/chemical": {
      "eligible_skus": 6467,
      "pairs_stored": 129340,
      "db_rows": 258680,
      "lift_mean": 1.4605768918991089,
      "lift_std": 0.1524381935596466,
      "lift_min": 1.2030937671661377,
      "lift_max": 4.300036907196045,
      "lift_median": 1.4271926879882812
    },
    "non-conveyable/clothing": {
      "eligible_skus": 6501,
      "pairs_stored": 130020,
      "db_rows": 260040,
      "lift_mean": 1.4607511758804321,
      "lift_std": 0.15212485194206238,
      "lift_min": 1.184327483177185,
      "lift_max": 4.545920372009277,
      "lift_median": 1.427739143371582
    },
    "non-conveyable/electronic": {
      "eligible_skus": 6317,
      "pairs_stored": 126340,
      "db_rows": 252680,
      "lift_mean": 1.4628417491912842,
      "lift_std": 0.153343066573143,
      "lift_min": 1.2081248760223389,
      "lift_max": 4.317816734313965,
      "lift_median": 1.4302340745925903
    },
    "non-conveyable/food": {
      "eligible_skus": 6207,
      "pairs_stored": 124140,
      "db_rows": 248280,
      "lift_mean": 1.4640127420425415,
      "lift_std": 0.15311887860298157,
      "lift_min": 1.2038055658340454,
      "lift_max": 4.456345558166504,
      "lift_median": 1.4307820796966553
    },
    "non-conveyable/furniture": {
      "eligible_skus": 6336,
      "pairs_stored": 126720,
      "db_rows": 253440,
      "lift_mean": 1.462120771408081,
      "lift_std": 0.15315428376197815,
      "lift_min": 1.2078062295913696,
      "lift_max": 4.505742073059082,
      "lift_median": 1.429260492324829
    },
    "non-conveyable/seasonal": {
      "eligible_skus": 6380,
      "pairs_stored": 127600,
      "db_rows": 255200,
      "lift_mean": 1.4605838060379028,
      "lift_std": 0.1519504189491272,
      "lift_min": 1.1988792419433594,
      "lift_max": 4.515218734741211,
      "lift_median": 1.427738904953003
    }
  },
  "source_inventory_db": "c:\\Users\\myfir\\Code and Repos\\Inventory_Location_Optimizer\\Warehouse\\generated\\batches\\batch_20260530_160347\\default\\inventory\\inventory.db"
}