{
  "total_unique_pairs": 243820552,
  "total_db_rows": 487641104,
  "estimated_db_mb": 13021.422302246094,
  "lift_sample_size": 5000000,
  "lift_stats": {
    "min": 1.5000001192092896,
    "max": 5.0,
    "mean": 3.250042200088501,
    "median": 3.2495570182800293,
    "std": 1.010330319404602,
    "p25": 2.3749876022338867,
    "p75": 4.124669075012207,
    "p95": 4.825796604156494
  },
  "groups": {
    "conveyable/chemical": {
      "eligible_skus": 6284,
      "unique_pairs": 19741186,
      "db_rows": 39482372,
      "lift_mean": 3.250041961669922,
      "lift_std": 1.0103330612182617,
      "lift_min": 1.5,
      "lift_max": 5.0,
      "lift_median": 3.2501473426818848
    },
    "conveyable/clothing": {
      "eligible_skus": 6352,
      "unique_pairs": 20170776,
      "db_rows": 40341552,
      "lift_mean": 3.2504470348358154,
      "lift_std": 1.0104151964187622,
      "lift_min": 1.500000238418579,
      "lift_max": 5.0,
      "lift_median": 3.250781297683716
    },
    "conveyable/electronic": {
      "eligible_skus": 6372,
      "unique_pairs": 20298006,
      "db_rows": 40596012,
      "lift_mean": 3.250323534011841,
      "lift_std": 1.0101814270019531,
      "lift_min": 1.5000001192092896,
      "lift_max": 5.0,
      "lift_median": 3.250541925430298
    },
    "conveyable/food": {
      "eligible_skus": 6381,
      "unique_pairs": 20355390,
      "db_rows": 40710780,
      "lift_mean": 3.250030279159546,
      "lift_std": 1.010333776473999,
      "lift_min": 1.5000001192092896,
      "lift_max": 5.0,
      "lift_median": 3.249685049057007
    },
    "conveyable/furniture": {
      "eligible_skus": 6333,
      "unique_pairs": 20050278,
      "db_rows": 40100556,
      "lift_mean": 3.2495999336242676,
      "lift_std": 1.0104252099990845,
      "lift_min": 1.500000238418579,
      "lift_max": 5.0,
      "lift_median": 3.2493133544921875
    },
    "conveyable/seasonal": {
      "eligible_skus": 6328,
      "unique_pairs": 20018628,
      "db_rows": 40037256,
      "lift_mean": 3.2503178119659424,
      "lift_std": 1.010494589805603,
      "lift_min": 1.5000001192092896,
      "lift_max": 4.999999523162842,
      "lift_median": 3.2502601146698
    },
    "non-conveyable/chemical": {
      "eligible_skus": 6406,
      "unique_pairs": 20515215,
      "db_rows": 41030430,
      "lift_mean": 3.249661445617676,
      "lift_std": 1.0102468729019165,
      "lift_min": 1.5000001192092896,
      "lift_max": 5.0,
      "lift_median": 3.2498559951782227
    },
    "non-conveyable/clothing": {
      "eligible_skus": 6376,
      "unique_pairs": 20323500,
      "db_rows": 40647000,
      "lift_mean": 3.250164270401001,
      "lift_std": 1.0104093551635742,
      "lift_min": 1.5000001192092896,
      "lift_max": 5.0,
      "lift_median": 3.250357151031494
    },
    "non-conveyable/electronic": {
      "eligible_skus": 6458,
      "unique_pairs": 20849653,
      "db_rows": 41699306,
      "lift_mean": 3.250234603881836,
      "lift_std": 1.0103884935379028,
      "lift_min": 1.5000001192092896,
      "lift_max": 5.0,
      "lift_median": 3.250638723373413
    },
    "non-conveyable/food": {
      "eligible_skus": 6440,
      "unique_pairs": 20733580,
      "db_rows": 41467160,
      "lift_mean": 3.250164031982422,
      "lift_std": 1.0101643800735474,
      "lift_min": 1.5,
      "lift_max": 5.0,
      "lift_median": 3.25012469291687
    },
    "non-conveyable/furniture": {
      "eligible_skus": 6335,
      "unique_pairs": 20062945,
      "db_rows": 40125890,
      "lift_mean": 3.249957799911499,
      "lift_std": 1.0103211402893066,
      "lift_min": 1.5000001192092896,
      "lift_max": 5.0,
      "lift_median": 3.2501134872436523
    },
    "non-conveyable/seasonal": {
      "eligible_skus": 6435,
      "unique_pairs": 20701395,
      "db_rows": 41402790,
      "lift_mean": 3.249757766723633,
      "lift_std": 1.0105550289154053,
      "lift_min": 1.5000003576278687,
      "lift_max": 5.0,
      "lift_median": 3.249668836593628
    }
  },
  "source_inventory_db": "c:\\Users\\myfir\\Code and Repos\\Inventory_Location_Optimizer\\Warehouse\\generated\\batches\\batch_20260529_055508\\bimodal_size_decoupled_weight\\inventory\\inventory.db"
}